<?xml version="1.0" encoding="UTF-8"?>
<kml xmlns="http://www.opengis.net/kml/2.2">
  <Document>
    <name>PEA VOLTA STATIONS</name>
    <description/>
    <Style id="icon-ci-1-labelson">
      <IconStyle>
        <scale>1.1</scale>
        <Icon>
          <href>images/icon-1.png</href>
        </Icon>
      </IconStyle>
    </Style>
    <Style id="icon-ci-2-labelson">
      <IconStyle>
        <scale>1.1</scale>
        <Icon>
          <href>images/icon-2.png</href>
        </Icon>
      </IconStyle>
    </Style>
    <Style id="icon-ci-3-normal">
      <IconStyle>
        <scale>1.1</scale>
        <Icon>
          <href>images/icon-3.png</href>
        </Icon>
      </IconStyle>
      <LabelStyle>
        <scale>0</scale>
      </LabelStyle>
    </Style>
    <Style id="icon-ci-3-highlight">
      <IconStyle>
        <scale>1.1</scale>
        <Icon>
          <href>images/icon-3.png</href>
        </Icon>
      </IconStyle>
      <LabelStyle>
        <scale>1.1</scale>
      </LabelStyle>
    </Style>
    <StyleMap id="icon-ci-3">
      <Pair>
        <key>normal</key>
        <styleUrl>#icon-ci-3-normal</styleUrl>
      </Pair>
      <Pair>
        <key>highlight</key>
        <styleUrl>#icon-ci-3-highlight</styleUrl>
      </Pair>
    </StyleMap>
    <Style id="icon-ci-4-labelson">
      <IconStyle>
        <scale>1.1</scale>
        <Icon>
          <href>images/icon-4.png</href>
        </Icon>
      </IconStyle>
    </Style>
    <Style id="icon-ci-5-labelson">
      <IconStyle>
        <scale>1.1</scale>
        <Icon>
          <href>images/icon-5.png</href>
        </Icon>
      </IconStyle>
    </Style>
    <Style id="icon-ci-6-normal">
      <IconStyle>
        <scale>1.1</scale>
        <Icon>
          <href>images/icon-6.png</href>
        </Icon>
      </IconStyle>
      <LabelStyle>
        <scale>0</scale>
      </LabelStyle>
    </Style>
    <Style id="icon-ci-6-highlight">
      <IconStyle>
        <scale>1.1</scale>
        <Icon>
          <href>images/icon-6.png</href>
        </Icon>
      </IconStyle>
      <LabelStyle>
        <scale>1.1</scale>
      </LabelStyle>
    </Style>
    <StyleMap id="icon-ci-6">
      <Pair>
        <key>normal</key>
        <styleUrl>#icon-ci-6-normal</styleUrl>
      </Pair>
      <Pair>
        <key>highlight</key>
        <styleUrl>#icon-ci-6-highlight</styleUrl>
      </Pair>
    </StyleMap>
    <Folder>
      <name>50 kW (1)</name>
      <Placemark>
        <name>PEA VOLTA นครราชสีมา</name>
        <description><![CDATA[จังหวัด: นครราชสีมา<br>ที่อยู่สถานี: 2 ถ.มุขมนตรี ต.ในเมือง <br>อ.เมือง จ.นครราชสีมา 30000<br>Call Center: 1129 PEA Contact Center<br>เวลาทำการ: 06.00 น. - 20.00 น.<br>ละติจูด: 14.97424412<br>ลองติจูด: 102.0835495]]></description>
        <styleUrl>#icon-ci-1-labelson</styleUrl>
        <ExtendedData>
          <Data name="จังหวัด">
            <value>นครราชสีมา</value>
          </Data>
          <Data name="ที่อยู่สถานี">
            <value>2 ถ.มุขมนตรี ต.ในเมือง 
อ.เมือง จ.นครราชสีมา 30000</value>
          </Data>
          <Data name="Call Center">
            <value>1129 PEA Contact Center</value>
          </Data>
          <Data name="เวลาทำการ">
            <value>06.00 น. - 20.00 น.</value>
          </Data>
          <Data name="ละติจูด">
            <value>14.97424412</value>
          </Data>
          <Data name="ลองติจูด">
            <value>102.0835495</value>
          </Data>
        </ExtendedData>
        <Point>
          <coordinates>
            102.0835495,14.97424412,0
          </coordinates>
        </Point>
      </Placemark>
      <Placemark>
        <name>PEA VOLTA นครชัยศรี</name>
        <description><![CDATA[จังหวัด: นครปฐม<br>ที่อยู่สถานี: 9 หมู่1 ต.ไทยาวาส อ.นครชัยศรี จ.นครปฐม 73121<br>Call Center: 1129 PEA Contact Center<br>เวลาทำการ: 06.00 น. - 20.00น.<br>ละติจูด: 13.80342865<br>ลองติจูด: 100.1887054]]></description>
        <styleUrl>#icon-ci-1-labelson</styleUrl>
        <ExtendedData>
          <Data name="จังหวัด">
            <value>นครปฐม</value>
          </Data>
          <Data name="ที่อยู่สถานี">
            <value>9 หมู่1 ต.ไทยาวาส อ.นครชัยศรี จ.นครปฐม 73121</value>
          </Data>
          <Data name="Call Center">
            <value>1129 PEA Contact Center</value>
          </Data>
          <Data name="เวลาทำการ">
            <value>06.00 น. - 20.00น.</value>
          </Data>
          <Data name="ละติจูด">
            <value>13.80342865</value>
          </Data>
          <Data name="ลองติจูด">
            <value>100.1887054</value>
          </Data>
        </ExtendedData>
        <Point>
          <coordinates>
            100.1887054,13.80342865,0
          </coordinates>
        </Point>
      </Placemark>
      <Placemark>
        <name>PEA VOLTA สำนักงานใหญ่</name>
        <description><![CDATA[จังหวัด: กรุงเทพฯ<br>ที่อยู่สถานี: 200 ถนนงามวงศ์วาน แขวงลาดยาว เขตจตุจักร กทม. 10900<br>Call Center: 1129 PEA Contact Center<br>เวลาทำการ: 06.00 น. - 20.00 น.<br>ละติจูด: 13.85042763<br>ลองติจูด: 100.5585785]]></description>
        <styleUrl>#icon-ci-1-labelson</styleUrl>
        <ExtendedData>
          <Data name="จังหวัด">
            <value>กรุงเทพฯ</value>
          </Data>
          <Data name="ที่อยู่สถานี">
            <value>200 ถนนงามวงศ์วาน แขวงลาดยาว เขตจตุจักร กทม. 10900</value>
          </Data>
          <Data name="Call Center">
            <value>1129 PEA Contact Center</value>
          </Data>
          <Data name="เวลาทำการ">
            <value>06.00 น. - 20.00 น.</value>
          </Data>
          <Data name="ละติจูด">
            <value>13.85042763</value>
          </Data>
          <Data name="ลองติจูด">
            <value>100.5585785</value>
          </Data>
        </ExtendedData>
        <Point>
          <coordinates>
            100.5585785,13.85042763,0
          </coordinates>
        </Point>
      </Placemark>
      <Placemark>
        <name>PEA VOLTA ชลบุรี</name>
        <description><![CDATA[จังหวัด: ชลบุรี<br>ที่อยู่สถานี: 47/1 หมู่ 3 ต.เสม็ด อ.เมือง จ.ชลบุรี 20000<br><br>Call Center: 1129 PEA Contact Center<br>เวลาทำการ: 06.00 น. - 20.00 น.<br>ละติจูด: 13.32859802<br>ลองติจูด: 100.9516296]]></description>
        <styleUrl>#icon-ci-1-labelson</styleUrl>
        <ExtendedData>
          <Data name="จังหวัด">
            <value>ชลบุรี</value>
          </Data>
          <Data name="ที่อยู่สถานี">
            <value>47/1 หมู่ 3 ต.เสม็ด อ.เมือง จ.ชลบุรี 20000
</value>
          </Data>
          <Data name="Call Center">
            <value>1129 PEA Contact Center</value>
          </Data>
          <Data name="เวลาทำการ">
            <value>06.00 น. - 20.00 น.</value>
          </Data>
          <Data name="ละติจูด">
            <value>13.32859802</value>
          </Data>
          <Data name="ลองติจูด">
            <value>100.9516296</value>
          </Data>
        </ExtendedData>
        <Point>
          <coordinates>
            100.9516296,13.32859802,0
          </coordinates>
        </Point>
      </Placemark>
      <Placemark>
        <name>PEA VOLTA เขาย้อย</name>
        <description><![CDATA[จังหวัด: เพชรบุรี<br>ที่อยู่สถานี: 135 หมู่ 4 ถ.เพชรเกษม ต.สระพัง อ.เขาย้อย จ.เพชรบุรี 76140<br>Call Center: 1129 PEA Contact Center<br>เวลาทำการ: 00.00 น. - 24.00 น.<br>ละติจูด: 13.26557732<br>ลองติจูด: 99.82255554]]></description>
        <styleUrl>#icon-ci-1-labelson</styleUrl>
        <ExtendedData>
          <Data name="จังหวัด">
            <value>เพชรบุรี</value>
          </Data>
          <Data name="ที่อยู่สถานี">
            <value>135 หมู่ 4 ถ.เพชรเกษม ต.สระพัง อ.เขาย้อย จ.เพชรบุรี 76140</value>
          </Data>
          <Data name="Call Center">
            <value>1129 PEA Contact Center</value>
          </Data>
          <Data name="เวลาทำการ">
            <value>00.00 น. - 24.00 น.</value>
          </Data>
          <Data name="ละติจูด">
            <value>13.26557732</value>
          </Data>
          <Data name="ลองติจูด">
            <value>99.82255554</value>
          </Data>
        </ExtendedData>
        <Point>
          <coordinates>
            99.82255554,13.26557732,0
          </coordinates>
        </Point>
      </Placemark>
      <Placemark>
        <name>PEA VOLTA หัวหิน</name>
        <description><![CDATA[จังหวัด: ประจวบคีรีขันธ์<br>ที่อยู่สถานี: 2/7 ถ.เพชรเกษม ต.หนองแก อ.หัวหิน 77110<br>Call Center: 1129 PEA Contact Center<br>เวลาทำการ: 07.00 น. - 20.00 น.<br>ละติจูด: 12.55186462<br>ลองติจูด: 99.96103668]]></description>
        <styleUrl>#icon-ci-1-labelson</styleUrl>
        <ExtendedData>
          <Data name="จังหวัด">
            <value>ประจวบคีรีขันธ์</value>
          </Data>
          <Data name="ที่อยู่สถานี">
            <value>2/7 ถ.เพชรเกษม ต.หนองแก อ.หัวหิน 77110</value>
          </Data>
          <Data name="Call Center">
            <value>1129 PEA Contact Center</value>
          </Data>
          <Data name="เวลาทำการ">
            <value>07.00 น. - 20.00 น.</value>
          </Data>
          <Data name="ละติจูด">
            <value>12.55186462</value>
          </Data>
          <Data name="ลองติจูด">
            <value>99.96103668</value>
          </Data>
        </ExtendedData>
        <Point>
          <coordinates>
            99.96103668,12.55186462,0
          </coordinates>
        </Point>
      </Placemark>
      <Placemark>
        <name>PEA VOLTA พัทยาใต้</name>
        <description><![CDATA[จังหวัด: ชลบุรี<br>ที่อยู่สถานี: 321/1 หมู่ที่ 10 ต.หนองปรีอ อ.บางละมุง จ. ชลบุรี 20150<br>Call Center: 1129 PEA Contact Center<br>เวลาทำการ: 00.00 น. - 24.00 น.<br>ละติจูด: 12.92267895<br>ลองติจูด: 100.8840332]]></description>
        <styleUrl>#icon-ci-1-labelson</styleUrl>
        <ExtendedData>
          <Data name="จังหวัด">
            <value>ชลบุรี</value>
          </Data>
          <Data name="ที่อยู่สถานี">
            <value>321/1 หมู่ที่ 10 ต.หนองปรีอ อ.บางละมุง จ. ชลบุรี 20150</value>
          </Data>
          <Data name="Call Center">
            <value>1129 PEA Contact Center</value>
          </Data>
          <Data name="เวลาทำการ">
            <value>00.00 น. - 24.00 น.</value>
          </Data>
          <Data name="ละติจูด">
            <value>12.92267895</value>
          </Data>
          <Data name="ลองติจูด">
            <value>100.8840332</value>
          </Data>
        </ExtendedData>
        <Point>
          <coordinates>
            100.8840332,12.92267895,0
          </coordinates>
        </Point>
      </Placemark>
      <Placemark>
        <name>PEA VOLTA สมุทรสาคร</name>
        <description><![CDATA[จังหวัด: สมุทรสาคร<br>ที่อยู่สถานี: 1062 ถ.วิเชียรโชฏก ต.มหาชัย อ.เมือง จ.สมุทรสาคร 74000<br>Call Center: 1129 PEA Contact Center<br>เวลาทำการ: 06.00 น. - 20.00 น.<br>ละติจูด: 13.54332638<br>ลองติจูด: 100.2647705]]></description>
        <styleUrl>#icon-ci-1-labelson</styleUrl>
        <ExtendedData>
          <Data name="จังหวัด">
            <value>สมุทรสาคร</value>
          </Data>
          <Data name="ที่อยู่สถานี">
            <value>1062 ถ.วิเชียรโชฏก ต.มหาชัย อ.เมือง จ.สมุทรสาคร 74000</value>
          </Data>
          <Data name="Call Center">
            <value>1129 PEA Contact Center</value>
          </Data>
          <Data name="เวลาทำการ">
            <value>06.00 น. - 20.00 น.</value>
          </Data>
          <Data name="ละติจูด">
            <value>13.54332638</value>
          </Data>
          <Data name="ลองติจูด">
            <value>100.2647705</value>
          </Data>
        </ExtendedData>
        <Point>
          <coordinates>
            100.2647705,13.54332638,0
          </coordinates>
        </Point>
      </Placemark>
      <Placemark>
        <name>PEA VOLTA ปากช่อง</name>
        <description><![CDATA[จังหวัด: นครราชสีมา<br>ที่อยู่สถานี: 171 ถ.มิตรภาพ ต.ปากช่อง อ.ปากช่อง ต.นครราชสีมา 30130<br>Call Center: 1129 PEA Contact Center<br>เวลาทำการ: 06.00 น. - 20.00 น.<br>ละติจูด: 14.69263268<br>ลองติจูด: 101.4057312]]></description>
        <styleUrl>#icon-ci-1-labelson</styleUrl>
        <ExtendedData>
          <Data name="จังหวัด">
            <value>นครราชสีมา</value>
          </Data>
          <Data name="ที่อยู่สถานี">
            <value>171 ถ.มิตรภาพ ต.ปากช่อง อ.ปากช่อง ต.นครราชสีมา 30130</value>
          </Data>
          <Data name="Call Center">
            <value>1129 PEA Contact Center</value>
          </Data>
          <Data name="เวลาทำการ">
            <value>06.00 น. - 20.00 น.</value>
          </Data>
          <Data name="ละติจูด">
            <value>14.69263268</value>
          </Data>
          <Data name="ลองติจูด">
            <value>101.4057312</value>
          </Data>
        </ExtendedData>
        <Point>
          <coordinates>
            101.4057312,14.69263268,0
          </coordinates>
        </Point>
      </Placemark>
      <Placemark>
        <name>PEA VOLTA รังสิต</name>
        <description><![CDATA[จังหวัด: ปทุมธานี<br>ที่อยู่สถานี: 60 หมู่ 6 ถนนพหลโยธิน ต.คลองหนึ่ง อ.คลองหลวง จ.ปทุมธานี 12120<br>Call Center: 1129 PEA Contact Center<br>เวลาทำการ: 06.00 น. - 20.00 น.<br>ละติจูด: 14.04528141<br>ลองติจูด: 100.6161881]]></description>
        <styleUrl>#icon-ci-1-labelson</styleUrl>
        <ExtendedData>
          <Data name="จังหวัด">
            <value>ปทุมธานี</value>
          </Data>
          <Data name="ที่อยู่สถานี">
            <value>60 หมู่ 6 ถนนพหลโยธิน ต.คลองหนึ่ง อ.คลองหลวง จ.ปทุมธานี 12120</value>
          </Data>
          <Data name="Call Center">
            <value>1129 PEA Contact Center</value>
          </Data>
          <Data name="เวลาทำการ">
            <value>06.00 น. - 20.00 น.</value>
          </Data>
          <Data name="ละติจูด">
            <value>14.04528141</value>
          </Data>
          <Data name="ลองติจูด">
            <value>100.6161881</value>
          </Data>
        </ExtendedData>
        <Point>
          <coordinates>
            100.6161881,14.04528141,0
          </coordinates>
        </Point>
      </Placemark>
      <Placemark>
        <name>PEA VOLTA พระนครศรีอยุธยา</name>
        <description><![CDATA[จังหวัด: พระนครศรีอยุธยา<br>ที่อยู่สถานี: 46 หมู่ 6 ต.หันตรา อ.เมือง จ.พระนครศรีอยุธยา 13000<br>Call Center: 1129 PEA Contact Center<br>เวลาทำการ: 06.00 น. - 20.00 น.<br>ละติจูด: 14.38348198<br>ลองติจูด: 100.6033554]]></description>
        <styleUrl>#icon-ci-1-labelson</styleUrl>
        <ExtendedData>
          <Data name="จังหวัด">
            <value>พระนครศรีอยุธยา</value>
          </Data>
          <Data name="ที่อยู่สถานี">
            <value>46 หมู่ 6 ต.หันตรา อ.เมือง จ.พระนครศรีอยุธยา 13000</value>
          </Data>
          <Data name="Call Center">
            <value>1129 PEA Contact Center</value>
          </Data>
          <Data name="เวลาทำการ">
            <value>06.00 น. - 20.00 น.</value>
          </Data>
          <Data name="ละติจูด">
            <value>14.38348198</value>
          </Data>
          <Data name="ลองติจูด">
            <value>100.6033554</value>
          </Data>
        </ExtendedData>
        <Point>
          <coordinates>
            100.6033554,14.38348198,0
          </coordinates>
        </Point>
      </Placemark>
      <Placemark>
        <name>PEA VOLTA บางจาก วังมะนาว (เพชรเกษม ขาออก)</name>
        <description><![CDATA[จังหวัด: เพชรบุรี<br>ที่อยู่สถานี: 3/1 ม.2 ถ.เพชรเกษม ต.ห้วยโรง อ.เขาย้อย จ.เพชรบุรี 76140<br>Call Center: 1129 PEA Contact Center<br>เวลาทำการ: 00.00 น. - 24.00 น.<br>ละติจูด: 13.318703<br>ลองติจูด: 99.827723]]></description>
        <styleUrl>#icon-ci-1-labelson</styleUrl>
        <ExtendedData>
          <Data name="จังหวัด">
            <value>เพชรบุรี</value>
          </Data>
          <Data name="ที่อยู่สถานี">
            <value>3/1 ม.2 ถ.เพชรเกษม ต.ห้วยโรง อ.เขาย้อย จ.เพชรบุรี 76140</value>
          </Data>
          <Data name="Call Center">
            <value>1129 PEA Contact Center</value>
          </Data>
          <Data name="เวลาทำการ">
            <value>00.00 น. - 24.00 น.</value>
          </Data>
          <Data name="ละติจูด">
            <value>13.318703</value>
          </Data>
          <Data name="ลองติจูด">
            <value>99.827723</value>
          </Data>
        </ExtendedData>
        <Point>
          <coordinates>
            99.827723,13.318703,0
          </coordinates>
        </Point>
      </Placemark>
      <Placemark>
        <name>PEA VOLTA บางจาก ชะอำ</name>
        <description><![CDATA[จังหวัด: เพชรบุรี<br>ที่อยู่สถานี: 555/5 ถ.เพชรเกษม (ชะอำ) ต.เขาใหญ่ อ.ชะอำ จ.เพชรบุรี 76120<br>Call Center: 1129 PEA Contact Center<br>เวลาทำการ: 00.00 น. - 24.00 น.<br>ละติจูด: 12.81797<br>ลองติจูด: 99.94063]]></description>
        <styleUrl>#icon-ci-1-labelson</styleUrl>
        <ExtendedData>
          <Data name="จังหวัด">
            <value>เพชรบุรี</value>
          </Data>
          <Data name="ที่อยู่สถานี">
            <value>555/5 ถ.เพชรเกษม (ชะอำ) ต.เขาใหญ่ อ.ชะอำ จ.เพชรบุรี 76120</value>
          </Data>
          <Data name="Call Center">
            <value>1129 PEA Contact Center</value>
          </Data>
          <Data name="เวลาทำการ">
            <value>00.00 น. - 24.00 น.</value>
          </Data>
          <Data name="ละติจูด">
            <value>12.81797</value>
          </Data>
          <Data name="ลองติจูด">
            <value>99.94063</value>
          </Data>
        </ExtendedData>
        <Point>
          <coordinates>
            99.94063,12.81797,0
          </coordinates>
        </Point>
      </Placemark>
      <Placemark>
        <name>PEA VOLTA บางจาก ละแม</name>
        <description><![CDATA[จังหวัด: ชุมพร<br>ที่อยู่สถานี: 139 ม.9 ต.ทุ่งหลวง อ.ละแม จ.ชุมพร 86170<br>Call Center: 1129 PEA Contact Center<br>เวลาทำการ: 00.00 น. - 24.00 น.<br>ละติจูด: 9.774321<br>ลองติจูด: 99.078615]]></description>
        <styleUrl>#icon-ci-1-labelson</styleUrl>
        <ExtendedData>
          <Data name="จังหวัด">
            <value>ชุมพร</value>
          </Data>
          <Data name="ที่อยู่สถานี">
            <value>139 ม.9 ต.ทุ่งหลวง อ.ละแม จ.ชุมพร 86170</value>
          </Data>
          <Data name="Call Center">
            <value>1129 PEA Contact Center</value>
          </Data>
          <Data name="เวลาทำการ">
            <value>00.00 น. - 24.00 น.</value>
          </Data>
          <Data name="ละติจูด">
            <value>9.774321</value>
          </Data>
          <Data name="ลองติจูด">
            <value>99.078615</value>
          </Data>
        </ExtendedData>
        <Point>
          <coordinates>
            99.078615,9.774321,0
          </coordinates>
        </Point>
      </Placemark>
      <Placemark>
        <name>PEA VOLTA บางจาก เมืองกระบี่</name>
        <description><![CDATA[จังหวัด: กระบี่<br>ที่อยู่สถานี: 48/26 ถ.ศรีพังงา ต.ปากน้ำ อ.เมือง จ.กระบี่ 81000<br>Call Center: 1129 PEA Contact Center<br>เวลาทำการ: 00.00 น. - 24.00 น.<br>ละติจูด: 8.103181<br>ลองติจูด: 98.902471]]></description>
        <styleUrl>#icon-ci-1-labelson</styleUrl>
        <ExtendedData>
          <Data name="จังหวัด">
            <value>กระบี่</value>
          </Data>
          <Data name="ที่อยู่สถานี">
            <value>48/26 ถ.ศรีพังงา ต.ปากน้ำ อ.เมือง จ.กระบี่ 81000</value>
          </Data>
          <Data name="Call Center">
            <value>1129 PEA Contact Center</value>
          </Data>
          <Data name="เวลาทำการ">
            <value>00.00 น. - 24.00 น.</value>
          </Data>
          <Data name="ละติจูด">
            <value>8.103181</value>
          </Data>
          <Data name="ลองติจูด">
            <value>98.902471</value>
          </Data>
        </ExtendedData>
        <Point>
          <coordinates>
            98.902471,8.103181,0
          </coordinates>
        </Point>
      </Placemark>
      <Placemark>
        <name>PEA VOLTA บางจาก คลองท่อม</name>
        <description><![CDATA[จังหวัด: กระบี่<br>ที่อยู่สถานี: 154 ม.1 ถ.เพชรเกษม (4) ต.ห้วยน้ำขาว อ.คลองท่อม จ.กระบี่ 81120<br>Call Center: 1129 PEA Contact Center<br>เวลาทำการ: 00.00 น. - 24.00 น.<br>ละติจูด: 7.8700825<br>ลองติจูด: 99.1637292]]></description>
        <styleUrl>#icon-ci-1-labelson</styleUrl>
        <ExtendedData>
          <Data name="จังหวัด">
            <value>กระบี่</value>
          </Data>
          <Data name="ที่อยู่สถานี">
            <value>154 ม.1 ถ.เพชรเกษม (4) ต.ห้วยน้ำขาว อ.คลองท่อม จ.กระบี่ 81120</value>
          </Data>
          <Data name="Call Center">
            <value>1129 PEA Contact Center</value>
          </Data>
          <Data name="เวลาทำการ">
            <value>00.00 น. - 24.00 น.</value>
          </Data>
          <Data name="ละติจูด">
            <value>7.8700825</value>
          </Data>
          <Data name="ลองติจูด">
            <value>99.1637292</value>
          </Data>
        </ExtendedData>
        <Point>
          <coordinates>
            99.1637292,7.8700825,0
          </coordinates>
        </Point>
      </Placemark>
      <Placemark>
        <name>PEA VOLTA บางจาก พุนพิน</name>
        <description><![CDATA[จังหวัด: สุราษฎร์ธานี<br>ที่อยู่สถานี: 85 ม.3 ถ.เอเซีย ต.หัวเตย อ.พุนพิน จ.สุราษฎร์ธานี 84130<br>Call Center: 1129 PEA Contact Center<br>เวลาทำการ: 00.00 น. - 24.00 น.<br>ละติจูด: 9.126541<br>ลองติจูด: 99.159488]]></description>
        <styleUrl>#icon-ci-1-labelson</styleUrl>
        <ExtendedData>
          <Data name="จังหวัด">
            <value>สุราษฎร์ธานี</value>
          </Data>
          <Data name="ที่อยู่สถานี">
            <value>85 ม.3 ถ.เอเซีย ต.หัวเตย อ.พุนพิน จ.สุราษฎร์ธานี 84130</value>
          </Data>
          <Data name="Call Center">
            <value>1129 PEA Contact Center</value>
          </Data>
          <Data name="เวลาทำการ">
            <value>00.00 น. - 24.00 น.</value>
          </Data>
          <Data name="ละติจูด">
            <value>9.126541</value>
          </Data>
          <Data name="ลองติจูด">
            <value>99.159488</value>
          </Data>
        </ExtendedData>
        <Point>
          <coordinates>
            99.159488,9.126541,0
          </coordinates>
        </Point>
      </Placemark>
      <Placemark>
        <name>PEA VOLTA พะเยา</name>
        <description><![CDATA[จังหวัด: พะเยา<br>ที่อยู่สถานี: 159 หมู่ 1 ต.แม่ปืม อ.เมือง จ.พะเยา 56000<br>Call Center: 1129 PEA Contact Center<br>เวลาทำการ: 00.00 น. - 24.00 น.<br>ละติจูด: 19.199128<br>ลองติจูด: 99.873795]]></description>
        <styleUrl>#icon-ci-1-labelson</styleUrl>
        <ExtendedData>
          <Data name="จังหวัด">
            <value>พะเยา</value>
          </Data>
          <Data name="ที่อยู่สถานี">
            <value>159 หมู่ 1 ต.แม่ปืม อ.เมือง จ.พะเยา 56000</value>
          </Data>
          <Data name="Call Center">
            <value>1129 PEA Contact Center</value>
          </Data>
          <Data name="เวลาทำการ">
            <value>00.00 น. - 24.00 น.</value>
          </Data>
          <Data name="ละติจูด">
            <value>19.199128</value>
          </Data>
          <Data name="ลองติจูด">
            <value>99.873795</value>
          </Data>
        </ExtendedData>
        <Point>
          <coordinates>
            99.873795,19.199128,0
          </coordinates>
        </Point>
      </Placemark>
      <Placemark>
        <name>PEA VOLTA แพร่</name>
        <description><![CDATA[จังหวัด: แพร่<br>ที่อยู่สถานี: 189 หมู่ 8 ต.นาจักร อ.เมือง จ.แพร่ 54000<br>Call Center: 1129 PEA Contact Center<br>เวลาทำการ: 00.00 น. - 24.00 น.<br>ละติจูด: 18.114801<br>ลองติจูด: 100.149204]]></description>
        <styleUrl>#icon-ci-1-labelson</styleUrl>
        <ExtendedData>
          <Data name="จังหวัด">
            <value>แพร่</value>
          </Data>
          <Data name="ที่อยู่สถานี">
            <value>189 หมู่ 8 ต.นาจักร อ.เมือง จ.แพร่ 54000</value>
          </Data>
          <Data name="Call Center">
            <value>1129 PEA Contact Center</value>
          </Data>
          <Data name="เวลาทำการ">
            <value>00.00 น. - 24.00 น.</value>
          </Data>
          <Data name="ละติจูด">
            <value>18.114801</value>
          </Data>
          <Data name="ลองติจูด">
            <value>100.149204</value>
          </Data>
        </ExtendedData>
        <Point>
          <coordinates>
            100.149204,18.114801,0
          </coordinates>
        </Point>
      </Placemark>
      <Placemark>
        <name>PEA VOLTA ร้อยเอ็ด</name>
        <description><![CDATA[จังหวัด: ร้อยเอ็ด<br>ที่อยู่สถานี: 308 หมู่ 7 ถนน เลี่ยง เมือง ต.ดงลาน อ.เมือง จ.ร้อยเอ็ด 45000<br>Call Center: 1129 PEA Contact Center<br>เวลาทำการ: 00.00 น. - 24.00 น.<br>ละติจูด: 16.045468<br>ลองติจูด: 103.626819]]></description>
        <styleUrl>#icon-ci-1-labelson</styleUrl>
        <ExtendedData>
          <Data name="จังหวัด">
            <value>ร้อยเอ็ด</value>
          </Data>
          <Data name="ที่อยู่สถานี">
            <value>308 หมู่ 7 ถนน เลี่ยง เมือง ต.ดงลาน อ.เมือง จ.ร้อยเอ็ด 45000</value>
          </Data>
          <Data name="Call Center">
            <value>1129 PEA Contact Center</value>
          </Data>
          <Data name="เวลาทำการ">
            <value>00.00 น. - 24.00 น.</value>
          </Data>
          <Data name="ละติจูด">
            <value>16.045468</value>
          </Data>
          <Data name="ลองติจูด">
            <value>103.626819</value>
          </Data>
        </ExtendedData>
        <Point>
          <coordinates>
            103.626819,16.045468,0
          </coordinates>
        </Point>
      </Placemark>
      <Placemark>
        <name>PEA VOLTA บางจาก เมืองพิษณุโลก (ข้างเซ็นทรัล)</name>
        <description><![CDATA[จังหวัด: พิษณุโลก<br>ที่อยู่สถานี: 68/3 ม.5 ถ.สายพิษณุโลก-สุโขทัย ต.พลายชุมพล อ.เมืองพิษณุโลก จ.พิษณุโลก 65000<br>Call Center: 1129 PEA Contact Center<br>เวลาทำการ: 00.00 น. - 24.00 น.<br>ละติจูด: 16.842585<br>ลองติจูด: 100.231461]]></description>
        <styleUrl>#icon-ci-1-labelson</styleUrl>
        <ExtendedData>
          <Data name="จังหวัด">
            <value>พิษณุโลก</value>
          </Data>
          <Data name="ที่อยู่สถานี">
            <value>68/3 ม.5 ถ.สายพิษณุโลก-สุโขทัย ต.พลายชุมพล อ.เมืองพิษณุโลก จ.พิษณุโลก 65000</value>
          </Data>
          <Data name="Call Center">
            <value>1129 PEA Contact Center</value>
          </Data>
          <Data name="เวลาทำการ">
            <value>00.00 น. - 24.00 น.</value>
          </Data>
          <Data name="ละติจูด">
            <value>16.842585</value>
          </Data>
          <Data name="ลองติจูด">
            <value>100.231461</value>
          </Data>
        </ExtendedData>
        <Point>
          <coordinates>
            100.231461,16.842585,0
          </coordinates>
        </Point>
      </Placemark>
      <Placemark>
        <name>PEA VOLTA บางจาก เมืองพิษณุโลก (ทล.11 กม.228)</name>
        <description><![CDATA[จังหวัด: พิษณุโลก<br>ที่อยู่สถานี: 555 ม.3 ต.ดอนทอง อ.เมืองพิษณุโลก จ.พิษณุโลก 65000<br>Call Center: 1129 PEA Contact Center<br>เวลาทำการ: 00.00 น. - 24.00 น.<br>ละติจูด: 16.851477<br>ลองติจูด: 100.347069]]></description>
        <styleUrl>#icon-ci-1-labelson</styleUrl>
        <ExtendedData>
          <Data name="จังหวัด">
            <value>พิษณุโลก</value>
          </Data>
          <Data name="ที่อยู่สถานี">
            <value>555 ม.3 ต.ดอนทอง อ.เมืองพิษณุโลก จ.พิษณุโลก 65000</value>
          </Data>
          <Data name="Call Center">
            <value>1129 PEA Contact Center</value>
          </Data>
          <Data name="เวลาทำการ">
            <value>00.00 น. - 24.00 น.</value>
          </Data>
          <Data name="ละติจูด">
            <value>16.851477</value>
          </Data>
          <Data name="ลองติจูด">
            <value>100.347069</value>
          </Data>
        </ExtendedData>
        <Point>
          <coordinates>
            100.347069,16.851477,0
          </coordinates>
        </Point>
      </Placemark>
      <Placemark>
        <name>PEA VOLTA บางจาก คลองขลุง</name>
        <description><![CDATA[จังหวัด: กำแพงเพชร<br>ที่อยู่สถานี: 39/8 ม.10 ต.คลองขลุง อ.คลองขลุง จ.กำแพงเพชร 62120<br>Call Center: 1129 PEA Contact Center<br>เวลาทำการ: 00.00 น. - 24.00 น.<br>ละติจูด: 16.209973<br>ลองติจูด: 99.703566]]></description>
        <styleUrl>#icon-ci-1-labelson</styleUrl>
        <ExtendedData>
          <Data name="จังหวัด">
            <value>กำแพงเพชร</value>
          </Data>
          <Data name="ที่อยู่สถานี">
            <value>39/8 ม.10 ต.คลองขลุง อ.คลองขลุง จ.กำแพงเพชร 62120</value>
          </Data>
          <Data name="Call Center">
            <value>1129 PEA Contact Center</value>
          </Data>
          <Data name="เวลาทำการ">
            <value>00.00 น. - 24.00 น.</value>
          </Data>
          <Data name="ละติจูด">
            <value>16.209973</value>
          </Data>
          <Data name="ลองติจูด">
            <value>99.703566</value>
          </Data>
        </ExtendedData>
        <Point>
          <coordinates>
            99.703566,16.209973,0
          </coordinates>
        </Point>
      </Placemark>
      <Placemark>
        <name>PEA VOLTA บางจาก เมืองตาก</name>
        <description><![CDATA[จังหวัด: ตาก<br>ที่อยู่สถานี: 9 ม.5 ต.เชียงเงิน อ.เมืองตาก จ.ตาก 63000<br>Call Center: 1129 PEA Contact Center<br>เวลาทำการ: 00.00 น. - 24.00 น.<br>ละติจูด: 16.879123<br>ลองติจูด: 99.129101]]></description>
        <styleUrl>#icon-ci-1-labelson</styleUrl>
        <ExtendedData>
          <Data name="จังหวัด">
            <value>ตาก</value>
          </Data>
          <Data name="ที่อยู่สถานี">
            <value>9 ม.5 ต.เชียงเงิน อ.เมืองตาก จ.ตาก 63000</value>
          </Data>
          <Data name="Call Center">
            <value>1129 PEA Contact Center</value>
          </Data>
          <Data name="เวลาทำการ">
            <value>00.00 น. - 24.00 น.</value>
          </Data>
          <Data name="ละติจูด">
            <value>16.879123</value>
          </Data>
          <Data name="ลองติจูด">
            <value>99.129101</value>
          </Data>
        </ExtendedData>
        <Point>
          <coordinates>
            99.129101,16.879123,0
          </coordinates>
        </Point>
      </Placemark>
      <Placemark>
        <name>PEA VOLTA บางจาก ปากช่อง</name>
        <description><![CDATA[จังหวัด: นครราชสีมา<br>ที่อยู่สถานี: 199 ม.1 ถ.มิตรภาพ ต.ปากช่อง อ.ปากช่อง จ.นครราชสีมา 30130<br>Call Center: 1129 PEA Contact Center<br>เวลาทำการ: 00.00 น. - 24.00 น.<br>ละติจูด: 14.651944<br>ลองติจูด: 101.357804]]></description>
        <styleUrl>#icon-ci-1-labelson</styleUrl>
        <ExtendedData>
          <Data name="จังหวัด">
            <value>นครราชสีมา</value>
          </Data>
          <Data name="ที่อยู่สถานี">
            <value>199 ม.1 ถ.มิตรภาพ ต.ปากช่อง อ.ปากช่อง จ.นครราชสีมา 30130</value>
          </Data>
          <Data name="Call Center">
            <value>1129 PEA Contact Center</value>
          </Data>
          <Data name="เวลาทำการ">
            <value>00.00 น. - 24.00 น.</value>
          </Data>
          <Data name="ละติจูด">
            <value>14.651944</value>
          </Data>
          <Data name="ลองติจูด">
            <value>101.357804</value>
          </Data>
        </ExtendedData>
        <Point>
          <coordinates>
            101.357804,14.651944,0
          </coordinates>
        </Point>
      </Placemark>
      <Placemark>
        <name>PEA VOLTA บางจาก สีคิ้ว (มิตรภาพ กม.92)</name>
        <description><![CDATA[จังหวัด: นครราชสีมา<br>ที่อยู่สถานี: 25 ม.12 ต.ลาดบัวขาว อ.สีคิ้ว จ.นครราชสีมา 30340<br>Call Center: 1129 PEA Contact Center<br>เวลาทำการ: 00.00 น. - 24.00 น.<br>ละติจูด: 14.840834<br>ลองติจูด: 101.607413]]></description>
        <styleUrl>#icon-ci-1-labelson</styleUrl>
        <ExtendedData>
          <Data name="จังหวัด">
            <value>นครราชสีมา</value>
          </Data>
          <Data name="ที่อยู่สถานี">
            <value>25 ม.12 ต.ลาดบัวขาว อ.สีคิ้ว จ.นครราชสีมา 30340</value>
          </Data>
          <Data name="Call Center">
            <value>1129 PEA Contact Center</value>
          </Data>
          <Data name="เวลาทำการ">
            <value>00.00 น. - 24.00 น.</value>
          </Data>
          <Data name="ละติจูด">
            <value>14.840834</value>
          </Data>
          <Data name="ลองติจูด">
            <value>101.607413</value>
          </Data>
        </ExtendedData>
        <Point>
          <coordinates>
            101.607413,14.840834,0
          </coordinates>
        </Point>
      </Placemark>
      <Placemark>
        <name>PEA VOLTA บางจาก เมืองนครราชสีมา (มิตรภาพ กม. 141)</name>
        <description><![CDATA[จังหวัด: นครราชสีมา<br>ที่อยู่สถานี: 1587/1 ถ.มิตรภาพ ต.บ้านใหม่ อ.เมือง จ.นครราชสีมา 30000<br>Call Center: 1129 PEA Contact Center<br>เวลาทำการ: 00.00 น. - 24.00 น.<br>ละติจูด: 14.957339<br>ลองติจูด: 102.041147]]></description>
        <styleUrl>#icon-ci-1-labelson</styleUrl>
        <ExtendedData>
          <Data name="จังหวัด">
            <value>นครราชสีมา</value>
          </Data>
          <Data name="ที่อยู่สถานี">
            <value>1587/1 ถ.มิตรภาพ ต.บ้านใหม่ อ.เมือง จ.นครราชสีมา 30000</value>
          </Data>
          <Data name="Call Center">
            <value>1129 PEA Contact Center</value>
          </Data>
          <Data name="เวลาทำการ">
            <value>00.00 น. - 24.00 น.</value>
          </Data>
          <Data name="ละติจูด">
            <value>14.957339</value>
          </Data>
          <Data name="ลองติจูด">
            <value>102.041147</value>
          </Data>
        </ExtendedData>
        <Point>
          <coordinates>
            102.041147,14.957339,0
          </coordinates>
        </Point>
      </Placemark>
      <Placemark>
        <name>PEA VOLTA บางจาก บางปะอิน (สายเอเชีย กม. 62 ขาออก)</name>
        <description><![CDATA[จังหวัด: พระนครศรีอยุธยา<br>ที่อยู่สถานี: 59 ม.3 สายเอเชีย ต.บ้านหว้า อ.บางปะอิน จ.พระนครศรีอยุธยา 13160<br>Call Center: 1129 PEA Contact Center<br>เวลาทำการ: 00.00 น. - 24.00 น.<br>ละติจูด: 14.26525<br>ลองติจูด: 100.61233]]></description>
        <styleUrl>#icon-ci-1-labelson</styleUrl>
        <ExtendedData>
          <Data name="จังหวัด">
            <value>พระนครศรีอยุธยา</value>
          </Data>
          <Data name="ที่อยู่สถานี">
            <value>59 ม.3 สายเอเชีย ต.บ้านหว้า อ.บางปะอิน จ.พระนครศรีอยุธยา 13160</value>
          </Data>
          <Data name="Call Center">
            <value>1129 PEA Contact Center</value>
          </Data>
          <Data name="เวลาทำการ">
            <value>00.00 น. - 24.00 น.</value>
          </Data>
          <Data name="ละติจูด">
            <value>14.26525</value>
          </Data>
          <Data name="ลองติจูด">
            <value>100.61233</value>
          </Data>
        </ExtendedData>
        <Point>
          <coordinates>
            100.61233,14.26525,0
          </coordinates>
        </Point>
      </Placemark>
      <Placemark>
        <name>PEA VOLTA บางจาก แก่งคอย</name>
        <description><![CDATA[จังหวัด: สระบุรี<br>ที่อยู่สถานี: 94 ม.4 ถ.มิตรภาพ ต.ตาลเดี่ยว อ.แก่งคอย จ.สระบุรี 18110<br>Call Center: 1129 PEA Contact Center<br>เวลาทำการ: 00.00 น. - 24.00 น.<br>ละติจูด: 14.57352<br>ลองติจูด: 100.986792]]></description>
        <styleUrl>#icon-ci-1-labelson</styleUrl>
        <ExtendedData>
          <Data name="จังหวัด">
            <value>สระบุรี</value>
          </Data>
          <Data name="ที่อยู่สถานี">
            <value>94 ม.4 ถ.มิตรภาพ ต.ตาลเดี่ยว อ.แก่งคอย จ.สระบุรี 18110</value>
          </Data>
          <Data name="Call Center">
            <value>1129 PEA Contact Center</value>
          </Data>
          <Data name="เวลาทำการ">
            <value>00.00 น. - 24.00 น.</value>
          </Data>
          <Data name="ละติจูด">
            <value>14.57352</value>
          </Data>
          <Data name="ลองติจูด">
            <value>100.986792</value>
          </Data>
        </ExtendedData>
        <Point>
          <coordinates>
            100.986792,14.57352,0
          </coordinates>
        </Point>
      </Placemark>
      <Placemark>
        <name>PEA VOLTA บางจาก บายพาสชลบุรี</name>
        <description><![CDATA[จังหวัด: ชลบุรี<br>ที่อยู่สถานี: 99/1 ม.4 ถ.สายอ้อมเมืองชลบุรี ต.หนองไม้แดง อ.เมือง จ.ชลบุรี 20000<br>Call Center: 1129 PEA Contact Center<br>เวลาทำการ: 00.00 น. - 24.00 น.<br>ละติจูด: 13.413579<br>ลองติจูด: 100.999581]]></description>
        <styleUrl>#icon-ci-1-labelson</styleUrl>
        <ExtendedData>
          <Data name="จังหวัด">
            <value>ชลบุรี</value>
          </Data>
          <Data name="ที่อยู่สถานี">
            <value>99/1 ม.4 ถ.สายอ้อมเมืองชลบุรี ต.หนองไม้แดง อ.เมือง จ.ชลบุรี 20000</value>
          </Data>
          <Data name="Call Center">
            <value>1129 PEA Contact Center</value>
          </Data>
          <Data name="เวลาทำการ">
            <value>00.00 น. - 24.00 น.</value>
          </Data>
          <Data name="ละติจูด">
            <value>13.413579</value>
          </Data>
          <Data name="ลองติจูด">
            <value>100.999581</value>
          </Data>
        </ExtendedData>
        <Point>
          <coordinates>
            100.999581,13.413579,0
          </coordinates>
        </Point>
      </Placemark>
      <Placemark>
        <name>PEA VOLTA บางจาก บ้านบึง</name>
        <description><![CDATA[จังหวัด: ชลบุรี<br>ที่อยู่สถานี: 105 ม.5 ถ.สายชลบุรี-บ้านบึง ต.มาบไผ่ อ.บ้านบึง จ.ชลบุรี 20170<br>Call Center: 1129 PEA Contact Center<br>เวลาทำการ: 00.00 น. - 24.00 น.<br>ละติจูด: 13.331942<br>ลองติจูด: 101.082872]]></description>
        <styleUrl>#icon-ci-1-labelson</styleUrl>
        <ExtendedData>
          <Data name="จังหวัด">
            <value>ชลบุรี</value>
          </Data>
          <Data name="ที่อยู่สถานี">
            <value>105 ม.5 ถ.สายชลบุรี-บ้านบึง ต.มาบไผ่ อ.บ้านบึง จ.ชลบุรี 20170</value>
          </Data>
          <Data name="Call Center">
            <value>1129 PEA Contact Center</value>
          </Data>
          <Data name="เวลาทำการ">
            <value>00.00 น. - 24.00 น.</value>
          </Data>
          <Data name="ละติจูด">
            <value>13.331942</value>
          </Data>
          <Data name="ลองติจูด">
            <value>101.082872</value>
          </Data>
        </ExtendedData>
        <Point>
          <coordinates>
            101.082872,13.331942,0
          </coordinates>
        </Point>
      </Placemark>
      <Placemark>
        <name>PEA VOLTA บางจาก นาเกลือ</name>
        <description><![CDATA[จังหวัด: ชลบุรี<br>ที่อยู่สถานี: 472/59 ม.4 ต.นาเกลือ อ.บางละมุง จ.ชลบุรี 20150<br>Call Center: 1129 PEA Contact Center<br>เวลาทำการ: 00.00 น. - 24.00 น.<br>ละติจูด: 12.964252<br>ลองติจูด: 100.910184]]></description>
        <styleUrl>#icon-ci-1-labelson</styleUrl>
        <ExtendedData>
          <Data name="จังหวัด">
            <value>ชลบุรี</value>
          </Data>
          <Data name="ที่อยู่สถานี">
            <value>472/59 ม.4 ต.นาเกลือ อ.บางละมุง จ.ชลบุรี 20150</value>
          </Data>
          <Data name="Call Center">
            <value>1129 PEA Contact Center</value>
          </Data>
          <Data name="เวลาทำการ">
            <value>00.00 น. - 24.00 น.</value>
          </Data>
          <Data name="ละติจูด">
            <value>12.964252</value>
          </Data>
          <Data name="ลองติจูด">
            <value>100.910184</value>
          </Data>
        </ExtendedData>
        <Point>
          <coordinates>
            100.910184,12.964252,0
          </coordinates>
        </Point>
      </Placemark>
      <Placemark>
        <name>PEA VOLTA หล่มสัก</name>
        <description><![CDATA[จังหวัด: เพชรบูรณ์<br>ที่อยู่สถานี: 145 หมู่ 3 ถนนสระบุรี-หล่มสัก ต.หนองไขว่ 	อ.หล่มสัก จ.เพชรบูรณ์ 67110<br>Call Center: 1129 PEA Contact Center<br>เวลาทำการ: 00.00 น. - 24.00 น.<br>ละติจูด: 16.760784<br>ลองติจูด: 101.216408]]></description>
        <styleUrl>#icon-ci-1-labelson</styleUrl>
        <ExtendedData>
          <Data name="จังหวัด">
            <value>เพชรบูรณ์</value>
          </Data>
          <Data name="ที่อยู่สถานี">
            <value>145 หมู่ 3 ถนนสระบุรี-หล่มสัก ต.หนองไขว่ 	อ.หล่มสัก จ.เพชรบูรณ์ 67110</value>
          </Data>
          <Data name="Call Center">
            <value>1129 PEA Contact Center</value>
          </Data>
          <Data name="เวลาทำการ">
            <value>00.00 น. - 24.00 น.</value>
          </Data>
          <Data name="ละติจูด">
            <value>16.760784</value>
          </Data>
          <Data name="ลองติจูด">
            <value>101.216408</value>
          </Data>
        </ExtendedData>
        <Point>
          <coordinates>
            101.216408,16.760784,0
          </coordinates>
        </Point>
      </Placemark>
      <Placemark>
        <name>PEA VOLTA บางจาก อินทร์บุรี (ขาออก)</name>
        <description><![CDATA[จังหวัด: สิงห์บุรี<br>ที่อยู่สถานี: 116 ม.1 ถ.สายเอเชีย ต.น้ำตาล อ.อินทร์บุรี จ.สิงห์บุรี 16110<br>Call Center: 1129 PEA Contact Center<br>เวลาทำการ: 00.00 น. - 24.00 น.<br>ละติจูด: 14.980995<br>ลองติจูด: 100.357673]]></description>
        <styleUrl>#icon-ci-1-labelson</styleUrl>
        <ExtendedData>
          <Data name="จังหวัด">
            <value>สิงห์บุรี</value>
          </Data>
          <Data name="ที่อยู่สถานี">
            <value>116 ม.1 ถ.สายเอเชีย ต.น้ำตาล อ.อินทร์บุรี จ.สิงห์บุรี 16110</value>
          </Data>
          <Data name="Call Center">
            <value>1129 PEA Contact Center</value>
          </Data>
          <Data name="เวลาทำการ">
            <value>00.00 น. - 24.00 น.</value>
          </Data>
          <Data name="ละติจูด">
            <value>14.980995</value>
          </Data>
          <Data name="ลองติจูด">
            <value>100.357673</value>
          </Data>
        </ExtendedData>
        <Point>
          <coordinates>
            100.357673,14.980995,0
          </coordinates>
        </Point>
      </Placemark>
      <Placemark>
        <name>PEA VOLTA บางจาก พล</name>
        <description><![CDATA[จังหวัด: ขอนแก่น<br>ที่อยู่สถานี: 10 ม.8 ถ.ทางหลวงแผ่นดินหมายเลข 2 ต.หนองแวงโสกพระ อ.พล จ.ขอนแก่น 40120<br>Call Center: 1129 PEA Contact Center<br>เวลาทำการ: 00.00 น. - 24.00 น.<br>ละติจูด: 15.723708<br>ลองติจูด: 102.592262]]></description>
        <styleUrl>#icon-ci-1-labelson</styleUrl>
        <ExtendedData>
          <Data name="จังหวัด">
            <value>ขอนแก่น</value>
          </Data>
          <Data name="ที่อยู่สถานี">
            <value>10 ม.8 ถ.ทางหลวงแผ่นดินหมายเลข 2 ต.หนองแวงโสกพระ อ.พล จ.ขอนแก่น 40120</value>
          </Data>
          <Data name="Call Center">
            <value>1129 PEA Contact Center</value>
          </Data>
          <Data name="เวลาทำการ">
            <value>00.00 น. - 24.00 น.</value>
          </Data>
          <Data name="ละติจูด">
            <value>15.723708</value>
          </Data>
          <Data name="ลองติจูด">
            <value>102.592262</value>
          </Data>
        </ExtendedData>
        <Point>
          <coordinates>
            102.592262,15.723708,0
          </coordinates>
        </Point>
      </Placemark>
      <Placemark>
        <name>PEA VOLTA บางจาก เมืองขอนแก่น (แยกเมืองเก่า)</name>
        <description><![CDATA[จังหวัด: ขอนแก่น<br>ที่อยู่สถานี: 485 ม.12 ถ.สายขอนแก่น-บ้านไผ่ (มิตรภาพ) อ.เมืองเก่า	เมือง จ.ขอนแก่น 40000<br>Call Center: 1129 PEA Contact Center<br>เวลาทำการ: 00.00 น. - 24.00 น.<br>ละติจูด: 16.37999<br>ลองติจูด: 102.810791]]></description>
        <styleUrl>#icon-ci-1-labelson</styleUrl>
        <ExtendedData>
          <Data name="จังหวัด">
            <value>ขอนแก่น</value>
          </Data>
          <Data name="ที่อยู่สถานี">
            <value>485 ม.12 ถ.สายขอนแก่น-บ้านไผ่ (มิตรภาพ) อ.เมืองเก่า	เมือง จ.ขอนแก่น 40000</value>
          </Data>
          <Data name="Call Center">
            <value>1129 PEA Contact Center</value>
          </Data>
          <Data name="เวลาทำการ">
            <value>00.00 น. - 24.00 น.</value>
          </Data>
          <Data name="ละติจูด">
            <value>16.37999</value>
          </Data>
          <Data name="ลองติจูด">
            <value>102.810791</value>
          </Data>
        </ExtendedData>
        <Point>
          <coordinates>
            102.810791,16.37999,0
          </coordinates>
        </Point>
      </Placemark>
      <Placemark>
        <name>PEA VOLTA บางจาก เมืองอุดรธานี</name>
        <description><![CDATA[จังหวัด: อุดรธานี<br>ที่อยู่สถานี: 558 ถ.โพศรี ต.หมากแข้ง อ.เมือง จ.อุดรธานี 41000<br>Call Center: 1129 PEA Contact Center<br>เวลาทำการ: 00.00 น. - 24.00 น.<br>ละติจูด: 17.400516<br>ลองติจูด: 102.800413]]></description>
        <styleUrl>#icon-ci-1-labelson</styleUrl>
        <ExtendedData>
          <Data name="จังหวัด">
            <value>อุดรธานี</value>
          </Data>
          <Data name="ที่อยู่สถานี">
            <value>558 ถ.โพศรี ต.หมากแข้ง อ.เมือง จ.อุดรธานี 41000</value>
          </Data>
          <Data name="Call Center">
            <value>1129 PEA Contact Center</value>
          </Data>
          <Data name="เวลาทำการ">
            <value>00.00 น. - 24.00 น.</value>
          </Data>
          <Data name="ละติจูด">
            <value>17.400516</value>
          </Data>
          <Data name="ลองติจูด">
            <value>102.800413</value>
          </Data>
        </ExtendedData>
        <Point>
          <coordinates>
            102.800413,17.400516,0
          </coordinates>
        </Point>
      </Placemark>
      <Placemark>
        <name>PEA VOLTA บางจาก เมืองหนองคาย</name>
        <description><![CDATA[จังหวัด: หนองคาย<br>ที่อยู่สถานี: 57/1 ม.5 ถ.สายหนองคาย-โพนพิสัย ต.หาดคำ อ.เมือง จ.หนองคาย 43000<br>Call Center: 1129 PEA Contact Center<br>เวลาทำการ: 05.30 น. - 21.30 น.<br>ละติจูด: 17.89063<br>ลองติจูด: 102.77594]]></description>
        <styleUrl>#icon-ci-1-labelson</styleUrl>
        <ExtendedData>
          <Data name="จังหวัด">
            <value>หนองคาย</value>
          </Data>
          <Data name="ที่อยู่สถานี">
            <value>57/1 ม.5 ถ.สายหนองคาย-โพนพิสัย ต.หาดคำ อ.เมือง จ.หนองคาย 43000</value>
          </Data>
          <Data name="Call Center">
            <value>1129 PEA Contact Center</value>
          </Data>
          <Data name="เวลาทำการ">
            <value>05.30 น. - 21.30 น.</value>
          </Data>
          <Data name="ละติจูด">
            <value>17.89063</value>
          </Data>
          <Data name="ลองติจูด">
            <value>102.77594</value>
          </Data>
        </ExtendedData>
        <Point>
          <coordinates>
            102.77594,17.89063,0
          </coordinates>
        </Point>
      </Placemark>
      <Placemark>
        <name>PEA VOLTA บางจาก ท่าแซะ</name>
        <description><![CDATA[จังหวัด: ชุมพร<br>ที่อยู่สถานี: 131 ม.3 ถ.เพชรเกษม (4) ต.ท่าข้าม อ.ท่าแซะ จ.ชุมพร 86140 <br>Call Center: 1129 PEA Contact Center<br>เวลาทำการ: 00.00 น. - 24.00 น.<br>ละติจูด: 10.593375<br>ลองติจูด: 99.123183]]></description>
        <styleUrl>#icon-ci-1-labelson</styleUrl>
        <ExtendedData>
          <Data name="จังหวัด">
            <value>ชุมพร</value>
          </Data>
          <Data name="ที่อยู่สถานี">
            <value>131 ม.3 ถ.เพชรเกษม (4) ต.ท่าข้าม อ.ท่าแซะ จ.ชุมพร 86140 </value>
          </Data>
          <Data name="Call Center">
            <value>1129 PEA Contact Center</value>
          </Data>
          <Data name="เวลาทำการ">
            <value>00.00 น. - 24.00 น.</value>
          </Data>
          <Data name="ละติจูด">
            <value>10.593375</value>
          </Data>
          <Data name="ลองติจูด">
            <value>99.123183</value>
          </Data>
        </ExtendedData>
        <Point>
          <coordinates>
            99.123183,10.593375,0
          </coordinates>
        </Point>
      </Placemark>
      <Placemark>
        <name>PEA VOLTA บางจาก เมืองพังงา</name>
        <description><![CDATA[จังหวัด: พังงา<br>ที่อยู่สถานี: 29/38 ม.3 ต.ตากแดด อ.เมือง จ.พังงา 80180<br>Call Center: 1129 PEA Contact Center<br>เวลาทำการ: 00.00 น. - 24.00 น.<br>ละติจูด: 8.42492<br>ลองติจูด: 98.479834]]></description>
        <styleUrl>#icon-ci-1-labelson</styleUrl>
        <ExtendedData>
          <Data name="จังหวัด">
            <value>พังงา</value>
          </Data>
          <Data name="ที่อยู่สถานี">
            <value>29/38 ม.3 ต.ตากแดด อ.เมือง จ.พังงา 80180</value>
          </Data>
          <Data name="Call Center">
            <value>1129 PEA Contact Center</value>
          </Data>
          <Data name="เวลาทำการ">
            <value>00.00 น. - 24.00 น.</value>
          </Data>
          <Data name="ละติจูด">
            <value>8.42492</value>
          </Data>
          <Data name="ลองติจูด">
            <value>98.479834</value>
          </Data>
        </ExtendedData>
        <Point>
          <coordinates>
            98.479834,8.42492,0
          </coordinates>
        </Point>
      </Placemark>
      <Placemark>
        <name>PEA VOLTA บางจาก กะทู้</name>
        <description><![CDATA[จังหวัด: ภูเก็ต<br>ที่อยู่สถานี: 2/75-76 ม.2 ถ.ทางหลวงชนบท ป่าตอง-กะทู้ (2010) ต.กะทู้ อ.กะทู้ จ.ภูเก็ต 83120 <br>Call Center: 1129 PEA Contact Center<br>เวลาทำการ: 00.00 น. - 24.00 น.<br>ละติจูด: 7.908677<br>ลองติจูด: 98.344771]]></description>
        <styleUrl>#icon-ci-1-labelson</styleUrl>
        <ExtendedData>
          <Data name="จังหวัด">
            <value>ภูเก็ต</value>
          </Data>
          <Data name="ที่อยู่สถานี">
            <value>2/75-76 ม.2 ถ.ทางหลวงชนบท ป่าตอง-กะทู้ (2010) ต.กะทู้ อ.กะทู้ จ.ภูเก็ต 83120 </value>
          </Data>
          <Data name="Call Center">
            <value>1129 PEA Contact Center</value>
          </Data>
          <Data name="เวลาทำการ">
            <value>00.00 น. - 24.00 น.</value>
          </Data>
          <Data name="ละติจูด">
            <value>7.908677</value>
          </Data>
          <Data name="ลองติจูด">
            <value>98.344771</value>
          </Data>
        </ExtendedData>
        <Point>
          <coordinates>
            98.344771,7.908677,0
          </coordinates>
        </Point>
      </Placemark>
      <Placemark>
        <name>PEA VOLTA บางจาก เมืองภูเก็ต</name>
        <description><![CDATA[จังหวัด: ภูเก็ต<br>ที่อยู่สถานี: 24/11 ม.4 ถ.วิเศษ ต.ราไวย์ อ.เมือง จ.ภูเก็ต 83130<br>Call Center: 1129 PEA Contact Center<br>เวลาทำการ: 00.00 น. - 24.00 น.<br>ละติจูด: 7.807702<br>ลองติจูด: 98.336798]]></description>
        <styleUrl>#icon-ci-1-labelson</styleUrl>
        <ExtendedData>
          <Data name="จังหวัด">
            <value>ภูเก็ต</value>
          </Data>
          <Data name="ที่อยู่สถานี">
            <value>24/11 ม.4 ถ.วิเศษ ต.ราไวย์ อ.เมือง จ.ภูเก็ต 83130</value>
          </Data>
          <Data name="Call Center">
            <value>1129 PEA Contact Center</value>
          </Data>
          <Data name="เวลาทำการ">
            <value>00.00 น. - 24.00 น.</value>
          </Data>
          <Data name="ละติจูด">
            <value>7.807702</value>
          </Data>
          <Data name="ลองติจูด">
            <value>98.336798</value>
          </Data>
        </ExtendedData>
        <Point>
          <coordinates>
            98.336798,7.807702,0
          </coordinates>
        </Point>
      </Placemark>
      <Placemark>
        <name>PEA VOLTA สระแก้ว</name>
        <description><![CDATA[จังหวัด: สระแก้ว<br>ที่อยู่สถานี: 6 ถ.สุวรรณศร ต.สระแก้ว อ.เมืองสระแก้ว จ.สระแก้ว 27000<br>Call Center: 1129 PEA Contact Center<br>เวลาทำการ: 00.00 น. - 24.00 น.<br>ละติจูด: 13.839046<br>ลองติจูด: 102.046313]]></description>
        <styleUrl>#icon-ci-1-labelson</styleUrl>
        <ExtendedData>
          <Data name="จังหวัด">
            <value>สระแก้ว</value>
          </Data>
          <Data name="ที่อยู่สถานี">
            <value>6 ถ.สุวรรณศร ต.สระแก้ว อ.เมืองสระแก้ว จ.สระแก้ว 27000</value>
          </Data>
          <Data name="Call Center">
            <value>1129 PEA Contact Center</value>
          </Data>
          <Data name="เวลาทำการ">
            <value>00.00 น. - 24.00 น.</value>
          </Data>
          <Data name="ละติจูด">
            <value>13.839046</value>
          </Data>
          <Data name="ลองติจูด">
            <value>102.046313</value>
          </Data>
        </ExtendedData>
        <Point>
          <coordinates>
            102.046313,13.839046,0
          </coordinates>
        </Point>
      </Placemark>
      <Placemark>
        <name>PEA VOLTA บางจาก ท่าใหม่</name>
        <description><![CDATA[จังหวัด: จันทบุรี<br>ที่อยู่สถานี: 67/20 ม.3 ถ.สุขุมวิท ต.ทุ่งเบญจา อ.ท่าใหม่ จ.จันทบุรี 22170<br>Call Center: 1129 PEA Contact Center<br>เวลาทำการ: 05.30 น. - 23.00 น.<br>ละติจูด: 12.711805<br>ลองติจูด: 101.982054]]></description>
        <styleUrl>#icon-ci-1-labelson</styleUrl>
        <ExtendedData>
          <Data name="จังหวัด">
            <value>จันทบุรี</value>
          </Data>
          <Data name="ที่อยู่สถานี">
            <value>67/20 ม.3 ถ.สุขุมวิท ต.ทุ่งเบญจา อ.ท่าใหม่ จ.จันทบุรี 22170</value>
          </Data>
          <Data name="Call Center">
            <value>1129 PEA Contact Center</value>
          </Data>
          <Data name="เวลาทำการ">
            <value>05.30 น. - 23.00 น.</value>
          </Data>
          <Data name="ละติจูด">
            <value>12.711805</value>
          </Data>
          <Data name="ลองติจูด">
            <value>101.982054</value>
          </Data>
        </ExtendedData>
        <Point>
          <coordinates>
            101.982054,12.711805,0
          </coordinates>
        </Point>
      </Placemark>
      <Placemark>
        <name>PEA VOLTA บางจาก เมืองนครราชสีมา (มิตรภาพ กม. 134)</name>
        <description><![CDATA[จังหวัด: นครราชสีมา<br>ที่อยู่สถานี: 444/1 ม.8 ต.โคกกรวด อ.เมืองนครราชสีมา จ.นครราชสีมา 30280<br>Call Center: 1129 PEA Contact Center<br>เวลาทำการ: 00.00 น. - 24.00 น.<br>ละติจูด: 14.93461<br>ลองติจูด: 101.982751]]></description>
        <styleUrl>#icon-ci-1-labelson</styleUrl>
        <ExtendedData>
          <Data name="จังหวัด">
            <value>นครราชสีมา</value>
          </Data>
          <Data name="ที่อยู่สถานี">
            <value>444/1 ม.8 ต.โคกกรวด อ.เมืองนครราชสีมา จ.นครราชสีมา 30280</value>
          </Data>
          <Data name="Call Center">
            <value>1129 PEA Contact Center</value>
          </Data>
          <Data name="เวลาทำการ">
            <value>00.00 น. - 24.00 น.</value>
          </Data>
          <Data name="ละติจูด">
            <value>14.93461</value>
          </Data>
          <Data name="ลองติจูด">
            <value>101.982751</value>
          </Data>
        </ExtendedData>
        <Point>
          <coordinates>
            101.982751,14.93461,0
          </coordinates>
        </Point>
      </Placemark>
      <Placemark>
        <name>PEA VOLTA บางจาก เมืองขอนแก่น (มิตรภาพ กม.348)</name>
        <description><![CDATA[จังหวัด: ขอนแก่น<br>ที่อยู่สถานี: 485 ม.12 ถ.สายขอนแก่น-บ้านไผ่ (มิตรภาพ) ต.เมืองเก่า อ.เมืองขอนแก่น จ.ขอนแก่น 40000<br>Call Center: 1129 PEA Contact Center<br>เวลาทำการ: 00.00 น. - 24.00 น.<br>ละติจูด: 16.5194778<br>ลองติจูด: 102.8319109]]></description>
        <styleUrl>#icon-ci-1-labelson</styleUrl>
        <ExtendedData>
          <Data name="จังหวัด">
            <value>ขอนแก่น</value>
          </Data>
          <Data name="ที่อยู่สถานี">
            <value>485 ม.12 ถ.สายขอนแก่น-บ้านไผ่ (มิตรภาพ) ต.เมืองเก่า อ.เมืองขอนแก่น จ.ขอนแก่น 40000</value>
          </Data>
          <Data name="Call Center">
            <value>1129 PEA Contact Center</value>
          </Data>
          <Data name="เวลาทำการ">
            <value>00.00 น. - 24.00 น.</value>
          </Data>
          <Data name="ละติจูด">
            <value>16.5194778</value>
          </Data>
          <Data name="ลองติจูด">
            <value>102.8319109</value>
          </Data>
        </ExtendedData>
        <Point>
          <coordinates>
            102.8319109,16.5194778,0
          </coordinates>
        </Point>
      </Placemark>
      <Placemark>
        <name>PEA VOLTA บางจาก ทับสะแก</name>
        <description><![CDATA[จังหวัด: ประจวบคีรีขันธ์<br>ที่อยู่สถานี: 55/5 ม.1 ถ.เพชรเกษม ต.ทับสะแก อ.ทับสะแก จ.ประจวบคีรีขันธ์ 77130<br>Call Center: 1129 PEA Contact Center<br>เวลาทำการ: 00.00 น. - 24.00 น.<br>ละติจูด: 11.54551<br>ลองติจูด: 99.630973]]></description>
        <styleUrl>#icon-ci-1-labelson</styleUrl>
        <ExtendedData>
          <Data name="จังหวัด">
            <value>ประจวบคีรีขันธ์</value>
          </Data>
          <Data name="ที่อยู่สถานี">
            <value>55/5 ม.1 ถ.เพชรเกษม ต.ทับสะแก อ.ทับสะแก จ.ประจวบคีรีขันธ์ 77130</value>
          </Data>
          <Data name="Call Center">
            <value>1129 PEA Contact Center</value>
          </Data>
          <Data name="เวลาทำการ">
            <value>00.00 น. - 24.00 น.</value>
          </Data>
          <Data name="ละติจูด">
            <value>11.54551</value>
          </Data>
          <Data name="ลองติจูด">
            <value>99.630973</value>
          </Data>
        </ExtendedData>
        <Point>
          <coordinates>
            99.630973,11.54551,0
          </coordinates>
        </Point>
      </Placemark>
      <Placemark>
        <name>PEA VOLTA บางจาก ทุ่งสง</name>
        <description><![CDATA[จังหวัด: นครศรีธรรมราช<br>ที่อยู่สถานี: 83/1 ม.7	ต.หนองหงส์ อ.ทุ่งสง จ.นครศรีธรรมราช 80110<br>Call Center: 1129 PEA Contact Center<br>เวลาทำการ: 00.00 น. - 24.00 น.<br>ละติจูด: 8.175095<br>ลองติจูด: 99.6311276]]></description>
        <styleUrl>#icon-ci-1-labelson</styleUrl>
        <ExtendedData>
          <Data name="จังหวัด">
            <value>นครศรีธรรมราช</value>
          </Data>
          <Data name="ที่อยู่สถานี">
            <value>83/1 ม.7	ต.หนองหงส์ อ.ทุ่งสง จ.นครศรีธรรมราช 80110</value>
          </Data>
          <Data name="Call Center">
            <value>1129 PEA Contact Center</value>
          </Data>
          <Data name="เวลาทำการ">
            <value>00.00 น. - 24.00 น.</value>
          </Data>
          <Data name="ละติจูด">
            <value>8.175095</value>
          </Data>
          <Data name="ลองติจูด">
            <value>99.6311276</value>
          </Data>
        </ExtendedData>
        <Point>
          <coordinates>
            99.6311276,8.175095,0
          </coordinates>
        </Point>
      </Placemark>
      <Placemark>
        <name>PEA VOLTA บางจาก หาดใหญ่</name>
        <description><![CDATA[จังหวัด: สงขลา<br>ที่อยู่สถานี: 46/1 ถ.เพชรเกษม ต.หาดใหญ่ อ.หาดใหญ่ จ.สงขลา 90110<br>Call Center: 1129 PEA Contact Center<br>เวลาทำการ: 06.00 น. - 20.00 น.<br>ละติจูด: 7.004133<br>ลองติจูด: 100.460182]]></description>
        <styleUrl>#icon-ci-1-labelson</styleUrl>
        <ExtendedData>
          <Data name="จังหวัด">
            <value>สงขลา</value>
          </Data>
          <Data name="ที่อยู่สถานี">
            <value>46/1 ถ.เพชรเกษม ต.หาดใหญ่ อ.หาดใหญ่ จ.สงขลา 90110</value>
          </Data>
          <Data name="Call Center">
            <value>1129 PEA Contact Center</value>
          </Data>
          <Data name="เวลาทำการ">
            <value>06.00 น. - 20.00 น.</value>
          </Data>
          <Data name="ละติจูด">
            <value>7.004133</value>
          </Data>
          <Data name="ลองติจูด">
            <value>100.460182</value>
          </Data>
        </ExtendedData>
        <Point>
          <coordinates>
            100.460182,7.004133,0
          </coordinates>
        </Point>
      </Placemark>
      <Placemark>
        <name>PEA VOLTA อุบลราชธานี</name>
        <description><![CDATA[จังหวัด: อุบลราชธานี<br>ที่อยู่สถานี: 195 ม.7 ถ.เลี่ยงเมือง 	ต.แจระแม	อ.เมืองอุบลราชธานี จ.อุบลราชธานี 34000<br>Call Center: 1129 PEA Contact Center<br>เวลาทำการ: 00.00 น. - 24.00 น.<br>ละติจูด: 15.245727<br>ลองติจูด: 104.824689]]></description>
        <styleUrl>#icon-ci-1-labelson</styleUrl>
        <ExtendedData>
          <Data name="จังหวัด">
            <value>อุบลราชธานี</value>
          </Data>
          <Data name="ที่อยู่สถานี">
            <value>195 ม.7 ถ.เลี่ยงเมือง 	ต.แจระแม	อ.เมืองอุบลราชธานี จ.อุบลราชธานี 34000</value>
          </Data>
          <Data name="Call Center">
            <value>1129 PEA Contact Center</value>
          </Data>
          <Data name="เวลาทำการ">
            <value>00.00 น. - 24.00 น.</value>
          </Data>
          <Data name="ละติจูด">
            <value>15.245727</value>
          </Data>
          <Data name="ลองติจูด">
            <value>104.824689</value>
          </Data>
        </ExtendedData>
        <Point>
          <coordinates>
            104.824689,15.245727,0
          </coordinates>
        </Point>
      </Placemark>
      <Placemark>
        <name>PEA VOLTA บางจาก ซุปเปอร์ไฮเวย์เชียงใหม่</name>
        <description><![CDATA[จังหวัด: เชียงใหม่<br>ที่อยู่สถานี: 99 ม.1 ถ.ซุปเปอร์ไฮเวย์ ต.หนองป่าครั่ง อ.เมืองเชียงใหม่ จ.เชียงใหม่ 50000<br>Call Center: 1129 PEA Contact Center<br>เวลาทำการ: 00.00 น. - 24.00 น.<br>ละติจูด: 18.79156<br>ลองติจูด: 99.024251]]></description>
        <styleUrl>#icon-ci-1-labelson</styleUrl>
        <ExtendedData>
          <Data name="จังหวัด">
            <value>เชียงใหม่</value>
          </Data>
          <Data name="ที่อยู่สถานี">
            <value>99 ม.1 ถ.ซุปเปอร์ไฮเวย์ ต.หนองป่าครั่ง อ.เมืองเชียงใหม่ จ.เชียงใหม่ 50000</value>
          </Data>
          <Data name="Call Center">
            <value>1129 PEA Contact Center</value>
          </Data>
          <Data name="เวลาทำการ">
            <value>00.00 น. - 24.00 น.</value>
          </Data>
          <Data name="ละติจูด">
            <value>18.79156</value>
          </Data>
          <Data name="ลองติจูด">
            <value>99.024251</value>
          </Data>
        </ExtendedData>
        <Point>
          <coordinates>
            99.024251,18.79156,0
          </coordinates>
        </Point>
      </Placemark>
      <Placemark>
        <name>PEA VOLTA บางจาก แม่ลาว</name>
        <description><![CDATA[จังหวัด: เชียงราย<br>ที่อยู่สถานี: 59 ม.2 ถ.พหลโยธิน(พาน-เชียงราย) ต.จอมหมอกแก้ว อ.แม่ลาว จ.เชียงราย 57250<br>Call Center: 1129 PEA Contact Center<br>เวลาทำการ: 05.30 น. - 22.00 น.<br>ละติจูด: 19.754222<br>ลองติจูด: 99.731283]]></description>
        <styleUrl>#icon-ci-1-labelson</styleUrl>
        <ExtendedData>
          <Data name="จังหวัด">
            <value>เชียงราย</value>
          </Data>
          <Data name="ที่อยู่สถานี">
            <value>59 ม.2 ถ.พหลโยธิน(พาน-เชียงราย) ต.จอมหมอกแก้ว อ.แม่ลาว จ.เชียงราย 57250</value>
          </Data>
          <Data name="Call Center">
            <value>1129 PEA Contact Center</value>
          </Data>
          <Data name="เวลาทำการ">
            <value>05.30 น. - 22.00 น.</value>
          </Data>
          <Data name="ละติจูด">
            <value>19.754222</value>
          </Data>
          <Data name="ลองติจูด">
            <value>99.731283</value>
          </Data>
        </ExtendedData>
        <Point>
          <coordinates>
            99.731283,19.754222,0
          </coordinates>
        </Point>
      </Placemark>
      <Placemark>
        <name>PEA VOLTA บางจาก พยุหะคีรี</name>
        <description><![CDATA[จังหวัด: นครสวรรค์<br>ที่อยู่สถานี: 41/1 ม.2 ถ.พหลโยธิน ต.ย่านมัทรี อ.พยุหะคีรี จ.นครสวรรค์ 60130<br>Call Center: 1129 PEA Contact Center<br>เวลาทำการ: 00.00 น. - 24.00 น.<br>ละติจูด: 15.498681<br>ลองติจูด: 100.128167]]></description>
        <styleUrl>#icon-ci-1-labelson</styleUrl>
        <ExtendedData>
          <Data name="จังหวัด">
            <value>นครสวรรค์</value>
          </Data>
          <Data name="ที่อยู่สถานี">
            <value>41/1 ม.2 ถ.พหลโยธิน ต.ย่านมัทรี อ.พยุหะคีรี จ.นครสวรรค์ 60130</value>
          </Data>
          <Data name="Call Center">
            <value>1129 PEA Contact Center</value>
          </Data>
          <Data name="เวลาทำการ">
            <value>00.00 น. - 24.00 น.</value>
          </Data>
          <Data name="ละติจูด">
            <value>15.498681</value>
          </Data>
          <Data name="ลองติจูด">
            <value>100.128167</value>
          </Data>
        </ExtendedData>
        <Point>
          <coordinates>
            100.128167,15.498681,0
          </coordinates>
        </Point>
      </Placemark>
      <Placemark>
        <name>PEA VOLTA บางจาก ขุขันธ์</name>
        <description><![CDATA[จังหวัด: ศรีสะเกษ<br>ที่อยู่สถานี: 58 ม.8 ถ.ทางหลวงแผ่นดินสายโชคชัย-เดชอุดม (24) ต.นิคมพัฒนา อ.ขุขันธ์ จ.ศรีสะ<br>เกษ 33140<br>Call Center: 1129 PEA Contact Center<br>เวลาทำการ: 06.00 น. - 20.00 น.<br>ละติจูด: 14.65506<br>ลองติจูด: 104.227672]]></description>
        <styleUrl>#icon-ci-1-labelson</styleUrl>
        <ExtendedData>
          <Data name="จังหวัด">
            <value>ศรีสะเกษ</value>
          </Data>
          <Data name="ที่อยู่สถานี">
            <value>58 ม.8 ถ.ทางหลวงแผ่นดินสายโชคชัย-เดชอุดม (24) ต.นิคมพัฒนา อ.ขุขันธ์ จ.ศรีสะ
เกษ 33140</value>
          </Data>
          <Data name="Call Center">
            <value>1129 PEA Contact Center</value>
          </Data>
          <Data name="เวลาทำการ">
            <value>06.00 น. - 20.00 น.</value>
          </Data>
          <Data name="ละติจูด">
            <value>14.65506</value>
          </Data>
          <Data name="ลองติจูด">
            <value>104.227672</value>
          </Data>
        </ExtendedData>
        <Point>
          <coordinates>
            104.227672,14.65506,0
          </coordinates>
        </Point>
      </Placemark>
      <Placemark>
        <name>PEA VOLTA บางจาก ประโคนชัย</name>
        <description><![CDATA[จังหวัด: บุรีรัมย์<br>ที่อยู่สถานี: 105 ม.1 ต.โคกม้า อ.ประโคนชัย จ.บุรีรัมย์ 31140<br>Call Center: 1129 PEA Contact Center<br>เวลาทำการ: 05.30 น. - 23.00 น.<br>ละติจูด: 14.611971<br>ลองติจูด: 103.057427]]></description>
        <styleUrl>#icon-ci-1-labelson</styleUrl>
        <ExtendedData>
          <Data name="จังหวัด">
            <value>บุรีรัมย์</value>
          </Data>
          <Data name="ที่อยู่สถานี">
            <value>105 ม.1 ต.โคกม้า อ.ประโคนชัย จ.บุรีรัมย์ 31140</value>
          </Data>
          <Data name="Call Center">
            <value>1129 PEA Contact Center</value>
          </Data>
          <Data name="เวลาทำการ">
            <value>05.30 น. - 23.00 น.</value>
          </Data>
          <Data name="ละติจูด">
            <value>14.611971</value>
          </Data>
          <Data name="ลองติจูด">
            <value>103.057427</value>
          </Data>
        </ExtendedData>
        <Point>
          <coordinates>
            103.057427,14.611971,0
          </coordinates>
        </Point>
      </Placemark>
      <Placemark>
        <name>PEA VOLTA บางจาก เมืองบุรีรัมย์ (คูเมือง-พุทไธสง)</name>
        <description><![CDATA[จังหวัด: บุรีรัมย์<br>ที่อยู่สถานี: 188 ม.3 ถ.บุรีรัมย์-คูเมือง ต.ชุมเห็ด อ.เมือง จ.บุรีรัมย์ 31000<br>Call Center: 1129 PEA Contact Center<br>เวลาทำการ: 06.00 น. - 20.00 น.<br>ละติจูด: 15.053641<br>ลองติจูด: 103.084562]]></description>
        <styleUrl>#icon-ci-1-labelson</styleUrl>
        <ExtendedData>
          <Data name="จังหวัด">
            <value>บุรีรัมย์</value>
          </Data>
          <Data name="ที่อยู่สถานี">
            <value>188 ม.3 ถ.บุรีรัมย์-คูเมือง ต.ชุมเห็ด อ.เมือง จ.บุรีรัมย์ 31000</value>
          </Data>
          <Data name="Call Center">
            <value>1129 PEA Contact Center</value>
          </Data>
          <Data name="เวลาทำการ">
            <value>06.00 น. - 20.00 น.</value>
          </Data>
          <Data name="ละติจูด">
            <value>15.053641</value>
          </Data>
          <Data name="ลองติจูด">
            <value>103.084562</value>
          </Data>
        </ExtendedData>
        <Point>
          <coordinates>
            103.084562,15.053641,0
          </coordinates>
        </Point>
      </Placemark>
      <Placemark>
        <name>PEA VOLTA บางจาก บึงนาราง</name>
        <description><![CDATA[จังหวัด: พิจิตร<br>ที่อยู่สถานี: 456 ม.2 ต.บึงนาราง อ.บึงนาราง จ.พิจิตร 66130<br>Call Center: 1129 PEA Contact Center<br>เวลาทำการ: 00.00 น. - 24.00 น.<br>ละติจูด: 16.185515<br>ลองติจูด: 100.12824]]></description>
        <styleUrl>#icon-ci-1-labelson</styleUrl>
        <ExtendedData>
          <Data name="จังหวัด">
            <value>พิจิตร</value>
          </Data>
          <Data name="ที่อยู่สถานี">
            <value>456 ม.2 ต.บึงนาราง อ.บึงนาราง จ.พิจิตร 66130</value>
          </Data>
          <Data name="Call Center">
            <value>1129 PEA Contact Center</value>
          </Data>
          <Data name="เวลาทำการ">
            <value>00.00 น. - 24.00 น.</value>
          </Data>
          <Data name="ละติจูด">
            <value>16.185515</value>
          </Data>
          <Data name="ลองติจูด">
            <value>100.12824</value>
          </Data>
        </ExtendedData>
        <Point>
          <coordinates>
            100.12824,16.185515,0
          </coordinates>
        </Point>
      </Placemark>
      <Placemark>
        <name>PEA VOLTA บางจาก เมืองตรัง</name>
        <description><![CDATA[จังหวัด: ตรัง<br>ที่อยู่สถานี: 6 ถ.วิเศษกุล ต.นาตาล่วง อ.เมือง จ.ตรัง 92000<br>Call Center: 1129 PEA Contact Center<br>เวลาทำการ: 00.00 น. - 24.00 น.<br>ละติจูด: 7.5611534<br>ลองติจูด: 99.6059461]]></description>
        <styleUrl>#icon-ci-1-labelson</styleUrl>
        <ExtendedData>
          <Data name="จังหวัด">
            <value>ตรัง</value>
          </Data>
          <Data name="ที่อยู่สถานี">
            <value>6 ถ.วิเศษกุล ต.นาตาล่วง อ.เมือง จ.ตรัง 92000</value>
          </Data>
          <Data name="Call Center">
            <value>1129 PEA Contact Center</value>
          </Data>
          <Data name="เวลาทำการ">
            <value>00.00 น. - 24.00 น.</value>
          </Data>
          <Data name="ละติจูด">
            <value>7.5611534</value>
          </Data>
          <Data name="ลองติจูด">
            <value>99.6059461</value>
          </Data>
        </ExtendedData>
        <Point>
          <coordinates>
            99.6059461,7.5611534,0
          </coordinates>
        </Point>
      </Placemark>
      <Placemark>
        <name>PEA VOLTA บางจาก เมืองระยอง</name>
        <description><![CDATA[จังหวัด: ระยอง<br>ที่อยู่สถานี: 351/2 ถ.สุขุมวิท ต.เนินพระ อ.เมือง จ.ระยอง 21000<br>Call Center: 1129 PEA Contact Center<br>เวลาทำการ: 00.00 น. - 24.00 น.<br>ละติจูด: 12.6825<br>ลองติจูด: 101.254501]]></description>
        <styleUrl>#icon-ci-1-labelson</styleUrl>
        <ExtendedData>
          <Data name="จังหวัด">
            <value>ระยอง</value>
          </Data>
          <Data name="ที่อยู่สถานี">
            <value>351/2 ถ.สุขุมวิท ต.เนินพระ อ.เมือง จ.ระยอง 21000</value>
          </Data>
          <Data name="Call Center">
            <value>1129 PEA Contact Center</value>
          </Data>
          <Data name="เวลาทำการ">
            <value>00.00 น. - 24.00 น.</value>
          </Data>
          <Data name="ละติจูด">
            <value>12.6825</value>
          </Data>
          <Data name="ลองติจูด">
            <value>101.254501</value>
          </Data>
        </ExtendedData>
        <Point>
          <coordinates>
            101.254501,12.6825,0
          </coordinates>
        </Point>
      </Placemark>
      <Placemark>
        <name>PEA VOLTA บางจาก เมืองชลบุรี</name>
        <description><![CDATA[จังหวัด: ชลบุรี<br>ที่อยู่สถานี: ถนนเลี่ยงเมืองชลบุรี ต. บ้านสวน อ.เมืองชลบุรี จ.ชลบุรี 20000<br>Call Center: 1129 PEA Contact Center<br>เวลาทำการ: 00.00 น. - 24.00 น.<br>ละติจูด: 13.36191<br>ลองติจูด: 101.015691]]></description>
        <styleUrl>#icon-ci-1-labelson</styleUrl>
        <ExtendedData>
          <Data name="จังหวัด">
            <value>ชลบุรี</value>
          </Data>
          <Data name="ที่อยู่สถานี">
            <value>ถนนเลี่ยงเมืองชลบุรี ต. บ้านสวน อ.เมืองชลบุรี จ.ชลบุรี 20000</value>
          </Data>
          <Data name="Call Center">
            <value>1129 PEA Contact Center</value>
          </Data>
          <Data name="เวลาทำการ">
            <value>00.00 น. - 24.00 น.</value>
          </Data>
          <Data name="ละติจูด">
            <value>13.36191</value>
          </Data>
          <Data name="ลองติจูด">
            <value>101.015691</value>
          </Data>
        </ExtendedData>
        <Point>
          <coordinates>
            101.015691,13.36191,0
          </coordinates>
        </Point>
      </Placemark>
      <Placemark>
        <name>PEA VOLTA บางจาก วังจันทร์</name>
        <description><![CDATA[จังหวัด: ระยอง<br>ที่อยู่สถานี: 168 ม.6 ต.ป่ายุบใน อ.วังจันทร์ จ.ระยอง 21210<br>Call Center: 1129 PEA Contact Center<br>เวลาทำการ: 00.00 น. - 24.00 น.<br>ละติจูด: 13.038284<br>ลองติจูด: 101.434814]]></description>
        <styleUrl>#icon-ci-1-labelson</styleUrl>
        <ExtendedData>
          <Data name="จังหวัด">
            <value>ระยอง</value>
          </Data>
          <Data name="ที่อยู่สถานี">
            <value>168 ม.6 ต.ป่ายุบใน อ.วังจันทร์ จ.ระยอง 21210</value>
          </Data>
          <Data name="Call Center">
            <value>1129 PEA Contact Center</value>
          </Data>
          <Data name="เวลาทำการ">
            <value>00.00 น. - 24.00 น.</value>
          </Data>
          <Data name="ละติจูด">
            <value>13.038284</value>
          </Data>
          <Data name="ลองติจูด">
            <value>101.434814</value>
          </Data>
        </ExtendedData>
        <Point>
          <coordinates>
            101.434814,13.038284,0
          </coordinates>
        </Point>
      </Placemark>
      <Placemark>
        <name>PEA VOLTA บางจาก ชะอวด</name>
        <description><![CDATA[จังหวัด: นครศรีธรรมราช<br>ที่อยู่สถานี: 228/4 ม.2 ถ.ทางหลวงหมายเลข 41 ต.เกาะขันธ์ อ.ชะอวด จ.นครศรีธรรมราช<br>Call Center: 1129 PEA Contact Center<br>เวลาทำการ: 05.30 น. - 21.00 น.<br>ละติจูด: 7.898508<br>ลองติจูด: 99.928921]]></description>
        <styleUrl>#icon-ci-1-labelson</styleUrl>
        <ExtendedData>
          <Data name="จังหวัด">
            <value>นครศรีธรรมราช</value>
          </Data>
          <Data name="ที่อยู่สถานี">
            <value>228/4 ม.2 ถ.ทางหลวงหมายเลข 41 ต.เกาะขันธ์ อ.ชะอวด จ.นครศรีธรรมราช</value>
          </Data>
          <Data name="Call Center">
            <value>1129 PEA Contact Center</value>
          </Data>
          <Data name="เวลาทำการ">
            <value>05.30 น. - 21.00 น.</value>
          </Data>
          <Data name="ละติจูด">
            <value>7.898508</value>
          </Data>
          <Data name="ลองติจูด">
            <value>99.928921</value>
          </Data>
        </ExtendedData>
        <Point>
          <coordinates>
            99.928921,7.898508,0
          </coordinates>
        </Point>
      </Placemark>
      <Placemark>
        <name>PEA VOLTA บางจาก เขาสมิง</name>
        <description><![CDATA[จังหวัด: ตราด<br>ที่อยู่สถานี: 92/1 ม.5 ถ.สุขุมวิท ต.แสนตุ้ง อ.เขาสมิง จ.ตราด 23150<br>Call Center: 1129 PEA Contact Center<br>เวลาทำการ: 06.00 น. - 20.00 น.<br>ละติจูด: 12.378657<br>ลองติจูด: 102.376825]]></description>
        <styleUrl>#icon-ci-1-labelson</styleUrl>
        <ExtendedData>
          <Data name="จังหวัด">
            <value>ตราด</value>
          </Data>
          <Data name="ที่อยู่สถานี">
            <value>92/1 ม.5 ถ.สุขุมวิท ต.แสนตุ้ง อ.เขาสมิง จ.ตราด 23150</value>
          </Data>
          <Data name="Call Center">
            <value>1129 PEA Contact Center</value>
          </Data>
          <Data name="เวลาทำการ">
            <value>06.00 น. - 20.00 น.</value>
          </Data>
          <Data name="ละติจูด">
            <value>12.378657</value>
          </Data>
          <Data name="ลองติจูด">
            <value>102.376825</value>
          </Data>
        </ExtendedData>
        <Point>
          <coordinates>
            102.376825,12.378657,0
          </coordinates>
        </Point>
      </Placemark>
      <Placemark>
        <name>PEA VOLTA บางจาก วังน้อย (พหลโยธิน กม.57)</name>
        <description><![CDATA[จังหวัด: พระนครศรีอยุธยา<br>ที่อยู่สถานี: 555 ม.2 ถ.พหลโยธิน ต.ลำไทร อ.วังน้อย จ.พระนครศรีอยุธยา 13170<br>Call Center: 1129 PEA Contact Center<br>เวลาทำการ: 00.00 น. - 24.00 น.<br>ละติจูด: 14.19522<br>ลองติจูด: 100.6462]]></description>
        <styleUrl>#icon-ci-1-labelson</styleUrl>
        <ExtendedData>
          <Data name="จังหวัด">
            <value>พระนครศรีอยุธยา</value>
          </Data>
          <Data name="ที่อยู่สถานี">
            <value>555 ม.2 ถ.พหลโยธิน ต.ลำไทร อ.วังน้อย จ.พระนครศรีอยุธยา 13170</value>
          </Data>
          <Data name="Call Center">
            <value>1129 PEA Contact Center</value>
          </Data>
          <Data name="เวลาทำการ">
            <value>00.00 น. - 24.00 น.</value>
          </Data>
          <Data name="ละติจูด">
            <value>14.19522</value>
          </Data>
          <Data name="ลองติจูด">
            <value>100.6462</value>
          </Data>
        </ExtendedData>
        <Point>
          <coordinates>
            100.6462,14.19522,0
          </coordinates>
        </Point>
      </Placemark>
      <Placemark>
        <name>PEA VOLTA บางจาก แกลง</name>
        <description><![CDATA[จังหวัด: ระยอง<br>ที่อยู่สถานี: 337/1 ถ.สุขุมวิท ต.ทางเกวียน อ.แกลง จ.ระยอง 21110<br>Call Center: 1129 PEA Contact Center<br>เวลาทำการ: 00.00 น. - 24.00 น.<br>ละติจูด: 12.78675<br>ลองติจูด: 101.67267]]></description>
        <styleUrl>#icon-ci-1-labelson</styleUrl>
        <ExtendedData>
          <Data name="จังหวัด">
            <value>ระยอง</value>
          </Data>
          <Data name="ที่อยู่สถานี">
            <value>337/1 ถ.สุขุมวิท ต.ทางเกวียน อ.แกลง จ.ระยอง 21110</value>
          </Data>
          <Data name="Call Center">
            <value>1129 PEA Contact Center</value>
          </Data>
          <Data name="เวลาทำการ">
            <value>00.00 น. - 24.00 น.</value>
          </Data>
          <Data name="ละติจูด">
            <value>12.78675</value>
          </Data>
          <Data name="ลองติจูด">
            <value>101.67267</value>
          </Data>
        </ExtendedData>
        <Point>
          <coordinates>
            101.67267,12.78675,0
          </coordinates>
        </Point>
      </Placemark>
      <Placemark>
        <name>PEA VOLTA บางจาก ดอยสะเก็ด</name>
        <description><![CDATA[จังหวัด: เชียงใหม่<br>ที่อยู่สถานี: 480-480/1 ม.3 ถ.ติดทางหลวงจังหวัดสายดอยสะเก็ด-แม่สาย (1019) ต.เชิงดอย อ.ดอยสะเก็ด จ.เชียงใหม่ 50220<br>Call Center: 1129 PEA Contact Center<br>เวลาทำการ: 05.30 น. - 21.30 น.<br>ละติจูด: 18.873265<br>ลองติจูด: 99.13353]]></description>
        <styleUrl>#icon-ci-1-labelson</styleUrl>
        <ExtendedData>
          <Data name="จังหวัด">
            <value>เชียงใหม่</value>
          </Data>
          <Data name="ที่อยู่สถานี">
            <value>480-480/1 ม.3 ถ.ติดทางหลวงจังหวัดสายดอยสะเก็ด-แม่สาย (1019) ต.เชิงดอย อ.ดอยสะเก็ด จ.เชียงใหม่ 50220</value>
          </Data>
          <Data name="Call Center">
            <value>1129 PEA Contact Center</value>
          </Data>
          <Data name="เวลาทำการ">
            <value>05.30 น. - 21.30 น.</value>
          </Data>
          <Data name="ละติจูด">
            <value>18.873265</value>
          </Data>
          <Data name="ลองติจูด">
            <value>99.13353</value>
          </Data>
        </ExtendedData>
        <Point>
          <coordinates>
            99.13353,18.873265,0
          </coordinates>
        </Point>
      </Placemark>
      <Placemark>
        <name>PEA VOLTA บางจาก ห้างฉัตร</name>
        <description><![CDATA[จังหวัด: ลำปาง<br>ที่อยู่สถานี: 141 ม.1 ถ.สายล าปาง-เชียงใหม่ ต.ปงยางคก อ.ห้างฉัตร จ.ลำปาง 52190<br>Call Center: 1129 PEA Contact Center<br>เวลาทำการ: 06.30 น. - 22.00 น.<br>ละติจูด: 18.310821<br>ลองติจูด: 99.390024]]></description>
        <styleUrl>#icon-ci-1-labelson</styleUrl>
        <ExtendedData>
          <Data name="จังหวัด">
            <value>ลำปาง</value>
          </Data>
          <Data name="ที่อยู่สถานี">
            <value>141 ม.1 ถ.สายล าปาง-เชียงใหม่ ต.ปงยางคก อ.ห้างฉัตร จ.ลำปาง 52190</value>
          </Data>
          <Data name="Call Center">
            <value>1129 PEA Contact Center</value>
          </Data>
          <Data name="เวลาทำการ">
            <value>06.30 น. - 22.00 น.</value>
          </Data>
          <Data name="ละติจูด">
            <value>18.310821</value>
          </Data>
          <Data name="ลองติจูด">
            <value>99.390024</value>
          </Data>
        </ExtendedData>
        <Point>
          <coordinates>
            99.390024,18.310821,0
          </coordinates>
        </Point>
      </Placemark>
      <Placemark>
        <name>PEA VOLTA บางจาก ท่าม่วง (ติดโฮมโปร กาญจนบุรี)</name>
        <description><![CDATA[จังหวัด: กาญจนบุรี<br>ที่อยู่สถานี: 6 6 ม.1 ต.ท่าล้อ อ.ท่าม่วง จ.กาญจนบุรี 71000<br>Call Center: 1129 PEA Contact Center<br>เวลาทำการ: 05.30 น. - 23.00 น.<br>ละติจูด: 13.994435<br>ลองติจูด: 99.560766]]></description>
        <styleUrl>#icon-ci-1-labelson</styleUrl>
        <ExtendedData>
          <Data name="จังหวัด">
            <value>กาญจนบุรี</value>
          </Data>
          <Data name="ที่อยู่สถานี">
            <value>6 6 ม.1 ต.ท่าล้อ อ.ท่าม่วง จ.กาญจนบุรี 71000</value>
          </Data>
          <Data name="Call Center">
            <value>1129 PEA Contact Center</value>
          </Data>
          <Data name="เวลาทำการ">
            <value>05.30 น. - 23.00 น.</value>
          </Data>
          <Data name="ละติจูด">
            <value>13.994435</value>
          </Data>
          <Data name="ลองติจูด">
            <value>99.560766</value>
          </Data>
        </ExtendedData>
        <Point>
          <coordinates>
            99.560766,13.994435,0
          </coordinates>
        </Point>
      </Placemark>
      <Placemark>
        <name>PEA VOLTA บางจาก เมืองนครปฐม (เพชรเกษม กม. 61 ขาเข้า)</name>
        <description><![CDATA[จังหวัด: นครปฐม<br>ที่อยู่สถานี: 272 ม.2 ถ.เพชรเกษม ต.ลำพยา อ.เมือง จ.นครปฐม 73000<br>Call Center: 1129 PEA Contact Center<br>เวลาทำการ: 00.00 น. - 24.00 น.<br>ละติจูด: 13.8034513<br>ลองติจูด: 100.022992]]></description>
        <styleUrl>#icon-ci-1-labelson</styleUrl>
        <ExtendedData>
          <Data name="จังหวัด">
            <value>นครปฐม</value>
          </Data>
          <Data name="ที่อยู่สถานี">
            <value>272 ม.2 ถ.เพชรเกษม ต.ลำพยา อ.เมือง จ.นครปฐม 73000</value>
          </Data>
          <Data name="Call Center">
            <value>1129 PEA Contact Center</value>
          </Data>
          <Data name="เวลาทำการ">
            <value>00.00 น. - 24.00 น.</value>
          </Data>
          <Data name="ละติจูด">
            <value>13.8034513</value>
          </Data>
          <Data name="ลองติจูด">
            <value>100.022992</value>
          </Data>
        </ExtendedData>
        <Point>
          <coordinates>
            100.022992,13.8034513,0
          </coordinates>
        </Point>
      </Placemark>
      <Placemark>
        <name>PEA VOLTA บางจาก แม่ริม</name>
        <description><![CDATA[จังหวัด: เชียงใหม่<br>ที่อยู่สถานี: 197 ม.4 ถ.สายเชียงใหม่-ฝาง ต.แม่สา อ.แม่ริม จ.เชียงใหม่ 50180<br>Call Center: 1129 PEA Contact Center<br>เวลาทำการ: 05.30 น. - 23.00 น.<br>ละติจูด: 18.9011<br>ลองติจูด: 98.94993]]></description>
        <styleUrl>#icon-ci-1-labelson</styleUrl>
        <ExtendedData>
          <Data name="จังหวัด">
            <value>เชียงใหม่</value>
          </Data>
          <Data name="ที่อยู่สถานี">
            <value>197 ม.4 ถ.สายเชียงใหม่-ฝาง ต.แม่สา อ.แม่ริม จ.เชียงใหม่ 50180</value>
          </Data>
          <Data name="Call Center">
            <value>1129 PEA Contact Center</value>
          </Data>
          <Data name="เวลาทำการ">
            <value>05.30 น. - 23.00 น.</value>
          </Data>
          <Data name="ละติจูด">
            <value>18.9011</value>
          </Data>
          <Data name="ลองติจูด">
            <value>98.94993</value>
          </Data>
        </ExtendedData>
        <Point>
          <coordinates>
            98.94993,18.9011,0
          </coordinates>
        </Point>
      </Placemark>
      <Placemark>
        <name>PEA VOLTA PEA VOLTA บางจาก ดอยหล่อ</name>
        <description><![CDATA[จังหวัด: เชียงใหม่<br>ที่อยู่สถานี: 19 ม.23 ต.ดอยหล่อ อ.ดอยหล่อ จ.เชียงใหม่ 50160<br>Call Center: 1129 PEA Contact Center<br>เวลาทำการ: 04.30 น. - 23.00 น.<br>ละติจูด: 18.4525122<br>ลองติจูด: 98.7519008]]></description>
        <styleUrl>#icon-ci-1-labelson</styleUrl>
        <ExtendedData>
          <Data name="จังหวัด">
            <value>เชียงใหม่</value>
          </Data>
          <Data name="ที่อยู่สถานี">
            <value>19 ม.23 ต.ดอยหล่อ อ.ดอยหล่อ จ.เชียงใหม่ 50160</value>
          </Data>
          <Data name="Call Center">
            <value>1129 PEA Contact Center</value>
          </Data>
          <Data name="เวลาทำการ">
            <value>04.30 น. - 23.00 น.</value>
          </Data>
          <Data name="ละติจูด">
            <value>18.4525122</value>
          </Data>
          <Data name="ลองติจูด">
            <value>98.7519008</value>
          </Data>
        </ExtendedData>
        <Point>
          <coordinates>
            98.7519008,18.4525122,0
          </coordinates>
        </Point>
      </Placemark>
      <Placemark>
        <name>PEA VOLTA บางจาก นาโคก (ขาออก)</name>
        <description><![CDATA[จังหวัด: สมุทรสาคร<br>ที่อยู่สถานี: 84/7 ม.2 ถ.สายธนบุรี-ปากท่อ ต.นาโคก อ.เมือง จ.สมุทรสาคร 74000<br>Call Center: 1129 PEA Contact Center<br>เวลาทำการ: 00.00 น. - 24.00 น.<br>ละติจูด: 13.452056<br>ลองติจูด: 100.084284]]></description>
        <styleUrl>#icon-ci-1-labelson</styleUrl>
        <ExtendedData>
          <Data name="จังหวัด">
            <value>สมุทรสาคร</value>
          </Data>
          <Data name="ที่อยู่สถานี">
            <value>84/7 ม.2 ถ.สายธนบุรี-ปากท่อ ต.นาโคก อ.เมือง จ.สมุทรสาคร 74000</value>
          </Data>
          <Data name="Call Center">
            <value>1129 PEA Contact Center</value>
          </Data>
          <Data name="เวลาทำการ">
            <value>00.00 น. - 24.00 น.</value>
          </Data>
          <Data name="ละติจูด">
            <value>13.452056</value>
          </Data>
          <Data name="ลองติจูด">
            <value>100.084284</value>
          </Data>
        </ExtendedData>
        <Point>
          <coordinates>
            100.084284,13.452056,0
          </coordinates>
        </Point>
      </Placemark>
      <Placemark>
        <name>PEA VOLTA บางจาก สามพราน</name>
        <description><![CDATA[จังหวัด: นครปฐม<br>ที่อยู่สถานี: 18/8 ม.2 ถ.สายปิ่นเกล้า-นครชัยศรี ต.บางเตย อ.สามพราน จ.นครปฐม 73110<br>Call Center: 1129 PEA Contact Center<br>เวลาทำการ: 05.30 น. - 23.00 น.<br>ละติจูด: 13.785147<br>ลองติจูด: 100.272556]]></description>
        <styleUrl>#icon-ci-1-labelson</styleUrl>
        <ExtendedData>
          <Data name="จังหวัด">
            <value>นครปฐม</value>
          </Data>
          <Data name="ที่อยู่สถานี">
            <value>18/8 ม.2 ถ.สายปิ่นเกล้า-นครชัยศรี ต.บางเตย อ.สามพราน จ.นครปฐม 73110</value>
          </Data>
          <Data name="Call Center">
            <value>1129 PEA Contact Center</value>
          </Data>
          <Data name="เวลาทำการ">
            <value>05.30 น. - 23.00 น.</value>
          </Data>
          <Data name="ละติจูด">
            <value>13.785147</value>
          </Data>
          <Data name="ลองติจูด">
            <value>100.272556</value>
          </Data>
        </ExtendedData>
        <Point>
          <coordinates>
            100.272556,13.785147,0
          </coordinates>
        </Point>
      </Placemark>
    </Folder>
    <Folder>
      <name>50 kW (2)</name>
      <Placemark>
        <name>PEA VOLTA เมืองชัยนาท</name>
        <description><![CDATA[จังหวัด: ชัยนาท<br>ที่อยู่: 345/6 ถ.พหลโยธิน ตำบล บ้านกล้วย อำเภอเมืองชัยนาท ชัยนาท 17000<br>เวลาทำการ: 00.00 น. - 24.00 น.<br>Latitude:: 15.19296928<br>Longitude:: 100.1361529<br>Lat,long: 15.19296928,100.1361529<br>ชื่อสถานที่: การไฟฟ้าส่วนภูมิภาค กฟจ.ชัยนาท]]></description>
        <styleUrl>#icon-ci-1-labelson</styleUrl>
        <ExtendedData>
          <Data name="จังหวัด">
            <value>ชัยนาท</value>
          </Data>
          <Data name="ที่อยู่">
            <value>345/6 ถ.พหลโยธิน ตำบล บ้านกล้วย อำเภอเมืองชัยนาท ชัยนาท 17000</value>
          </Data>
          <Data name="เวลาทำการ">
            <value>00.00 น. - 24.00 น.</value>
          </Data>
          <Data name="Latitude:">
            <value>15.19296928</value>
          </Data>
          <Data name="Longitude:">
            <value>100.1361529</value>
          </Data>
          <Data name="Lat,long">
            <value>15.19296928,100.1361529</value>
          </Data>
          <Data name="ชื่อสถานที่">
            <value>การไฟฟ้าส่วนภูมิภาค กฟจ.ชัยนาท</value>
          </Data>
        </ExtendedData>
        <Point>
          <coordinates>
            100.1361529,15.19296928,0
          </coordinates>
        </Point>
      </Placemark>
      <Placemark>
        <name>PEA VOLTA เมืองน่าน</name>
        <description><![CDATA[จังหวัด: น่าน<br>ที่อยู่: 82/15 ถนน มหายศ ตำบล ในเวียง อำเภอเมืองน่าน น่าน 55000<br>เวลาทำการ: 00.00 น. - 24.00 น.<br>Latitude:: 18.79561268<br>Longitude:: 100.7829891<br>Lat,long: 18.79561268,100.7829891<br>ชื่อสถานที่: การไฟฟ้าส่วนภูมิภาค กฟจ.น่าน]]></description>
        <styleUrl>#icon-ci-1-labelson</styleUrl>
        <ExtendedData>
          <Data name="จังหวัด">
            <value>น่าน</value>
          </Data>
          <Data name="ที่อยู่">
            <value>82/15 ถนน มหายศ ตำบล ในเวียง อำเภอเมืองน่าน น่าน 55000</value>
          </Data>
          <Data name="เวลาทำการ">
            <value>00.00 น. - 24.00 น.</value>
          </Data>
          <Data name="Latitude:">
            <value>18.79561268</value>
          </Data>
          <Data name="Longitude:">
            <value>100.7829891</value>
          </Data>
          <Data name="Lat,long">
            <value>18.79561268,100.7829891</value>
          </Data>
          <Data name="ชื่อสถานที่">
            <value>การไฟฟ้าส่วนภูมิภาค กฟจ.น่าน</value>
          </Data>
        </ExtendedData>
        <Point>
          <coordinates>
            100.7829891,18.79561268,0
          </coordinates>
        </Point>
      </Placemark>
      <Placemark>
        <name>PEA VOLTA เมืองบึงกาฬ</name>
        <description><![CDATA[จังหวัด: บึงกาฬ<br>ที่อยู่: ตำบล วิศิษฐ์ อำเภอเมืองบึงกาฬ บึงกาฬ 38000<br>เวลาทำการ: 00.00 น. - 24.00 น.<br>Latitude:: 18.32344316<br>Longitude:: 103.6345317<br>Lat,long: 18.32344316,103.6345317<br>ชื่อสถานที่: การไฟฟ้าส่วนภูมิภาค กฟจ.บึงกาฬ]]></description>
        <styleUrl>#icon-ci-1-labelson</styleUrl>
        <ExtendedData>
          <Data name="จังหวัด">
            <value>บึงกาฬ</value>
          </Data>
          <Data name="ที่อยู่">
            <value>ตำบล วิศิษฐ์ อำเภอเมืองบึงกาฬ บึงกาฬ 38000</value>
          </Data>
          <Data name="เวลาทำการ">
            <value>00.00 น. - 24.00 น.</value>
          </Data>
          <Data name="Latitude:">
            <value>18.32344316</value>
          </Data>
          <Data name="Longitude:">
            <value>103.6345317</value>
          </Data>
          <Data name="Lat,long">
            <value>18.32344316,103.6345317</value>
          </Data>
          <Data name="ชื่อสถานที่">
            <value>การไฟฟ้าส่วนภูมิภาค กฟจ.บึงกาฬ</value>
          </Data>
        </ExtendedData>
        <Point>
          <coordinates>
            103.6345317,18.32344316,0
          </coordinates>
        </Point>
      </Placemark>
      <Placemark>
        <name>PEA VOLTA เมืองราชบุรี</name>
        <description><![CDATA[จังหวัด: ราชบุรี<br>ที่อยู่: 86 หมู่ 8 ถ.เพชรเกษม ตำบล เจดีย์หัก อำเภอเมืองราชบุรี ราชบุรี 70000<br>เวลาทำการ: 00.00 น. - 24.00 น.<br>Latitude:: 13.53158613<br>Longitude:: 99.79371069<br>Lat,long: 13.53158613,99.79371069<br>ชื่อสถานที่: การไฟฟ้าส่วนภูมิภาค กฟจ.ราชบุรี]]></description>
        <styleUrl>#icon-ci-1-labelson</styleUrl>
        <ExtendedData>
          <Data name="จังหวัด">
            <value>ราชบุรี</value>
          </Data>
          <Data name="ที่อยู่">
            <value>86 หมู่ 8 ถ.เพชรเกษม ตำบล เจดีย์หัก อำเภอเมืองราชบุรี ราชบุรี 70000</value>
          </Data>
          <Data name="เวลาทำการ">
            <value>00.00 น. - 24.00 น.</value>
          </Data>
          <Data name="Latitude:">
            <value>13.53158613</value>
          </Data>
          <Data name="Longitude:">
            <value>99.79371069</value>
          </Data>
          <Data name="Lat,long">
            <value>13.53158613,99.79371069</value>
          </Data>
          <Data name="ชื่อสถานที่">
            <value>การไฟฟ้าส่วนภูมิภาค กฟจ.ราชบุรี</value>
          </Data>
        </ExtendedData>
        <Point>
          <coordinates>
            99.79371069,13.53158613,0
          </coordinates>
        </Point>
      </Placemark>
      <Placemark>
        <name>PEA VOLTA เมืองสมุทรสงคราม</name>
        <description><![CDATA[จังหวัด: สมุทรสงคราม<br>ที่อยู่: 27 หมู่1 ตำบล คลองโคน อำเภอเมืองสมุทรสงคราม สมุทรสงคราม 75000<br>เวลาทำการ: 00.00 น. - 24.00 น.<br>Latitude:: 13.3616247<br>Longitude:: 99.94773282<br>Lat,long: 13.3616247,99.94773282<br>ชื่อสถานที่: การไฟฟ้าส่วนภูมิภาค กฟจ.สมุทรสงคราม]]></description>
        <styleUrl>#icon-ci-1-labelson</styleUrl>
        <ExtendedData>
          <Data name="จังหวัด">
            <value>สมุทรสงคราม</value>
          </Data>
          <Data name="ที่อยู่">
            <value>27 หมู่1 ตำบล คลองโคน อำเภอเมืองสมุทรสงคราม สมุทรสงคราม 75000</value>
          </Data>
          <Data name="เวลาทำการ">
            <value>00.00 น. - 24.00 น.</value>
          </Data>
          <Data name="Latitude:">
            <value>13.3616247</value>
          </Data>
          <Data name="Longitude:">
            <value>99.94773282</value>
          </Data>
          <Data name="Lat,long">
            <value>13.3616247,99.94773282</value>
          </Data>
          <Data name="ชื่อสถานที่">
            <value>การไฟฟ้าส่วนภูมิภาค กฟจ.สมุทรสงคราม</value>
          </Data>
        </ExtendedData>
        <Point>
          <coordinates>
            99.94773282,13.3616247,0
          </coordinates>
        </Point>
      </Placemark>
      <Placemark>
        <name>PEA VOLTA เมืองหนองบัวลำภู</name>
        <description><![CDATA[จังหวัด: หนองบัวลำภู<br>ที่อยู่: 255 หมู่ 10, ถนนอุดร - เลย, ตำบลลำภู อำเภอเมืองหนองบัวลำภู จังหวัดหนองบัวลำภู, 39000<br>เวลาทำการ: 00.00 น. - 24.00 น.<br>Latitude:: 17.21137302<br>Longitude:: 102.4548141<br>Lat,long: 17.21137302,102.4548141<br>ชื่อสถานที่: การไฟฟ้าส่วนภูมิภาค กฟจ.หนองบัวลำภู]]></description>
        <styleUrl>#icon-ci-1-labelson</styleUrl>
        <ExtendedData>
          <Data name="จังหวัด">
            <value>หนองบัวลำภู</value>
          </Data>
          <Data name="ที่อยู่">
            <value>255 หมู่ 10, ถนนอุดร - เลย, ตำบลลำภู อำเภอเมืองหนองบัวลำภู จังหวัดหนองบัวลำภู, 39000</value>
          </Data>
          <Data name="เวลาทำการ">
            <value>00.00 น. - 24.00 น.</value>
          </Data>
          <Data name="Latitude:">
            <value>17.21137302</value>
          </Data>
          <Data name="Longitude:">
            <value>102.4548141</value>
          </Data>
          <Data name="Lat,long">
            <value>17.21137302,102.4548141</value>
          </Data>
          <Data name="ชื่อสถานที่">
            <value>การไฟฟ้าส่วนภูมิภาค กฟจ.หนองบัวลำภู</value>
          </Data>
        </ExtendedData>
        <Point>
          <coordinates>
            102.4548141,17.21137302,0
          </coordinates>
        </Point>
      </Placemark>
      <Placemark>
        <name>PEA VOLTA เมืองอุตรดิตถ์</name>
        <description><![CDATA[จังหวัด: อุตรดิตถ์<br>ที่อยู่: 174 บรมอาสน์ ถนน บรมอาสน์ ตำบล ท่าอิฐ อำเภอเมืองอุตรดิตถ์ อุตรดิตถ์ 53000<br>เวลาทำการ: 00.00 น. - 24.00 น.<br>Latitude:: 17.60832441<br>Longitude:: 100.0794863<br>Lat,long: 17.60832441,100.0794863<br>ชื่อสถานที่: การไฟฟ้าส่วนภูมิภาค กฟจ.อุตรดิตถ์]]></description>
        <styleUrl>#icon-ci-1-labelson</styleUrl>
        <ExtendedData>
          <Data name="จังหวัด">
            <value>อุตรดิตถ์</value>
          </Data>
          <Data name="ที่อยู่">
            <value>174 บรมอาสน์ ถนน บรมอาสน์ ตำบล ท่าอิฐ อำเภอเมืองอุตรดิตถ์ อุตรดิตถ์ 53000</value>
          </Data>
          <Data name="เวลาทำการ">
            <value>00.00 น. - 24.00 น.</value>
          </Data>
          <Data name="Latitude:">
            <value>17.60832441</value>
          </Data>
          <Data name="Longitude:">
            <value>100.0794863</value>
          </Data>
          <Data name="Lat,long">
            <value>17.60832441,100.0794863</value>
          </Data>
          <Data name="ชื่อสถานที่">
            <value>การไฟฟ้าส่วนภูมิภาค กฟจ.อุตรดิตถ์</value>
          </Data>
        </ExtendedData>
        <Point>
          <coordinates>
            100.0794863,17.60832441,0
          </coordinates>
        </Point>
      </Placemark>
      <Placemark>
        <name>PEA VOLTA เมืองอุทัยธานี</name>
        <description><![CDATA[จังหวัด: อุทัยธานี<br>ที่อยู่: 228 ซอย ตั้งใจงาม ตำบล น้ำซึม อำเภอเมืองอุทัยธานี อุทัยธานี 61000<br>เวลาทำการ: 00.00 น. - 24.00 น.<br>Latitude:: 15.36785555<br>Longitude:: 100.0139298<br>Lat,long: 15.36785555,100.0139298<br>ชื่อสถานที่: การไฟฟ้าส่วนภูมิภาค กฟจ.อุทัยธานี]]></description>
        <styleUrl>#icon-ci-1-labelson</styleUrl>
        <ExtendedData>
          <Data name="จังหวัด">
            <value>อุทัยธานี</value>
          </Data>
          <Data name="ที่อยู่">
            <value>228 ซอย ตั้งใจงาม ตำบล น้ำซึม อำเภอเมืองอุทัยธานี อุทัยธานี 61000</value>
          </Data>
          <Data name="เวลาทำการ">
            <value>00.00 น. - 24.00 น.</value>
          </Data>
          <Data name="Latitude:">
            <value>15.36785555</value>
          </Data>
          <Data name="Longitude:">
            <value>100.0139298</value>
          </Data>
          <Data name="Lat,long">
            <value>15.36785555,100.0139298</value>
          </Data>
          <Data name="ชื่อสถานที่">
            <value>การไฟฟ้าส่วนภูมิภาค กฟจ.อุทัยธานี</value>
          </Data>
        </ExtendedData>
        <Point>
          <coordinates>
            100.0139298,15.36785555,0
          </coordinates>
        </Point>
      </Placemark>
      <Placemark>
        <name>PEA VOLTA เวียงสา</name>
        <description><![CDATA[จังหวัด: น่าน<br>ที่อยู่: 301 หมู่ที่ 10 ตำบล กลางเวียง อำเภอเวียงสา น่าน 55110<br>เวลาทำการ: 00.00 น. - 24.00 น.<br>Latitude:: 18.71179927<br>Longitude:: 100.6931163<br>Lat,long: 18.71179927,100.6931163<br>ชื่อสถานที่: การไฟฟ้าส่วนภูมิภาค กฟส.อ.เวียงสา]]></description>
        <styleUrl>#icon-ci-1-labelson</styleUrl>
        <ExtendedData>
          <Data name="จังหวัด">
            <value>น่าน</value>
          </Data>
          <Data name="ที่อยู่">
            <value>301 หมู่ที่ 10 ตำบล กลางเวียง อำเภอเวียงสา น่าน 55110</value>
          </Data>
          <Data name="เวลาทำการ">
            <value>00.00 น. - 24.00 น.</value>
          </Data>
          <Data name="Latitude:">
            <value>18.71179927</value>
          </Data>
          <Data name="Longitude:">
            <value>100.6931163</value>
          </Data>
          <Data name="Lat,long">
            <value>18.71179927,100.6931163</value>
          </Data>
          <Data name="ชื่อสถานที่">
            <value>การไฟฟ้าส่วนภูมิภาค กฟส.อ.เวียงสา</value>
          </Data>
        </ExtendedData>
        <Point>
          <coordinates>
            100.6931163,18.71179927,0
          </coordinates>
        </Point>
      </Placemark>
      <Placemark>
        <name>PEA VOLTA แม่สะเรียง</name>
        <description><![CDATA[จังหวัด: แม่ฮ่องสอน<br>ที่อยู่: 255/33 ตำบล บ้านกาด อำเภอแม่สะเรียง แม่ฮ่องสอน 58110<br>เวลาทำการ: 00.00 น. - 24.00 น.<br>Latitude:: 18.18344399<br>Longitude:: 97.93438199<br>Lat,long: 18.18344399,97.93438199<br>ชื่อสถานที่: การไฟฟ้าส่วนภูมิภาค กฟส.อ.แม่สะเรียง]]></description>
        <styleUrl>#icon-ci-1-labelson</styleUrl>
        <ExtendedData>
          <Data name="จังหวัด">
            <value>แม่ฮ่องสอน</value>
          </Data>
          <Data name="ที่อยู่">
            <value>255/33 ตำบล บ้านกาด อำเภอแม่สะเรียง แม่ฮ่องสอน 58110</value>
          </Data>
          <Data name="เวลาทำการ">
            <value>00.00 น. - 24.00 น.</value>
          </Data>
          <Data name="Latitude:">
            <value>18.18344399</value>
          </Data>
          <Data name="Longitude:">
            <value>97.93438199</value>
          </Data>
          <Data name="Lat,long">
            <value>18.18344399,97.93438199</value>
          </Data>
          <Data name="ชื่อสถานที่">
            <value>การไฟฟ้าส่วนภูมิภาค กฟส.อ.แม่สะเรียง</value>
          </Data>
        </ExtendedData>
        <Point>
          <coordinates>
            97.93438199,18.18344399,0
          </coordinates>
        </Point>
      </Placemark>
      <Placemark>
        <name>PEA VOLTA ตะกั่วป่า</name>
        <description><![CDATA[จังหวัด: พังงา<br>ที่อยู่: 23/19 ถนน เพชรเกษม หมู่ 1 โคกเคียน อำเภอตะกั่วป่า พังงา 82110<br>เวลาทำการ: 00.00 น. - 24.00 น.<br>Latitude:: 8.871884603<br>Longitude:: 98.36386043<br>Lat,long: 8.871884603,98.36386043<br>ชื่อสถานที่: การไฟฟ้าส่วนภูมิภาค กฟอ.ตะกั่วป่า]]></description>
        <styleUrl>#icon-ci-1-labelson</styleUrl>
        <ExtendedData>
          <Data name="จังหวัด">
            <value>พังงา</value>
          </Data>
          <Data name="ที่อยู่">
            <value>23/19 ถนน เพชรเกษม หมู่ 1 โคกเคียน อำเภอตะกั่วป่า พังงา 82110</value>
          </Data>
          <Data name="เวลาทำการ">
            <value>00.00 น. - 24.00 น.</value>
          </Data>
          <Data name="Latitude:">
            <value>8.871884603</value>
          </Data>
          <Data name="Longitude:">
            <value>98.36386043</value>
          </Data>
          <Data name="Lat,long">
            <value>8.871884603,98.36386043</value>
          </Data>
          <Data name="ชื่อสถานที่">
            <value>การไฟฟ้าส่วนภูมิภาค กฟอ.ตะกั่วป่า</value>
          </Data>
        </ExtendedData>
        <Point>
          <coordinates>
            98.36386043,8.871884603,0
          </coordinates>
        </Point>
      </Placemark>
      <Placemark>
        <name>PEA VOLTA บางจาก เฉลิมพระเกียรติ</name>
        <description><![CDATA[จังหวัด: สระบุรี<br>ที่อยู่: 101 หมู่ 8 ถนนพหลโยธิน ตำบลหน้าพระลาน อำเภอเฉลิมพระเกียรติ สระบุรี 18000<br>เวลาทำการ: 00.00 น. - 24.00 น.<br>Latitude:: 14.694627<br>Longitude:: 100.867314<br>Lat,long: 14.694627,100.867314<br>ชื่อสถานที่: สถานีบริการน้ำมันบางจาก - บริษัท ป.ฟ้าใสเซอร์วิส จำกัด]]></description>
        <styleUrl>#icon-ci-1-labelson</styleUrl>
        <ExtendedData>
          <Data name="จังหวัด">
            <value>สระบุรี</value>
          </Data>
          <Data name="ที่อยู่">
            <value>101 หมู่ 8 ถนนพหลโยธิน ตำบลหน้าพระลาน อำเภอเฉลิมพระเกียรติ สระบุรี 18000</value>
          </Data>
          <Data name="เวลาทำการ">
            <value>00.00 น. - 24.00 น.</value>
          </Data>
          <Data name="Latitude:">
            <value>14.694627</value>
          </Data>
          <Data name="Longitude:">
            <value>100.867314</value>
          </Data>
          <Data name="Lat,long">
            <value>14.694627,100.867314</value>
          </Data>
          <Data name="ชื่อสถานที่">
            <value>สถานีบริการน้ำมันบางจาก - บริษัท ป.ฟ้าใสเซอร์วิส จำกัด</value>
          </Data>
        </ExtendedData>
        <Point>
          <coordinates>
            100.867314,14.694627,0
          </coordinates>
        </Point>
      </Placemark>
      <Placemark>
        <name>PEA VOLTA บางจาก เมืองกาญจนบุรี</name>
        <description><![CDATA[จังหวัด: กาญจนบุรี<br>ที่อยู่: ตำบล ปากแพรก อำเภอเมืองกาญจนบุรี กาญจนบุรี 71000<br>เวลาทำการ: 5.00 - 21.00 น.<br>Latitude:: 14.037225<br>Longitude:: 99.577985<br>Lat,long: 14.037225,99.577985<br>ชื่อสถานที่: สถานีบริการน้ำมันบางจาก - พรีเมี่ยมออยล์ (ประเทศไทย)]]></description>
        <styleUrl>#icon-ci-1-labelson</styleUrl>
        <ExtendedData>
          <Data name="จังหวัด">
            <value>กาญจนบุรี</value>
          </Data>
          <Data name="ที่อยู่">
            <value>ตำบล ปากแพรก อำเภอเมืองกาญจนบุรี กาญจนบุรี 71000</value>
          </Data>
          <Data name="เวลาทำการ">
            <value>5.00 - 21.00 น.</value>
          </Data>
          <Data name="Latitude:">
            <value>14.037225</value>
          </Data>
          <Data name="Longitude:">
            <value>99.577985</value>
          </Data>
          <Data name="Lat,long">
            <value>14.037225,99.577985</value>
          </Data>
          <Data name="ชื่อสถานที่">
            <value>สถานีบริการน้ำมันบางจาก - พรีเมี่ยมออยล์ (ประเทศไทย)</value>
          </Data>
        </ExtendedData>
        <Point>
          <coordinates>
            99.577985,14.037225,0
          </coordinates>
        </Point>
      </Placemark>
      <Placemark>
        <name>PEA VOLTA บางจาก เมืองฉะเชิงเทรา</name>
        <description><![CDATA[จังหวัด: ฉะเชิงเทรา<br>ที่อยู่: ตำบล วังตะเคียน อำเภอเมืองฉะเชิงเทรา ฉะเชิงเทรา 24000<br>เวลาทำการ: 00.00 น. - 24.00 น.<br>Latitude:: 13.70589732<br>Longitude:: 101.052922<br>Lat,long: 13.70589732,101.052922<br>ชื่อสถานที่: สถานีบริการน้ำมันบางจาก - BCP - สุวินทวงศ์ (1)]]></description>
        <styleUrl>#icon-ci-1-labelson</styleUrl>
        <ExtendedData>
          <Data name="จังหวัด">
            <value>ฉะเชิงเทรา</value>
          </Data>
          <Data name="ที่อยู่">
            <value>ตำบล วังตะเคียน อำเภอเมืองฉะเชิงเทรา ฉะเชิงเทรา 24000</value>
          </Data>
          <Data name="เวลาทำการ">
            <value>00.00 น. - 24.00 น.</value>
          </Data>
          <Data name="Latitude:">
            <value>13.70589732</value>
          </Data>
          <Data name="Longitude:">
            <value>101.052922</value>
          </Data>
          <Data name="Lat,long">
            <value>13.70589732,101.052922</value>
          </Data>
          <Data name="ชื่อสถานที่">
            <value>สถานีบริการน้ำมันบางจาก - BCP - สุวินทวงศ์ (1)</value>
          </Data>
        </ExtendedData>
        <Point>
          <coordinates>
            101.052922,13.70589732,0
          </coordinates>
        </Point>
      </Placemark>
      <Placemark>
        <name>PEA VOLTA บางจาก เมืองชลบุรี (หนองมน)</name>
        <description><![CDATA[จังหวัด: ชลบุรี<br>ที่อยู่: 413 ถนนสุขุมวิท ตำบลแสนสุข อำเภอเมืองชลบุรี ชลบุรี 20000<br>เวลาทำการ: 00.00 น. - 24.00 น.<br>Latitude:: 13.271975<br>Longitude:: 100.935512<br>Lat,long: 13.271975,100.935512<br>ชื่อสถานที่: สถานีบริการน้ำมันบางจาก - BCP - หนองมน]]></description>
        <styleUrl>#icon-ci-1-labelson</styleUrl>
        <ExtendedData>
          <Data name="จังหวัด">
            <value>ชลบุรี</value>
          </Data>
          <Data name="ที่อยู่">
            <value>413 ถนนสุขุมวิท ตำบลแสนสุข อำเภอเมืองชลบุรี ชลบุรี 20000</value>
          </Data>
          <Data name="เวลาทำการ">
            <value>00.00 น. - 24.00 น.</value>
          </Data>
          <Data name="Latitude:">
            <value>13.271975</value>
          </Data>
          <Data name="Longitude:">
            <value>100.935512</value>
          </Data>
          <Data name="Lat,long">
            <value>13.271975,100.935512</value>
          </Data>
          <Data name="ชื่อสถานที่">
            <value>สถานีบริการน้ำมันบางจาก - BCP - หนองมน</value>
          </Data>
        </ExtendedData>
        <Point>
          <coordinates>
            100.935512,13.271975,0
          </coordinates>
        </Point>
      </Placemark>
      <Placemark>
        <name>PEA VOLTA บางจาก เมืองชัยภูมิ</name>
        <description><![CDATA[จังหวัด: ชัยภูมิ<br>ที่อยู่: ตำบล หนองนาแซง อำเภอเมืองชัยภูมิ ชัยภูมิ 36000<br>เวลาทำการ: 00.00 น. - 24.00 น.<br>Latitude:: 15.771369<br>Longitude:: 102.025159<br>Lat,long: 15.771369,102.025159<br>ชื่อสถานที่: สถานีบริการน้ำมันบางจาก - BCP - ชัยภูมิ]]></description>
        <styleUrl>#icon-ci-1-labelson</styleUrl>
        <ExtendedData>
          <Data name="จังหวัด">
            <value>ชัยภูมิ</value>
          </Data>
          <Data name="ที่อยู่">
            <value>ตำบล หนองนาแซง อำเภอเมืองชัยภูมิ ชัยภูมิ 36000</value>
          </Data>
          <Data name="เวลาทำการ">
            <value>00.00 น. - 24.00 น.</value>
          </Data>
          <Data name="Latitude:">
            <value>15.771369</value>
          </Data>
          <Data name="Longitude:">
            <value>102.025159</value>
          </Data>
          <Data name="Lat,long">
            <value>15.771369,102.025159</value>
          </Data>
          <Data name="ชื่อสถานที่">
            <value>สถานีบริการน้ำมันบางจาก - BCP - ชัยภูมิ</value>
          </Data>
        </ExtendedData>
        <Point>
          <coordinates>
            102.025159,15.771369,0
          </coordinates>
        </Point>
      </Placemark>
      <Placemark>
        <name>PEA VOLTA บางจาก เมืองนครพนม</name>
        <description><![CDATA[จังหวัด: นครพนม<br>ที่อยู่: ตำบล กุรุคุ อำเภอเมืองนครพนม นครพนม 48000<br>เวลาทำการ: 5.00 - 18.00 น.<br>Latitude:: 17.321242<br>Longitude:: 104.558637<br>Lat,long: 17.321242,104.558637<br>ชื่อสถานที่: สถานีบริการน้ำมันบางจาก - หจก.ฟ้าละดา]]></description>
        <styleUrl>#icon-ci-1-labelson</styleUrl>
        <ExtendedData>
          <Data name="จังหวัด">
            <value>นครพนม</value>
          </Data>
          <Data name="ที่อยู่">
            <value>ตำบล กุรุคุ อำเภอเมืองนครพนม นครพนม 48000</value>
          </Data>
          <Data name="เวลาทำการ">
            <value>5.00 - 18.00 น.</value>
          </Data>
          <Data name="Latitude:">
            <value>17.321242</value>
          </Data>
          <Data name="Longitude:">
            <value>104.558637</value>
          </Data>
          <Data name="Lat,long">
            <value>17.321242,104.558637</value>
          </Data>
          <Data name="ชื่อสถานที่">
            <value>สถานีบริการน้ำมันบางจาก - หจก.ฟ้าละดา</value>
          </Data>
        </ExtendedData>
        <Point>
          <coordinates>
            104.558637,17.321242,0
          </coordinates>
        </Point>
      </Placemark>
      <Placemark>
        <name>PEA VOLTA บางจาก เมืองบุรีรัมย์ (โฮมโปร)</name>
        <description><![CDATA[จังหวัด: บุรีรัมย์<br>ที่อยู่: 500 หมู่9 ตำบล อิสาณ อำเภอเมืองบุรีรัมย์ บุรีรัมย์ 31000<br>เวลาทำการ: 00.00 น. - 24.00 น.<br>Latitude:: 14.982805<br>Longitude:: 103.079848<br>Lat,long: 14.982805,103.079848<br>ชื่อสถานที่: สถานีบริการน้ำมันบางจาก - BCP - บุรีรัมย์]]></description>
        <styleUrl>#icon-ci-1-labelson</styleUrl>
        <ExtendedData>
          <Data name="จังหวัด">
            <value>บุรีรัมย์</value>
          </Data>
          <Data name="ที่อยู่">
            <value>500 หมู่9 ตำบล อิสาณ อำเภอเมืองบุรีรัมย์ บุรีรัมย์ 31000</value>
          </Data>
          <Data name="เวลาทำการ">
            <value>00.00 น. - 24.00 น.</value>
          </Data>
          <Data name="Latitude:">
            <value>14.982805</value>
          </Data>
          <Data name="Longitude:">
            <value>103.079848</value>
          </Data>
          <Data name="Lat,long">
            <value>14.982805,103.079848</value>
          </Data>
          <Data name="ชื่อสถานที่">
            <value>สถานีบริการน้ำมันบางจาก - BCP - บุรีรัมย์</value>
          </Data>
        </ExtendedData>
        <Point>
          <coordinates>
            103.079848,14.982805,0
          </coordinates>
        </Point>
      </Placemark>
      <Placemark>
        <name>PEA VOLTA บางจาก เมืองปทุมธานี</name>
        <description><![CDATA[จังหวัด: ปทุมธานี<br>ที่อยู่: 10 ตำบล บางกะดี อำเภอเมืองปทุมธานี ปทุมธานี 12000<br>เวลาทำการ: 4.00 - 21.00 น.<br>Latitude:: 13.991613<br>Longitude:: 100.55101<br>Lat,long: 13.991613,100.55101<br>ชื่อสถานที่: สถานีบริการน้ำมันบางจาก - BCP-บางกระดี กม.24]]></description>
        <styleUrl>#icon-ci-1-labelson</styleUrl>
        <ExtendedData>
          <Data name="จังหวัด">
            <value>ปทุมธานี</value>
          </Data>
          <Data name="ที่อยู่">
            <value>10 ตำบล บางกะดี อำเภอเมืองปทุมธานี ปทุมธานี 12000</value>
          </Data>
          <Data name="เวลาทำการ">
            <value>4.00 - 21.00 น.</value>
          </Data>
          <Data name="Latitude:">
            <value>13.991613</value>
          </Data>
          <Data name="Longitude:">
            <value>100.55101</value>
          </Data>
          <Data name="Lat,long">
            <value>13.991613,100.55101</value>
          </Data>
          <Data name="ชื่อสถานที่">
            <value>สถานีบริการน้ำมันบางจาก - BCP-บางกระดี กม.24</value>
          </Data>
        </ExtendedData>
        <Point>
          <coordinates>
            100.55101,13.991613,0
          </coordinates>
        </Point>
      </Placemark>
      <Placemark>
        <name>PEA VOLTA บางจาก เมืองสระบุรี</name>
        <description><![CDATA[จังหวัด: สระบุรี<br>ที่อยู่: 64 ตำบล หนองปลาไหล อำเภอเมืองสระบุรี สระบุรี 18000<br>เวลาทำการ: 5.00 - 22.00 น.<br>Latitude:: 14.460694<br>Longitude:: 100.922351<br>Lat,long: 14.460694,100.922351<br>ชื่อสถานที่: สถานีบริการน้ำมันบางจาก - บริษัท พี.เจ ออยล์ ซัพพลาย จำกัด]]></description>
        <styleUrl>#icon-ci-1-labelson</styleUrl>
        <ExtendedData>
          <Data name="จังหวัด">
            <value>สระบุรี</value>
          </Data>
          <Data name="ที่อยู่">
            <value>64 ตำบล หนองปลาไหล อำเภอเมืองสระบุรี สระบุรี 18000</value>
          </Data>
          <Data name="เวลาทำการ">
            <value>5.00 - 22.00 น.</value>
          </Data>
          <Data name="Latitude:">
            <value>14.460694</value>
          </Data>
          <Data name="Longitude:">
            <value>100.922351</value>
          </Data>
          <Data name="Lat,long">
            <value>14.460694,100.922351</value>
          </Data>
          <Data name="ชื่อสถานที่">
            <value>สถานีบริการน้ำมันบางจาก - บริษัท พี.เจ ออยล์ ซัพพลาย จำกัด</value>
          </Data>
        </ExtendedData>
        <Point>
          <coordinates>
            100.922351,14.460694,0
          </coordinates>
        </Point>
      </Placemark>
      <Placemark>
        <name>PEA VOLTA บางจาก เมืองสุพรรณบุรี</name>
        <description><![CDATA[จังหวัด: สุพรรณบุรี<br>ที่อยู่: ตำบล ท่าระหัด อำเภอเมืองสุพรรณบุรี สุพรรณบุรี 72000<br>เวลาทำการ: 5.00 - 20.30 น.<br>Latitude:: 14.431953<br>Longitude:: 100.142969<br>Lat,long: 14.431953,100.142969<br>ชื่อสถานที่: สถานีบริการน้ำมันบางจาก - น.ทรัพย์เจริญ]]></description>
        <styleUrl>#icon-ci-1-labelson</styleUrl>
        <ExtendedData>
          <Data name="จังหวัด">
            <value>สุพรรณบุรี</value>
          </Data>
          <Data name="ที่อยู่">
            <value>ตำบล ท่าระหัด อำเภอเมืองสุพรรณบุรี สุพรรณบุรี 72000</value>
          </Data>
          <Data name="เวลาทำการ">
            <value>5.00 - 20.30 น.</value>
          </Data>
          <Data name="Latitude:">
            <value>14.431953</value>
          </Data>
          <Data name="Longitude:">
            <value>100.142969</value>
          </Data>
          <Data name="Lat,long">
            <value>14.431953,100.142969</value>
          </Data>
          <Data name="ชื่อสถานที่">
            <value>สถานีบริการน้ำมันบางจาก - น.ทรัพย์เจริญ</value>
          </Data>
        </ExtendedData>
        <Point>
          <coordinates>
            100.142969,14.431953,0
          </coordinates>
        </Point>
      </Placemark>
      <Placemark>
        <name>PEA VOLTA บางจาก เมืองอุดรธานี (บ้านขาว )</name>
        <description><![CDATA[จังหวัด: อุดรธานี<br>ที่อยู่: ตำบล บ้านขาว อำเภอเมืองอุดรธานี อุดรธานี 41000<br>เวลาทำการ: 00.00 น. - 24.00 น.<br>Latitude:: 17.565548<br>Longitude:: 102.8019623<br>Lat,long: 17.565548,102.8019623<br>ชื่อสถานที่: สถานีบริการน้ำมันบางจาก - บจก.เลิศพัฒนาปิโตรเลียม]]></description>
        <styleUrl>#icon-ci-1-labelson</styleUrl>
        <ExtendedData>
          <Data name="จังหวัด">
            <value>อุดรธานี</value>
          </Data>
          <Data name="ที่อยู่">
            <value>ตำบล บ้านขาว อำเภอเมืองอุดรธานี อุดรธานี 41000</value>
          </Data>
          <Data name="เวลาทำการ">
            <value>00.00 น. - 24.00 น.</value>
          </Data>
          <Data name="Latitude:">
            <value>17.565548</value>
          </Data>
          <Data name="Longitude:">
            <value>102.8019623</value>
          </Data>
          <Data name="Lat,long">
            <value>17.565548,102.8019623</value>
          </Data>
          <Data name="ชื่อสถานที่">
            <value>สถานีบริการน้ำมันบางจาก - บจก.เลิศพัฒนาปิโตรเลียม</value>
          </Data>
        </ExtendedData>
        <Point>
          <coordinates>
            102.8019623,17.565548,0
          </coordinates>
        </Point>
      </Placemark>
      <Placemark>
        <name>PEA VOLTA บางจาก เมืองอุดรธานี (สนามบิน)</name>
        <description><![CDATA[จังหวัด: อุดรธานี<br>ที่อยู่: ตำบลเชียงพิณ อำเภอเมืองอุดรธานี อุดรธานี 41000<br>เวลาทำการ: 5.00 - 23.00 น.<br>Latitude:: 17.393439<br>Longitude:: 102.766377<br>Lat,long: 17.393439,102.766377<br>ชื่อสถานที่: สถานีบริการน้ำมันบางจาก - BCP-สนามบินอุดรธานี]]></description>
        <styleUrl>#icon-ci-1-labelson</styleUrl>
        <ExtendedData>
          <Data name="จังหวัด">
            <value>อุดรธานี</value>
          </Data>
          <Data name="ที่อยู่">
            <value>ตำบลเชียงพิณ อำเภอเมืองอุดรธานี อุดรธานี 41000</value>
          </Data>
          <Data name="เวลาทำการ">
            <value>5.00 - 23.00 น.</value>
          </Data>
          <Data name="Latitude:">
            <value>17.393439</value>
          </Data>
          <Data name="Longitude:">
            <value>102.766377</value>
          </Data>
          <Data name="Lat,long">
            <value>17.393439,102.766377</value>
          </Data>
          <Data name="ชื่อสถานที่">
            <value>สถานีบริการน้ำมันบางจาก - BCP-สนามบินอุดรธานี</value>
          </Data>
        </ExtendedData>
        <Point>
          <coordinates>
            102.766377,17.393439,0
          </coordinates>
        </Point>
      </Placemark>
      <Placemark>
        <name>PEA VOLTA บางจาก แปลงยาว</name>
        <description><![CDATA[จังหวัด: ฉะเชิงเทรา<br>ที่อยู่: ตำบล วังเย็น อำเภอแปลงยาว ฉะเชิงเทรา 24190<br>เวลาทำการ: 5.00 - 23.00 น.<br>Latitude:: 13.57715489<br>Longitude:: 101.2773263<br>Lat,long: 13.57715489,101.2773263<br>ชื่อสถานที่: สถานีบริการน้ำมันบางจาก - BCP - แปลงยาว]]></description>
        <styleUrl>#icon-ci-1-labelson</styleUrl>
        <ExtendedData>
          <Data name="จังหวัด">
            <value>ฉะเชิงเทรา</value>
          </Data>
          <Data name="ที่อยู่">
            <value>ตำบล วังเย็น อำเภอแปลงยาว ฉะเชิงเทรา 24190</value>
          </Data>
          <Data name="เวลาทำการ">
            <value>5.00 - 23.00 น.</value>
          </Data>
          <Data name="Latitude:">
            <value>13.57715489</value>
          </Data>
          <Data name="Longitude:">
            <value>101.2773263</value>
          </Data>
          <Data name="Lat,long">
            <value>13.57715489,101.2773263</value>
          </Data>
          <Data name="ชื่อสถานที่">
            <value>สถานีบริการน้ำมันบางจาก - BCP - แปลงยาว</value>
          </Data>
        </ExtendedData>
        <Point>
          <coordinates>
            101.2773263,13.57715489,0
          </coordinates>
        </Point>
      </Placemark>
      <Placemark>
        <name>PEA VOLTA บางจาก โนนสูง</name>
        <description><![CDATA[จังหวัด: นครราชสีมา<br>ที่อยู่: ตำบล ดอนหวาย อำเภอโนนสูง นครราชสีมา 30160<br>เวลาทำการ: 00.00 น. - 24.00 น.<br>Latitude:: 15.0978741<br>Longitude:: 102.2720513<br>Lat,long: 15.0978741,102.2720513<br>ชื่อสถานที่: สถานีบริการน้ำมันบางจาก - BCP - สหสันติสุขปิโตเลียม 1999]]></description>
        <styleUrl>#icon-ci-1-labelson</styleUrl>
        <ExtendedData>
          <Data name="จังหวัด">
            <value>นครราชสีมา</value>
          </Data>
          <Data name="ที่อยู่">
            <value>ตำบล ดอนหวาย อำเภอโนนสูง นครราชสีมา 30160</value>
          </Data>
          <Data name="เวลาทำการ">
            <value>00.00 น. - 24.00 น.</value>
          </Data>
          <Data name="Latitude:">
            <value>15.0978741</value>
          </Data>
          <Data name="Longitude:">
            <value>102.2720513</value>
          </Data>
          <Data name="Lat,long">
            <value>15.0978741,102.2720513</value>
          </Data>
          <Data name="ชื่อสถานที่">
            <value>สถานีบริการน้ำมันบางจาก - BCP - สหสันติสุขปิโตเลียม 1999</value>
          </Data>
        </ExtendedData>
        <Point>
          <coordinates>
            102.2720513,15.0978741,0
          </coordinates>
        </Point>
      </Placemark>
      <Placemark>
        <name>PEA VOLTA บางจาก กบินทร์บุรี (นนทรี)</name>
        <description><![CDATA[จังหวัด: ปราจีนบุรี<br>ที่อยู่: ตำบล นนทรี อำเภอกบินทร์บุรี ปราจีนบุรี 25110<br>เวลาทำการ: 5.00 - 22.00 น.<br>Latitude:: 14.045383<br>Longitude:: 101.633214<br>Lat,long: 14.045383,101.633214<br>ชื่อสถานที่: สถานีบริการน้ำมันบางจาก - บริษัท เอมมี่ เอ็นจีวี จำกัด]]></description>
        <styleUrl>#icon-ci-1-labelson</styleUrl>
        <ExtendedData>
          <Data name="จังหวัด">
            <value>ปราจีนบุรี</value>
          </Data>
          <Data name="ที่อยู่">
            <value>ตำบล นนทรี อำเภอกบินทร์บุรี ปราจีนบุรี 25110</value>
          </Data>
          <Data name="เวลาทำการ">
            <value>5.00 - 22.00 น.</value>
          </Data>
          <Data name="Latitude:">
            <value>14.045383</value>
          </Data>
          <Data name="Longitude:">
            <value>101.633214</value>
          </Data>
          <Data name="Lat,long">
            <value>14.045383,101.633214</value>
          </Data>
          <Data name="ชื่อสถานที่">
            <value>สถานีบริการน้ำมันบางจาก - บริษัท เอมมี่ เอ็นจีวี จำกัด</value>
          </Data>
        </ExtendedData>
        <Point>
          <coordinates>
            101.633214,14.045383,0
          </coordinates>
        </Point>
      </Placemark>
      <Placemark>
        <name>PEA VOLTA บางจาก กบินทร์บุรี (ลาดตะเคียน)</name>
        <description><![CDATA[จังหวัด: ปราจีนบุรี<br>ที่อยู่: 99 ตำบลลาดตะเคียน อำเภอกบินทร์บุรี ปราจีนบุรี 25110<br>เวลาทำการ: 5.00 - 22.00 น.<br>Latitude:: 13.904168<br>Longitude:: 101.658548<br>Lat,long: 13.904168,101.658548<br>ชื่อสถานที่: สถานีอัดประจุไฟฟ้บริษัท กัณฐกะ ปิโตรเลียม จำกัด]]></description>
        <styleUrl>#icon-ci-1-labelson</styleUrl>
        <ExtendedData>
          <Data name="จังหวัด">
            <value>ปราจีนบุรี</value>
          </Data>
          <Data name="ที่อยู่">
            <value>99 ตำบลลาดตะเคียน อำเภอกบินทร์บุรี ปราจีนบุรี 25110</value>
          </Data>
          <Data name="เวลาทำการ">
            <value>5.00 - 22.00 น.</value>
          </Data>
          <Data name="Latitude:">
            <value>13.904168</value>
          </Data>
          <Data name="Longitude:">
            <value>101.658548</value>
          </Data>
          <Data name="Lat,long">
            <value>13.904168,101.658548</value>
          </Data>
          <Data name="ชื่อสถานที่">
            <value>สถานีอัดประจุไฟฟ้บริษัท กัณฐกะ ปิโตรเลียม จำกัด</value>
          </Data>
        </ExtendedData>
        <Point>
          <coordinates>
            101.658548,13.904168,0
          </coordinates>
        </Point>
      </Placemark>
      <Placemark>
        <name>PEA VOLTA บางจาก บางเลน</name>
        <description><![CDATA[จังหวัด: นครปฐม<br>ที่อยู่: 9 /2 ตำบลบางภาษี อำเภอบางเลน นครปฐม 73130<br>เวลาทำการ: 00.00 น. - 24.00 น.<br>Latitude:: 14.01161<br>Longitude:: 100.21178<br>Lat,long: 14.01161,100.21178<br>ชื่อสถานที่: สถานีบริการน้ำมันบางจาก - พี.พี.พี บางเลน]]></description>
        <styleUrl>#icon-ci-1-labelson</styleUrl>
        <ExtendedData>
          <Data name="จังหวัด">
            <value>นครปฐม</value>
          </Data>
          <Data name="ที่อยู่">
            <value>9 /2 ตำบลบางภาษี อำเภอบางเลน นครปฐม 73130</value>
          </Data>
          <Data name="เวลาทำการ">
            <value>00.00 น. - 24.00 น.</value>
          </Data>
          <Data name="Latitude:">
            <value>14.01161</value>
          </Data>
          <Data name="Longitude:">
            <value>100.21178</value>
          </Data>
          <Data name="Lat,long">
            <value>14.01161,100.21178</value>
          </Data>
          <Data name="ชื่อสถานที่">
            <value>สถานีบริการน้ำมันบางจาก - พี.พี.พี บางเลน</value>
          </Data>
        </ExtendedData>
        <Point>
          <coordinates>
            100.21178,14.01161,0
          </coordinates>
        </Point>
      </Placemark>
      <Placemark>
        <name>PEA VOLTA บางจาก บายพาสโคราช (กม.11 )</name>
        <description><![CDATA[จังหวัด: นครราชสีมา<br>ที่อยู่: ตำบล หนองกระทุ่ม อำเภอเมืองนครราชสีมา นครราชสีมา 30000<br>เวลาทำการ: 00.00 น. - 24.00 น.<br>Latitude:: 15.027023<br>Longitude:: 102.082135<br>Lat,long: 15.027023,102.082135<br>ชื่อสถานที่: สถานีบริการน้ำมันบางจาก - BCP - บายพาสโคราช (บ.ทีเอ็นเค คอร์ปอเรชั่น)]]></description>
        <styleUrl>#icon-ci-1-labelson</styleUrl>
        <ExtendedData>
          <Data name="จังหวัด">
            <value>นครราชสีมา</value>
          </Data>
          <Data name="ที่อยู่">
            <value>ตำบล หนองกระทุ่ม อำเภอเมืองนครราชสีมา นครราชสีมา 30000</value>
          </Data>
          <Data name="เวลาทำการ">
            <value>00.00 น. - 24.00 น.</value>
          </Data>
          <Data name="Latitude:">
            <value>15.027023</value>
          </Data>
          <Data name="Longitude:">
            <value>102.082135</value>
          </Data>
          <Data name="Lat,long">
            <value>15.027023,102.082135</value>
          </Data>
          <Data name="ชื่อสถานที่">
            <value>สถานีบริการน้ำมันบางจาก - BCP - บายพาสโคราช (บ.ทีเอ็นเค คอร์ปอเรชั่น)</value>
          </Data>
        </ExtendedData>
        <Point>
          <coordinates>
            102.082135,15.027023,0
          </coordinates>
        </Point>
      </Placemark>
      <Placemark>
        <name>PEA VOLTA บางจาก บายพาสสุราษฎร์ (กม.5)</name>
        <description><![CDATA[จังหวัด: สุราษฎร์ธานี<br>ที่อยู่: ตำบลมะขามเตี้ย อำเภอเมืองสุราษฎร์ธานี สุราษฎร์ธานี 84000<br>เวลาทำการ: 00.00 น. - 24.00 น.<br>Latitude:: 9.11499<br>Longitude:: 99.346481<br>Lat,long: 9.11499,99.346481<br>ชื่อสถานที่: สถานีบริการน้ำมันบางจาก - บางจากบายพาสสุราษฎร์ กม.5]]></description>
        <styleUrl>#icon-ci-1-labelson</styleUrl>
        <ExtendedData>
          <Data name="จังหวัด">
            <value>สุราษฎร์ธานี</value>
          </Data>
          <Data name="ที่อยู่">
            <value>ตำบลมะขามเตี้ย อำเภอเมืองสุราษฎร์ธานี สุราษฎร์ธานี 84000</value>
          </Data>
          <Data name="เวลาทำการ">
            <value>00.00 น. - 24.00 น.</value>
          </Data>
          <Data name="Latitude:">
            <value>9.11499</value>
          </Data>
          <Data name="Longitude:">
            <value>99.346481</value>
          </Data>
          <Data name="Lat,long">
            <value>9.11499,99.346481</value>
          </Data>
          <Data name="ชื่อสถานที่">
            <value>สถานีบริการน้ำมันบางจาก - บางจากบายพาสสุราษฎร์ กม.5</value>
          </Data>
        </ExtendedData>
        <Point>
          <coordinates>
            99.346481,9.11499,0
          </coordinates>
        </Point>
      </Placemark>
      <Placemark>
        <name>PEA VOLTA บางจาก ปราสาท</name>
        <description><![CDATA[จังหวัด: สุรินทร์<br>ที่อยู่: ตำบล ตานี อำเภอปราสาท สุรินทร์ 32140<br>เวลาทำการ: 00.00 น. - 24.00 น.<br>Latitude:: 14.620816<br>Longitude:: 103.277245<br>Lat,long: 14.620816,103.277245<br>ชื่อสถานที่: สถานีบริการน้ำมันบางจาก - BCP - โชคชัย - เดชอุดม กม.177 (ปราสาท)]]></description>
        <styleUrl>#icon-ci-1-labelson</styleUrl>
        <ExtendedData>
          <Data name="จังหวัด">
            <value>สุรินทร์</value>
          </Data>
          <Data name="ที่อยู่">
            <value>ตำบล ตานี อำเภอปราสาท สุรินทร์ 32140</value>
          </Data>
          <Data name="เวลาทำการ">
            <value>00.00 น. - 24.00 น.</value>
          </Data>
          <Data name="Latitude:">
            <value>14.620816</value>
          </Data>
          <Data name="Longitude:">
            <value>103.277245</value>
          </Data>
          <Data name="Lat,long">
            <value>14.620816,103.277245</value>
          </Data>
          <Data name="ชื่อสถานที่">
            <value>สถานีบริการน้ำมันบางจาก - BCP - โชคชัย - เดชอุดม กม.177 (ปราสาท)</value>
          </Data>
        </ExtendedData>
        <Point>
          <coordinates>
            103.277245,14.620816,0
          </coordinates>
        </Point>
      </Placemark>
      <Placemark>
        <name>PEA VOLTA บางจาก สองพี่น้อง</name>
        <description><![CDATA[จังหวัด: สุพรรณบุรี<br>ที่อยู่: ตำบล ทุ่งคอก อำเภอสองพี่น้อง สุพรรณบุรี 72110<br>เวลาทำการ: 5.00 - 21.00 น.<br>Latitude:: 14.17294<br>Longitude:: 99.956121<br>Lat,long: 14.17294,99.956121<br>ชื่อสถานที่: สถานีบริการน้ำมันบางจาก - พราวออยล์]]></description>
        <styleUrl>#icon-ci-1-labelson</styleUrl>
        <ExtendedData>
          <Data name="จังหวัด">
            <value>สุพรรณบุรี</value>
          </Data>
          <Data name="ที่อยู่">
            <value>ตำบล ทุ่งคอก อำเภอสองพี่น้อง สุพรรณบุรี 72110</value>
          </Data>
          <Data name="เวลาทำการ">
            <value>5.00 - 21.00 น.</value>
          </Data>
          <Data name="Latitude:">
            <value>14.17294</value>
          </Data>
          <Data name="Longitude:">
            <value>99.956121</value>
          </Data>
          <Data name="Lat,long">
            <value>14.17294,99.956121</value>
          </Data>
          <Data name="ชื่อสถานที่">
            <value>สถานีบริการน้ำมันบางจาก - พราวออยล์</value>
          </Data>
        </ExtendedData>
        <Point>
          <coordinates>
            99.956121,14.17294,0
          </coordinates>
        </Point>
      </Placemark>
      <Placemark>
        <name>PEA VOLTA บางจาก สิชล</name>
        <description><![CDATA[จังหวัด: นครศรีธรรมราช<br>ที่อยู่: 3/1 หมู่ที่ 10 ถ. สุราษธานี - นครศรีธรรมราช ตำบล เปลี่ยน อำเภอ สิชล นครศรีธรรมราช 80120<br>เวลาทำการ: 6.00 - 19.00 น.<br>Latitude:: 8.846654<br>Longitude:: 99.900638<br>Lat,long: 8.846654,99.900638<br>ชื่อสถานที่: สถานีบริการน้ำมันบางจาก - บางจากประกอบกิจปิโตรเลียม]]></description>
        <styleUrl>#icon-ci-1-labelson</styleUrl>
        <ExtendedData>
          <Data name="จังหวัด">
            <value>นครศรีธรรมราช</value>
          </Data>
          <Data name="ที่อยู่">
            <value>3/1 หมู่ที่ 10 ถ. สุราษธานี - นครศรีธรรมราช ตำบล เปลี่ยน อำเภอ สิชล นครศรีธรรมราช 80120</value>
          </Data>
          <Data name="เวลาทำการ">
            <value>6.00 - 19.00 น.</value>
          </Data>
          <Data name="Latitude:">
            <value>8.846654</value>
          </Data>
          <Data name="Longitude:">
            <value>99.900638</value>
          </Data>
          <Data name="Lat,long">
            <value>8.846654,99.900638</value>
          </Data>
          <Data name="ชื่อสถานที่">
            <value>สถานีบริการน้ำมันบางจาก - บางจากประกอบกิจปิโตรเลียม</value>
          </Data>
        </ExtendedData>
        <Point>
          <coordinates>
            99.900638,8.846654,0
          </coordinates>
        </Point>
      </Placemark>
      <Placemark>
        <name>PEA VOLTA บางจาก องครักษ์</name>
        <description><![CDATA[จังหวัด: นครนายก<br>ที่อยู่: ตำบล บางปลากด อำเภอองครักษ์ นครนายก 26120<br>เวลาทำการ: 5.00 - 23.00 น.<br>Latitude:: 14.163809<br>Longitude:: 101.00755<br>Lat,long: 14.163809,101.00755<br>ชื่อสถานที่: สถานีบริการน้ำมันบางจาก - บริษัท พีพีแอล ปิโตรเลียม 99 จำกัด]]></description>
        <styleUrl>#icon-ci-1-labelson</styleUrl>
        <ExtendedData>
          <Data name="จังหวัด">
            <value>นครนายก</value>
          </Data>
          <Data name="ที่อยู่">
            <value>ตำบล บางปลากด อำเภอองครักษ์ นครนายก 26120</value>
          </Data>
          <Data name="เวลาทำการ">
            <value>5.00 - 23.00 น.</value>
          </Data>
          <Data name="Latitude:">
            <value>14.163809</value>
          </Data>
          <Data name="Longitude:">
            <value>101.00755</value>
          </Data>
          <Data name="Lat,long">
            <value>14.163809,101.00755</value>
          </Data>
          <Data name="ชื่อสถานที่">
            <value>สถานีบริการน้ำมันบางจาก - บริษัท พีพีแอล ปิโตรเลียม 99 จำกัด</value>
          </Data>
        </ExtendedData>
        <Point>
          <coordinates>
            101.00755,14.163809,0
          </coordinates>
        </Point>
      </Placemark>
      <Placemark>
        <name>PEA VOLTA บางจาก อ่าวลึก</name>
        <description><![CDATA[จังหวัด: กระบี่<br>ที่อยู่: ตำบล อ่าวลึกเหนือ อำเภอ อ่าวลึก กระบี่ 81110<br>เวลาทำการ: 00.00 น. - 24.00 น.<br>Latitude:: 8.364112<br>Longitude:: 98.75145<br>Lat,long: 8.364112,98.75145<br>ชื่อสถานที่: สถานีบริการน้ำมันบางจาก - บริษัท กระบี่ บี.พี. 1999 จำกัด]]></description>
        <styleUrl>#icon-ci-1-labelson</styleUrl>
        <ExtendedData>
          <Data name="จังหวัด">
            <value>กระบี่</value>
          </Data>
          <Data name="ที่อยู่">
            <value>ตำบล อ่าวลึกเหนือ อำเภอ อ่าวลึก กระบี่ 81110</value>
          </Data>
          <Data name="เวลาทำการ">
            <value>00.00 น. - 24.00 น.</value>
          </Data>
          <Data name="Latitude:">
            <value>8.364112</value>
          </Data>
          <Data name="Longitude:">
            <value>98.75145</value>
          </Data>
          <Data name="Lat,long">
            <value>8.364112,98.75145</value>
          </Data>
          <Data name="ชื่อสถานที่">
            <value>สถานีบริการน้ำมันบางจาก - บริษัท กระบี่ บี.พี. 1999 จำกัด</value>
          </Data>
        </ExtendedData>
        <Point>
          <coordinates>
            98.75145,8.364112,0
          </coordinates>
        </Point>
      </Placemark>
      <Placemark>
        <name>PEA VOLTA ปัว</name>
        <description><![CDATA[จังหวัด: น่าน<br>ที่อยู่: 292 ม.1 ต.ปัว อ.ปัว จ.น่าน 55120<br>เวลาทำการ: 00.00 น. - 24.00 น.<br>Latitude:: 19.17557459<br>Longitude:: 100.9181538<br>Lat,long: 19.17557459,100.9181538<br>ชื่อสถานที่: การไฟฟ้าส่วนภูมิภาค กฟส.อ.ปัว]]></description>
        <styleUrl>#icon-ci-1-labelson</styleUrl>
        <ExtendedData>
          <Data name="จังหวัด">
            <value>น่าน</value>
          </Data>
          <Data name="ที่อยู่">
            <value>292 ม.1 ต.ปัว อ.ปัว จ.น่าน 55120</value>
          </Data>
          <Data name="เวลาทำการ">
            <value>00.00 น. - 24.00 น.</value>
          </Data>
          <Data name="Latitude:">
            <value>19.17557459</value>
          </Data>
          <Data name="Longitude:">
            <value>100.9181538</value>
          </Data>
          <Data name="Lat,long">
            <value>19.17557459,100.9181538</value>
          </Data>
          <Data name="ชื่อสถานที่">
            <value>การไฟฟ้าส่วนภูมิภาค กฟส.อ.ปัว</value>
          </Data>
        </ExtendedData>
        <Point>
          <coordinates>
            100.9181538,19.17557459,0
          </coordinates>
        </Point>
      </Placemark>
      <Placemark>
        <name>PEA VOLTA ปากคาด</name>
        <description><![CDATA[จังหวัด: บึงกาฬ<br>ที่อยู่: ถนนชยางกูร ตำบล ปากคาด อำเภอ ปากคาด บึงกาฬ 38220<br>เวลาทำการ: 00.00 น. - 24.00 น.<br>Latitude:: 18.31764843<br>Longitude:: 103.3150083<br>Lat,long: 18.31764843,103.3150083<br>ชื่อสถานที่: การไฟฟ้าส่วนภูมิภาค กฟย.อ.ปากคาด]]></description>
        <styleUrl>#icon-ci-1-labelson</styleUrl>
        <ExtendedData>
          <Data name="จังหวัด">
            <value>บึงกาฬ</value>
          </Data>
          <Data name="ที่อยู่">
            <value>ถนนชยางกูร ตำบล ปากคาด อำเภอ ปากคาด บึงกาฬ 38220</value>
          </Data>
          <Data name="เวลาทำการ">
            <value>00.00 น. - 24.00 น.</value>
          </Data>
          <Data name="Latitude:">
            <value>18.31764843</value>
          </Data>
          <Data name="Longitude:">
            <value>103.3150083</value>
          </Data>
          <Data name="Lat,long">
            <value>18.31764843,103.3150083</value>
          </Data>
          <Data name="ชื่อสถานที่">
            <value>การไฟฟ้าส่วนภูมิภาค กฟย.อ.ปากคาด</value>
          </Data>
        </ExtendedData>
        <Point>
          <coordinates>
            103.3150083,18.31764843,0
          </coordinates>
        </Point>
      </Placemark>
      <Placemark>
        <name>PEA VOLTA พรรณานิคม</name>
        <description><![CDATA[จังหวัด: สกลนคร<br>ที่อยู่: ตำบล ช้างมิ่ง อำเภอ พรรณานิคม สกลนคร 47130<br>เวลาทำการ: 00.00 น. - 24.00 น.<br>Latitude:: 17.36631236<br>Longitude:: 103.8258764<br>Lat,long: 17.36631236,103.8258764<br>ชื่อสถานที่: การไฟฟ้าส่วนภูมิภาค กฟส.อ.พรรณานิคม]]></description>
        <styleUrl>#icon-ci-1-labelson</styleUrl>
        <ExtendedData>
          <Data name="จังหวัด">
            <value>สกลนคร</value>
          </Data>
          <Data name="ที่อยู่">
            <value>ตำบล ช้างมิ่ง อำเภอ พรรณานิคม สกลนคร 47130</value>
          </Data>
          <Data name="เวลาทำการ">
            <value>00.00 น. - 24.00 น.</value>
          </Data>
          <Data name="Latitude:">
            <value>17.36631236</value>
          </Data>
          <Data name="Longitude:">
            <value>103.8258764</value>
          </Data>
          <Data name="Lat,long">
            <value>17.36631236,103.8258764</value>
          </Data>
          <Data name="ชื่อสถานที่">
            <value>การไฟฟ้าส่วนภูมิภาค กฟส.อ.พรรณานิคม</value>
          </Data>
        </ExtendedData>
        <Point>
          <coordinates>
            103.8258764,17.36631236,0
          </coordinates>
        </Point>
      </Placemark>
      <Placemark>
        <name>PEA VOLTA สว่างแดนดิน</name>
        <description><![CDATA[จังหวัด: สกลนคร<br>ที่อยู่: 22 ตำบล สว่างแดนดิน อำเภอสว่างแดนดิน สกลนคร 47110<br>เวลาทำการ: 00.00 น. - 24.00 น.<br>Latitude:: 17.46815406<br>Longitude:: 103.4946394<br>Lat,long: 17.46815406,103.4946394<br>ชื่อสถานที่: การไฟฟ้าส่วนภูมิภาค กฟอ.สว่างแดนดิน]]></description>
        <styleUrl>#icon-ci-1-labelson</styleUrl>
        <ExtendedData>
          <Data name="จังหวัด">
            <value>สกลนคร</value>
          </Data>
          <Data name="ที่อยู่">
            <value>22 ตำบล สว่างแดนดิน อำเภอสว่างแดนดิน สกลนคร 47110</value>
          </Data>
          <Data name="เวลาทำการ">
            <value>00.00 น. - 24.00 น.</value>
          </Data>
          <Data name="Latitude:">
            <value>17.46815406</value>
          </Data>
          <Data name="Longitude:">
            <value>103.4946394</value>
          </Data>
          <Data name="Lat,long">
            <value>17.46815406,103.4946394</value>
          </Data>
          <Data name="ชื่อสถานที่">
            <value>การไฟฟ้าส่วนภูมิภาค กฟอ.สว่างแดนดิน</value>
          </Data>
        </ExtendedData>
        <Point>
          <coordinates>
            103.4946394,17.46815406,0
          </coordinates>
        </Point>
      </Placemark>
      <Placemark>
        <name>PEA VOLTA หนองไผ่</name>
        <description><![CDATA[จังหวัด: เพชรบูรณ์<br>ที่อยู่: 999/1 หมู่ 3 ถนน สระบุรี-หล่มสัก ตำบล หนองไผ่ อำเภอหนองไผ่ เพชรบูรณ์ 67140<br>เวลาทำการ: 00.00 น. - 24.00 น.<br>Latitude:: 15.99545307<br>Longitude:: 101.0656422<br>Lat,long: 15.99545307,101.0656422<br>ชื่อสถานที่: การไฟฟ้าส่วนภูมิภาค กฟอ.หนองไผ่]]></description>
        <styleUrl>#icon-ci-1-labelson</styleUrl>
        <ExtendedData>
          <Data name="จังหวัด">
            <value>เพชรบูรณ์</value>
          </Data>
          <Data name="ที่อยู่">
            <value>999/1 หมู่ 3 ถนน สระบุรี-หล่มสัก ตำบล หนองไผ่ อำเภอหนองไผ่ เพชรบูรณ์ 67140</value>
          </Data>
          <Data name="เวลาทำการ">
            <value>00.00 น. - 24.00 น.</value>
          </Data>
          <Data name="Latitude:">
            <value>15.99545307</value>
          </Data>
          <Data name="Longitude:">
            <value>101.0656422</value>
          </Data>
          <Data name="Lat,long">
            <value>15.99545307,101.0656422</value>
          </Data>
          <Data name="ชื่อสถานที่">
            <value>การไฟฟ้าส่วนภูมิภาค กฟอ.หนองไผ่</value>
          </Data>
        </ExtendedData>
        <Point>
          <coordinates>
            101.0656422,15.99545307,0
          </coordinates>
        </Point>
      </Placemark>
      <Placemark>
        <name>PEA VOLTA เมืองแม่ฮ่องสอน</name>
        <description><![CDATA[จังหวัด: แม่ฮ่องสอน<br>ที่อยู่: 286/3 ถ.แม่ฮ่องสอน-ปาย ตำบล ปางหมู อำเภอเมืองแม่ฮ่องสอน แม่ฮ่องสอน 58000<br>เวลาทำการ: 00.00 น. - 24.00 น.<br>Latitude:: 19.31527785<br>Longitude:: 97.9657732<br>Lat,long: 19.31527785,97.9657732<br>ชื่อสถานที่: การไฟฟ้าส่วนภูมิภาค กฟจ.แม่ฮ่องสอน]]></description>
        <styleUrl>#icon-ci-1-labelson</styleUrl>
        <ExtendedData>
          <Data name="จังหวัด">
            <value>แม่ฮ่องสอน</value>
          </Data>
          <Data name="ที่อยู่">
            <value>286/3 ถ.แม่ฮ่องสอน-ปาย ตำบล ปางหมู อำเภอเมืองแม่ฮ่องสอน แม่ฮ่องสอน 58000</value>
          </Data>
          <Data name="เวลาทำการ">
            <value>00.00 น. - 24.00 น.</value>
          </Data>
          <Data name="Latitude:">
            <value>19.31527785</value>
          </Data>
          <Data name="Longitude:">
            <value>97.9657732</value>
          </Data>
          <Data name="Lat,long">
            <value>19.31527785,97.9657732</value>
          </Data>
          <Data name="ชื่อสถานที่">
            <value>การไฟฟ้าส่วนภูมิภาค กฟจ.แม่ฮ่องสอน</value>
          </Data>
        </ExtendedData>
        <Point>
          <coordinates>
            97.9657732,19.31527785,0
          </coordinates>
        </Point>
      </Placemark>
      <Placemark>
        <name>PEA VOLTA เมืองมุกดาหาร</name>
        <description><![CDATA[จังหวัด: มุกดาหาร<br>ที่อยู่: 106, ถนนเมืองใหม่, ตำบลมุกดาหาร อำเภอเมืองมุกดาหาร จังหวัดมุกดาหาร, 49000<br>เวลาทำการ: 00.00 น. - 24.00 น.<br>Latitude:: 16.54318768<br>Longitude:: 104.6944418<br>Lat,long: 16.54318768,104.6944418<br>ชื่อสถานที่: การไฟฟ้าส่วนภูมิภาค กฟจ.มุกดาหาร]]></description>
        <styleUrl>#icon-ci-1-labelson</styleUrl>
        <ExtendedData>
          <Data name="จังหวัด">
            <value>มุกดาหาร</value>
          </Data>
          <Data name="ที่อยู่">
            <value>106, ถนนเมืองใหม่, ตำบลมุกดาหาร อำเภอเมืองมุกดาหาร จังหวัดมุกดาหาร, 49000</value>
          </Data>
          <Data name="เวลาทำการ">
            <value>00.00 น. - 24.00 น.</value>
          </Data>
          <Data name="Latitude:">
            <value>16.54318768</value>
          </Data>
          <Data name="Longitude:">
            <value>104.6944418</value>
          </Data>
          <Data name="Lat,long">
            <value>16.54318768,104.6944418</value>
          </Data>
          <Data name="ชื่อสถานที่">
            <value>การไฟฟ้าส่วนภูมิภาค กฟจ.มุกดาหาร</value>
          </Data>
        </ExtendedData>
        <Point>
          <coordinates>
            104.6944418,16.54318768,0
          </coordinates>
        </Point>
      </Placemark>
      <Placemark>
        <name>PEA VOLTA เมืองอำนาจเจริญ</name>
        <description><![CDATA[จังหวัด: อำนาจเจริญ<br>ที่อยู่: 332 ม.8 อ.เมือง Chayangkun, ตำบล บุ่ง อำเภอเมืองอำนาจเจริญ อำนาจเจริญ 37000<br>เวลาทำการ: 00.00 น. - 24.00 น.<br>Latitude:: 15.88878265<br>Longitude:: 104.6250347<br>Lat,long: 15.88878265,104.6250347<br>ชื่อสถานที่: การไฟฟ้าส่วนภูมิภาค กฟจ.อำนาจเจริญ]]></description>
        <styleUrl>#icon-ci-1-labelson</styleUrl>
        <ExtendedData>
          <Data name="จังหวัด">
            <value>อำนาจเจริญ</value>
          </Data>
          <Data name="ที่อยู่">
            <value>332 ม.8 อ.เมือง Chayangkun, ตำบล บุ่ง อำเภอเมืองอำนาจเจริญ อำนาจเจริญ 37000</value>
          </Data>
          <Data name="เวลาทำการ">
            <value>00.00 น. - 24.00 น.</value>
          </Data>
          <Data name="Latitude:">
            <value>15.88878265</value>
          </Data>
          <Data name="Longitude:">
            <value>104.6250347</value>
          </Data>
          <Data name="Lat,long">
            <value>15.88878265,104.6250347</value>
          </Data>
          <Data name="ชื่อสถานที่">
            <value>การไฟฟ้าส่วนภูมิภาค กฟจ.อำนาจเจริญ</value>
          </Data>
        </ExtendedData>
        <Point>
          <coordinates>
            104.6250347,15.88878265,0
          </coordinates>
        </Point>
      </Placemark>
      <Placemark>
        <name>PEA VOLTA เมืองยโสธร</name>
        <description><![CDATA[จังหวัด: ยโสธร<br>ที่อยู่: 91 ถนน รัตนเขต ตำบลในเมือง อำเภอเมืองยโสธร ยโสธร 35000<br>เวลาทำการ: 00.00 น. - 24.00 น.<br>Latitude:: 15.79789317<br>Longitude:: 104.144639<br>Lat,long: 15.79789317,104.144639<br>ชื่อสถานที่: การไฟฟ้าส่วนภูมิภาค กฟจ.ยโสธร]]></description>
        <styleUrl>#icon-ci-1-labelson</styleUrl>
        <ExtendedData>
          <Data name="จังหวัด">
            <value>ยโสธร</value>
          </Data>
          <Data name="ที่อยู่">
            <value>91 ถนน รัตนเขต ตำบลในเมือง อำเภอเมืองยโสธร ยโสธร 35000</value>
          </Data>
          <Data name="เวลาทำการ">
            <value>00.00 น. - 24.00 น.</value>
          </Data>
          <Data name="Latitude:">
            <value>15.79789317</value>
          </Data>
          <Data name="Longitude:">
            <value>104.144639</value>
          </Data>
          <Data name="Lat,long">
            <value>15.79789317,104.144639</value>
          </Data>
          <Data name="ชื่อสถานที่">
            <value>การไฟฟ้าส่วนภูมิภาค กฟจ.ยโสธร</value>
          </Data>
        </ExtendedData>
        <Point>
          <coordinates>
            104.144639,15.79789317,0
          </coordinates>
        </Point>
      </Placemark>
      <Placemark>
        <name>PEA VOLTA บางจาก แม่สอด</name>
        <description><![CDATA[จังหวัด: ตาก<br>ที่อยู่: ตำบล แม่สอด อำเภอแม่สอด ตาก 63110<br>เวลาทำการ: 00.00 น. - 24.00 น.<br>Latitude:: 16.725243<br>Longitude:: 98.594623<br>Lat,long: 16.725243,98.594623<br>ชื่อสถานที่: สถานีบริการน้ำมันบางจาก - หจก.แม่สอดวัฒนาบริการ]]></description>
        <styleUrl>#icon-ci-1-labelson</styleUrl>
        <ExtendedData>
          <Data name="จังหวัด">
            <value>ตาก</value>
          </Data>
          <Data name="ที่อยู่">
            <value>ตำบล แม่สอด อำเภอแม่สอด ตาก 63110</value>
          </Data>
          <Data name="เวลาทำการ">
            <value>00.00 น. - 24.00 น.</value>
          </Data>
          <Data name="Latitude:">
            <value>16.725243</value>
          </Data>
          <Data name="Longitude:">
            <value>98.594623</value>
          </Data>
          <Data name="Lat,long">
            <value>16.725243,98.594623</value>
          </Data>
          <Data name="ชื่อสถานที่">
            <value>สถานีบริการน้ำมันบางจาก - หจก.แม่สอดวัฒนาบริการ</value>
          </Data>
        </ExtendedData>
        <Point>
          <coordinates>
            98.594623,16.725243,0
          </coordinates>
        </Point>
      </Placemark>
      <Placemark>
        <name>PEA VOLTA บางจาก เมืองสุโขทัย</name>
        <description><![CDATA[จังหวัด: สุโขทัย<br>ที่อยู่: 41/3 หมู่ 2 ถนนจรดวิถีถ่อง ตำบลปากแคว อำเภอเมืองสุโขทัย สุโขทัย 64000<br>เวลาทำการ: 00.00 น. - 24.00 น.<br>Latitude:: 17.039489<br>Longitude:: 99.822734<br>Lat,long: 17.039489,99.822734<br>ชื่อสถานที่: สถานีบริการน้ำมันบางจาก - สหกรณ์การเกษตรสุโขทัยธานี จำกัด]]></description>
        <styleUrl>#icon-ci-1-labelson</styleUrl>
        <ExtendedData>
          <Data name="จังหวัด">
            <value>สุโขทัย</value>
          </Data>
          <Data name="ที่อยู่">
            <value>41/3 หมู่ 2 ถนนจรดวิถีถ่อง ตำบลปากแคว อำเภอเมืองสุโขทัย สุโขทัย 64000</value>
          </Data>
          <Data name="เวลาทำการ">
            <value>00.00 น. - 24.00 น.</value>
          </Data>
          <Data name="Latitude:">
            <value>17.039489</value>
          </Data>
          <Data name="Longitude:">
            <value>99.822734</value>
          </Data>
          <Data name="Lat,long">
            <value>17.039489,99.822734</value>
          </Data>
          <Data name="ชื่อสถานที่">
            <value>สถานีบริการน้ำมันบางจาก - สหกรณ์การเกษตรสุโขทัยธานี จำกัด</value>
          </Data>
        </ExtendedData>
        <Point>
          <coordinates>
            99.822734,17.039489,0
          </coordinates>
        </Point>
      </Placemark>
      <Placemark>
        <name>PEA VOLTA บางจาก พยุหะคีรี กม.308</name>
        <description><![CDATA[จังหวัด: นครสวรรค์<br>ที่อยู่: ตำบล ม่วงหัก อำเภอพยุหะคีรี นครสวรรค์ 60130<br>เวลาทำการ: 00.00 น. - 24.00 น.<br>Latitude:: 15.407129<br>Longitude:: 100.148103<br>Lat,long: 15.407129,100.148103<br>ชื่อสถานที่: สถานีบริการน้ำมันบางจาก - บริษัท ทรัพย์รุ่งเรือง เอนเนอร์จี จำกัด]]></description>
        <styleUrl>#icon-ci-1-labelson</styleUrl>
        <ExtendedData>
          <Data name="จังหวัด">
            <value>นครสวรรค์</value>
          </Data>
          <Data name="ที่อยู่">
            <value>ตำบล ม่วงหัก อำเภอพยุหะคีรี นครสวรรค์ 60130</value>
          </Data>
          <Data name="เวลาทำการ">
            <value>00.00 น. - 24.00 น.</value>
          </Data>
          <Data name="Latitude:">
            <value>15.407129</value>
          </Data>
          <Data name="Longitude:">
            <value>100.148103</value>
          </Data>
          <Data name="Lat,long">
            <value>15.407129,100.148103</value>
          </Data>
          <Data name="ชื่อสถานที่">
            <value>สถานีบริการน้ำมันบางจาก - บริษัท ทรัพย์รุ่งเรือง เอนเนอร์จี จำกัด</value>
          </Data>
        </ExtendedData>
        <Point>
          <coordinates>
            100.148103,15.407129,0
          </coordinates>
        </Point>
      </Placemark>
      <Placemark>
        <name>PEA VOLTA บางจาก ท่าวุ้ง</name>
        <description><![CDATA[จังหวัด: ลพบุรี<br>ที่อยู่: 346 หมู่ 1 ถนนสายสิงห์บุรี-ลพบุรี ตำบลท่าวุ้ง อำเภอท่าวุ้ง ลพบุรี 15150<br>เวลาทำการ: 00.00 น. - 24.00 น.<br>Latitude:: 14.817497<br>Longitude:: 100.50856<br>Lat,long: 14.817497,100.50856<br>ชื่อสถานที่: สถานีบริการน้ำมันบางจาก - สหกรณ์เกษตร ท่าวุ้ง จำกัด]]></description>
        <styleUrl>#icon-ci-1-labelson</styleUrl>
        <ExtendedData>
          <Data name="จังหวัด">
            <value>ลพบุรี</value>
          </Data>
          <Data name="ที่อยู่">
            <value>346 หมู่ 1 ถนนสายสิงห์บุรี-ลพบุรี ตำบลท่าวุ้ง อำเภอท่าวุ้ง ลพบุรี 15150</value>
          </Data>
          <Data name="เวลาทำการ">
            <value>00.00 น. - 24.00 น.</value>
          </Data>
          <Data name="Latitude:">
            <value>14.817497</value>
          </Data>
          <Data name="Longitude:">
            <value>100.50856</value>
          </Data>
          <Data name="Lat,long">
            <value>14.817497,100.50856</value>
          </Data>
          <Data name="ชื่อสถานที่">
            <value>สถานีบริการน้ำมันบางจาก - สหกรณ์เกษตร ท่าวุ้ง จำกัด</value>
          </Data>
        </ExtendedData>
        <Point>
          <coordinates>
            100.50856,14.817497,0
          </coordinates>
        </Point>
      </Placemark>
      <Placemark>
        <name>PEA VOLTA บางจาก เมืองมหาสารคาม (แยกแก่งเลิงจาน)</name>
        <description><![CDATA[จังหวัด: มหาสารคาม<br>ที่อยู่: ตำบล แก่งเลิงจาน อำเภอเมืองมหาสารคาม มหาสารคาม 44000<br>เวลาทำการ: 00.00 น. - 24.00 น.<br>Latitude:: 16.166314<br>Longitude:: 103.282363<br>Lat,long: 16.166314,103.282363<br>ชื่อสถานที่: สถานีบริการน้ำมันบางจาก - บริษัทสองตระกูล]]></description>
        <styleUrl>#icon-ci-1-labelson</styleUrl>
        <ExtendedData>
          <Data name="จังหวัด">
            <value>มหาสารคาม</value>
          </Data>
          <Data name="ที่อยู่">
            <value>ตำบล แก่งเลิงจาน อำเภอเมืองมหาสารคาม มหาสารคาม 44000</value>
          </Data>
          <Data name="เวลาทำการ">
            <value>00.00 น. - 24.00 น.</value>
          </Data>
          <Data name="Latitude:">
            <value>16.166314</value>
          </Data>
          <Data name="Longitude:">
            <value>103.282363</value>
          </Data>
          <Data name="Lat,long">
            <value>16.166314,103.282363</value>
          </Data>
          <Data name="ชื่อสถานที่">
            <value>สถานีบริการน้ำมันบางจาก - บริษัทสองตระกูล</value>
          </Data>
        </ExtendedData>
        <Point>
          <coordinates>
            103.282363,16.166314,0
          </coordinates>
        </Point>
      </Placemark>
      <Placemark>
        <name>PEA VOLTA บางจาก โพนทอง</name>
        <description><![CDATA[จังหวัด: ร้อยเอ็ด<br>ที่อยู่: 171 หมู่ 2 ตำบลสระนกแก้ว อำเภอ โพนทอง ร้อยเอ็ด 45110<br>เวลาทำการ: 00.00 น. - 24.00 น.<br>Latitude:: 16.294737<br>Longitude:: 103.976187<br>Lat,long: 16.294737,103.976187<br>ชื่อสถานที่: สถานีบริการน้ำมันบางจาก - BCP โพนทอง]]></description>
        <styleUrl>#icon-ci-1-labelson</styleUrl>
        <ExtendedData>
          <Data name="จังหวัด">
            <value>ร้อยเอ็ด</value>
          </Data>
          <Data name="ที่อยู่">
            <value>171 หมู่ 2 ตำบลสระนกแก้ว อำเภอ โพนทอง ร้อยเอ็ด 45110</value>
          </Data>
          <Data name="เวลาทำการ">
            <value>00.00 น. - 24.00 น.</value>
          </Data>
          <Data name="Latitude:">
            <value>16.294737</value>
          </Data>
          <Data name="Longitude:">
            <value>103.976187</value>
          </Data>
          <Data name="Lat,long">
            <value>16.294737,103.976187</value>
          </Data>
          <Data name="ชื่อสถานที่">
            <value>สถานีบริการน้ำมันบางจาก - BCP โพนทอง</value>
          </Data>
        </ExtendedData>
        <Point>
          <coordinates>
            103.976187,16.294737,0
          </coordinates>
        </Point>
      </Placemark>
      <Placemark>
        <name>PEA VOLTA บางจาก เมืองอุบลราชธานี (ในเมือง)</name>
        <description><![CDATA[จังหวัด: อุบลราชธานี<br>ที่อยู่: 258 ถ. แจ้งสนิท ตำบล ในเมือง อำเภอเมืองอุบลราชธานี อุบลราชธานี 34000<br>เวลาทำการ: 00.00 น. - 24.00 น.<br>Latitude:: 15.253549<br>Longitude:: 104.837229<br>Lat,long: 15.253549,104.837229<br>ชื่อสถานที่: สถานีบริการน้ำมันบางจาก - หจก.อุบลสายันต์บริการ จ.อุบลราชธานี]]></description>
        <styleUrl>#icon-ci-1-labelson</styleUrl>
        <ExtendedData>
          <Data name="จังหวัด">
            <value>อุบลราชธานี</value>
          </Data>
          <Data name="ที่อยู่">
            <value>258 ถ. แจ้งสนิท ตำบล ในเมือง อำเภอเมืองอุบลราชธานี อุบลราชธานี 34000</value>
          </Data>
          <Data name="เวลาทำการ">
            <value>00.00 น. - 24.00 น.</value>
          </Data>
          <Data name="Latitude:">
            <value>15.253549</value>
          </Data>
          <Data name="Longitude:">
            <value>104.837229</value>
          </Data>
          <Data name="Lat,long">
            <value>15.253549,104.837229</value>
          </Data>
          <Data name="ชื่อสถานที่">
            <value>สถานีบริการน้ำมันบางจาก - หจก.อุบลสายันต์บริการ จ.อุบลราชธานี</value>
          </Data>
        </ExtendedData>
        <Point>
          <coordinates>
            104.837229,15.253549,0
          </coordinates>
        </Point>
      </Placemark>
      <Placemark>
        <name>PEA VOLTA บางจาก เมืองอุบลราชธานี (หนองขอน)</name>
        <description><![CDATA[จังหวัด: อุบลราชธานี<br>ที่อยู่: 274 หมู่ 2 ถนนสายอุบล-ตระการ ตำบลไร่น้อย อำเภอเมืองอุบลราชธานี อุบลราชธานี 34000<br>เวลาทำการ: 00.00 น. - 24.00 น.<br>Latitude:: 15.291638<br>Longitude:: 104.785756<br>Lat,long: 15.291638,104.785756<br>ชื่อสถานที่: สถานีบริการน้ำมันบางจาก - สหกรณ์การเกษตรเมืองอุบลราชธานี]]></description>
        <styleUrl>#icon-ci-1-labelson</styleUrl>
        <ExtendedData>
          <Data name="จังหวัด">
            <value>อุบลราชธานี</value>
          </Data>
          <Data name="ที่อยู่">
            <value>274 หมู่ 2 ถนนสายอุบล-ตระการ ตำบลไร่น้อย อำเภอเมืองอุบลราชธานี อุบลราชธานี 34000</value>
          </Data>
          <Data name="เวลาทำการ">
            <value>00.00 น. - 24.00 น.</value>
          </Data>
          <Data name="Latitude:">
            <value>15.291638</value>
          </Data>
          <Data name="Longitude:">
            <value>104.785756</value>
          </Data>
          <Data name="Lat,long">
            <value>15.291638,104.785756</value>
          </Data>
          <Data name="ชื่อสถานที่">
            <value>สถานีบริการน้ำมันบางจาก - สหกรณ์การเกษตรเมืองอุบลราชธานี</value>
          </Data>
        </ExtendedData>
        <Point>
          <coordinates>
            104.785756,15.291638,0
          </coordinates>
        </Point>
      </Placemark>
      <Placemark>
        <name>PEA VOLTA บางจาก เมืองกาฬสินธุ์</name>
        <description><![CDATA[จังหวัด: กาฬสินธุ์<br>ที่อยู่: 33, 33/9 ถนน ถีนานนท์ 9 ถนน ถีนานนท์ กาฬสินธุ์ อำเภอเมืองกาฬสินธุ์ กาฬสินธุ์ 46000<br>เวลาทำการ: 00.00 น. - 24.00 น.<br>Latitude:: 16.442452<br>Longitude:: 103.519713<br>Lat,long: 16.442452,103.519713<br>ชื่อสถานที่: สถานีบริการน้ำมันบางจาก - บริษัท สสินธร]]></description>
        <styleUrl>#icon-ci-1-labelson</styleUrl>
        <ExtendedData>
          <Data name="จังหวัด">
            <value>กาฬสินธุ์</value>
          </Data>
          <Data name="ที่อยู่">
            <value>33, 33/9 ถนน ถีนานนท์ 9 ถนน ถีนานนท์ กาฬสินธุ์ อำเภอเมืองกาฬสินธุ์ กาฬสินธุ์ 46000</value>
          </Data>
          <Data name="เวลาทำการ">
            <value>00.00 น. - 24.00 น.</value>
          </Data>
          <Data name="Latitude:">
            <value>16.442452</value>
          </Data>
          <Data name="Longitude:">
            <value>103.519713</value>
          </Data>
          <Data name="Lat,long">
            <value>16.442452,103.519713</value>
          </Data>
          <Data name="ชื่อสถานที่">
            <value>สถานีบริการน้ำมันบางจาก - บริษัท สสินธร</value>
          </Data>
        </ExtendedData>
        <Point>
          <coordinates>
            103.519713,16.442452,0
          </coordinates>
        </Point>
      </Placemark>
      <Placemark>
        <name>PEA VOLTA บางจาก ไชโย</name>
        <description><![CDATA[จังหวัด: อ่างทอง<br>ที่อยู่: 66/7 ม.1 ต ตำบล จรเข้ร้อง อำเภอไชโย อ่างทอง<br>เวลาทำการ: 00.00 น. - 24.00 น.<br>Latitude:: 14.665474<br>Longitude:: 100.472487<br>Lat,long: 14.665474,100.472487<br>ชื่อสถานที่: สถานีบริการน้ำมันบางจาก - หจก.เพิ่มทรัพย์ปิโตรเลียม]]></description>
        <styleUrl>#icon-ci-1-labelson</styleUrl>
        <ExtendedData>
          <Data name="จังหวัด">
            <value>อ่างทอง</value>
          </Data>
          <Data name="ที่อยู่">
            <value>66/7 ม.1 ต ตำบล จรเข้ร้อง อำเภอไชโย อ่างทอง</value>
          </Data>
          <Data name="เวลาทำการ">
            <value>00.00 น. - 24.00 น.</value>
          </Data>
          <Data name="Latitude:">
            <value>14.665474</value>
          </Data>
          <Data name="Longitude:">
            <value>100.472487</value>
          </Data>
          <Data name="Lat,long">
            <value>14.665474,100.472487</value>
          </Data>
          <Data name="ชื่อสถานที่">
            <value>สถานีบริการน้ำมันบางจาก - หจก.เพิ่มทรัพย์ปิโตรเลียม</value>
          </Data>
        </ExtendedData>
        <Point>
          <coordinates>
            100.472487,14.665474,0
          </coordinates>
        </Point>
      </Placemark>
      <Placemark>
        <name>PEA VOLTA บางจาก วังน้อย กม.71</name>
        <description><![CDATA[จังหวัด: พระนครศรีอยุธยา<br>ที่อยู่: ถ. พหลโยธิน ตำบล ชะแมบ อำเภอวังน้อย จังหวัดพระนครศรีอยุธยา 13170<br>เวลาทำการ: 00.00 น. - 24.00 น.<br>Latitude:: 14.255481<br>Longitude:: 100.76757<br>Lat,long: 14.255481,100.76757<br>ชื่อสถานที่: สถานีบริการน้ำมันบางจาก - BCP -วังน้อย กม.71]]></description>
        <styleUrl>#icon-ci-1-labelson</styleUrl>
        <ExtendedData>
          <Data name="จังหวัด">
            <value>พระนครศรีอยุธยา</value>
          </Data>
          <Data name="ที่อยู่">
            <value>ถ. พหลโยธิน ตำบล ชะแมบ อำเภอวังน้อย จังหวัดพระนครศรีอยุธยา 13170</value>
          </Data>
          <Data name="เวลาทำการ">
            <value>00.00 น. - 24.00 น.</value>
          </Data>
          <Data name="Latitude:">
            <value>14.255481</value>
          </Data>
          <Data name="Longitude:">
            <value>100.76757</value>
          </Data>
          <Data name="Lat,long">
            <value>14.255481,100.76757</value>
          </Data>
          <Data name="ชื่อสถานที่">
            <value>สถานีบริการน้ำมันบางจาก - BCP -วังน้อย กม.71</value>
          </Data>
        </ExtendedData>
        <Point>
          <coordinates>
            100.76757,14.255481,0
          </coordinates>
        </Point>
      </Placemark>
      <Placemark>
        <name>PEA VOLTA บางจาก สามโคก</name>
        <description><![CDATA[จังหวัด: ปทุมธานี<br>ที่อยู่: ปั๊มน้ำมันเชลล์ ตำบล บางโพธิ์เหนือ อำเภอสามโคก ปทุมธานี 12160<br>เวลาทำการ: 00.00 น. - 24.00 น.<br>Latitude:: 14.039536<br>Longitude:: 100.525593<br>Lat,long: 14.039536,100.525593<br>ชื่อสถานที่: สถานีบริการน้ำมันบางจาก - BCP - สามโคก]]></description>
        <styleUrl>#icon-ci-1-labelson</styleUrl>
        <ExtendedData>
          <Data name="จังหวัด">
            <value>ปทุมธานี</value>
          </Data>
          <Data name="ที่อยู่">
            <value>ปั๊มน้ำมันเชลล์ ตำบล บางโพธิ์เหนือ อำเภอสามโคก ปทุมธานี 12160</value>
          </Data>
          <Data name="เวลาทำการ">
            <value>00.00 น. - 24.00 น.</value>
          </Data>
          <Data name="Latitude:">
            <value>14.039536</value>
          </Data>
          <Data name="Longitude:">
            <value>100.525593</value>
          </Data>
          <Data name="Lat,long">
            <value>14.039536,100.525593</value>
          </Data>
          <Data name="ชื่อสถานที่">
            <value>สถานีบริการน้ำมันบางจาก - BCP - สามโคก</value>
          </Data>
        </ExtendedData>
        <Point>
          <coordinates>
            100.525593,14.039536,0
          </coordinates>
        </Point>
      </Placemark>
      <Placemark>
        <name>PEA VOLTA เมืองระนอง</name>
        <description><![CDATA[จังหวัด: ระนอง<br>ที่อยู่: 6 202 หมู่ที่ 1 ถ. เพชรเกษม ตำบล บางนอน อำเภอเมืองระนอง ระนอง 85000<br>เวลาทำการ: 00.00 น. - 24.00 น.<br>Latitude:: 10.00183734<br>Longitude:: 98.65701866<br>Lat,long: 10.00183734,98.65701866<br>ชื่อสถานที่: การไฟฟ้าส่วนภูมิภาค กฟจ.ระนอง]]></description>
        <styleUrl>#icon-ci-1-labelson</styleUrl>
        <ExtendedData>
          <Data name="จังหวัด">
            <value>ระนอง</value>
          </Data>
          <Data name="ที่อยู่">
            <value>6 202 หมู่ที่ 1 ถ. เพชรเกษม ตำบล บางนอน อำเภอเมืองระนอง ระนอง 85000</value>
          </Data>
          <Data name="เวลาทำการ">
            <value>00.00 น. - 24.00 น.</value>
          </Data>
          <Data name="Latitude:">
            <value>10.00183734</value>
          </Data>
          <Data name="Longitude:">
            <value>98.65701866</value>
          </Data>
          <Data name="Lat,long">
            <value>10.00183734,98.65701866</value>
          </Data>
          <Data name="ชื่อสถานที่">
            <value>การไฟฟ้าส่วนภูมิภาค กฟจ.ระนอง</value>
          </Data>
        </ExtendedData>
        <Point>
          <coordinates>
            98.65701866,10.00183734,0
          </coordinates>
        </Point>
      </Placemark>
      <Placemark>
        <name>PEA VOLTA กระบุรี</name>
        <description><![CDATA[จังหวัด: ระนอง<br>ที่อยู่: ตำบล ปากจั่น อำเภอ กระบุรี ระนอง 85110<br>เวลาทำการ: 00.00 น. - 24.00 น.<br>Latitude:: 10.51464747<br>Longitude:: 98.8658152<br>Lat,long: 10.51464747,98.8658152<br>ชื่อสถานที่: การไฟฟ้าส่วนภูมิภาค กฟส.อ.กระบุรี]]></description>
        <styleUrl>#icon-ci-1-labelson</styleUrl>
        <ExtendedData>
          <Data name="จังหวัด">
            <value>ระนอง</value>
          </Data>
          <Data name="ที่อยู่">
            <value>ตำบล ปากจั่น อำเภอ กระบุรี ระนอง 85110</value>
          </Data>
          <Data name="เวลาทำการ">
            <value>00.00 น. - 24.00 น.</value>
          </Data>
          <Data name="Latitude:">
            <value>10.51464747</value>
          </Data>
          <Data name="Longitude:">
            <value>98.8658152</value>
          </Data>
          <Data name="Lat,long">
            <value>10.51464747,98.8658152</value>
          </Data>
          <Data name="ชื่อสถานที่">
            <value>การไฟฟ้าส่วนภูมิภาค กฟส.อ.กระบุรี</value>
          </Data>
        </ExtendedData>
        <Point>
          <coordinates>
            98.8658152,10.51464747,0
          </coordinates>
        </Point>
      </Placemark>
      <Placemark>
        <name>PEA VOLTA กะเปอร์</name>
        <description><![CDATA[จังหวัด: ระนอง<br>ที่อยู่: Lot 1, 127 ถ. เพชรเกษม ตำบล กะเปอร์ อำเภอ กะเปอร์ ระนอง 85120<br>เวลาทำการ: 00.00 น. - 24.00 น.<br>Latitude:: 9.636040814<br>Longitude:: 98.65515276<br>Lat,long: 9.636040814,98.65515276<br>ชื่อสถานที่: การไฟฟ้าส่วนภูมิภาค กฟย.อ.กะเปอร์]]></description>
        <styleUrl>#icon-ci-1-labelson</styleUrl>
        <ExtendedData>
          <Data name="จังหวัด">
            <value>ระนอง</value>
          </Data>
          <Data name="ที่อยู่">
            <value>Lot 1, 127 ถ. เพชรเกษม ตำบล กะเปอร์ อำเภอ กะเปอร์ ระนอง 85120</value>
          </Data>
          <Data name="เวลาทำการ">
            <value>00.00 น. - 24.00 น.</value>
          </Data>
          <Data name="Latitude:">
            <value>9.636040814</value>
          </Data>
          <Data name="Longitude:">
            <value>98.65515276</value>
          </Data>
          <Data name="Lat,long">
            <value>9.636040814,98.65515276</value>
          </Data>
          <Data name="ชื่อสถานที่">
            <value>การไฟฟ้าส่วนภูมิภาค กฟย.อ.กะเปอร์</value>
          </Data>
        </ExtendedData>
        <Point>
          <coordinates>
            98.65515276,9.636040814,0
          </coordinates>
        </Point>
      </Placemark>
      <Placemark>
        <name>PEA VOLTA กุยบุรี</name>
        <description><![CDATA[จังหวัด: ประจวบคีรีขันธ์<br>ที่อยู่: ตำบลสามกระทาย อำเภอกุยบุรี ประจวบคีรีขันธ์ 77150<br>เวลาทำการ: 00.00 น. - 24.00 น.<br>Latitude:: 12.11066602<br>Longitude:: 99.85377536<br>Lat,long: 12.11066602,99.85377536<br>ชื่อสถานที่: การไฟฟ้าส่วนภูมิภาค กฟส.อ.กุยบุรี]]></description>
        <styleUrl>#icon-ci-1-labelson</styleUrl>
        <ExtendedData>
          <Data name="จังหวัด">
            <value>ประจวบคีรีขันธ์</value>
          </Data>
          <Data name="ที่อยู่">
            <value>ตำบลสามกระทาย อำเภอกุยบุรี ประจวบคีรีขันธ์ 77150</value>
          </Data>
          <Data name="เวลาทำการ">
            <value>00.00 น. - 24.00 น.</value>
          </Data>
          <Data name="Latitude:">
            <value>12.11066602</value>
          </Data>
          <Data name="Longitude:">
            <value>99.85377536</value>
          </Data>
          <Data name="Lat,long">
            <value>12.11066602,99.85377536</value>
          </Data>
          <Data name="ชื่อสถานที่">
            <value>การไฟฟ้าส่วนภูมิภาค กฟส.อ.กุยบุรี</value>
          </Data>
        </ExtendedData>
        <Point>
          <coordinates>
            99.85377536,12.11066602,0
          </coordinates>
        </Point>
      </Placemark>
      <Placemark>
        <name>PEA VOLTA เมืองสงขลา</name>
        <description><![CDATA[จังหวัด: สงขลา<br>ที่อยู่: ตำบลพะวง อำเภอเมืองสงขลา สงขลา 90100<br>เวลาทำการ: 00.00 น. - 24.00 น.<br>Latitude:: 7.145626496<br>Longitude:: 100.5644948<br>Lat,long: 7.145626496,100.5644948<br>ชื่อสถานที่: การไฟฟ้าส่วนภูมิภาค กฟจ.สงขลา]]></description>
        <styleUrl>#icon-ci-1-labelson</styleUrl>
        <ExtendedData>
          <Data name="จังหวัด">
            <value>สงขลา</value>
          </Data>
          <Data name="ที่อยู่">
            <value>ตำบลพะวง อำเภอเมืองสงขลา สงขลา 90100</value>
          </Data>
          <Data name="เวลาทำการ">
            <value>00.00 น. - 24.00 น.</value>
          </Data>
          <Data name="Latitude:">
            <value>7.145626496</value>
          </Data>
          <Data name="Longitude:">
            <value>100.5644948</value>
          </Data>
          <Data name="Lat,long">
            <value>7.145626496,100.5644948</value>
          </Data>
          <Data name="ชื่อสถานที่">
            <value>การไฟฟ้าส่วนภูมิภาค กฟจ.สงขลา</value>
          </Data>
        </ExtendedData>
        <Point>
          <coordinates>
            100.5644948,7.145626496,0
          </coordinates>
        </Point>
      </Placemark>
      <Placemark>
        <name>PEA VOLTA สะเดา (พังลา)</name>
        <description><![CDATA[จังหวัด: สงขลา<br>ที่อยู่: 300/25 หมู่ที่5 ตำบล พังลา อำเภอสะเดา สงขลา 90170<br>เวลาทำการ: 00.00 น. - 24.00 น.<br>Latitude:: 6.82061911<br>Longitude:: 100.45912933<br>Lat,long: 6.831353763,100.4909<br>ชื่อสถานที่: การไฟฟ้าส่วนภูมิภาค กฟฟ.พังลา]]></description>
        <styleUrl>#icon-ci-1-labelson</styleUrl>
        <ExtendedData>
          <Data name="จังหวัด">
            <value>สงขลา</value>
          </Data>
          <Data name="ที่อยู่">
            <value>300/25 หมู่ที่5 ตำบล พังลา อำเภอสะเดา สงขลา 90170</value>
          </Data>
          <Data name="เวลาทำการ">
            <value>00.00 น. - 24.00 น.</value>
          </Data>
          <Data name="Latitude:">
            <value>6.82061911</value>
          </Data>
          <Data name="Longitude:">
            <value>100.45912933</value>
          </Data>
          <Data name="Lat,long">
            <value>6.831353763,100.4909</value>
          </Data>
          <Data name="ชื่อสถานที่">
            <value>การไฟฟ้าส่วนภูมิภาค กฟฟ.พังลา</value>
          </Data>
        </ExtendedData>
        <Point>
          <coordinates>
            100.45912933,6.82061911,0
          </coordinates>
        </Point>
      </Placemark>
      <Placemark>
        <name>PEA VOLTA ป่าบอน</name>
        <description><![CDATA[จังหวัด: พัทลุง<br>ที่อยู่: 205 ตำบล ป่าบอน อำเภอ ป่าบอน พัทลุง 93170<br>เวลาทำการ: 00.00 น. - 24.00 น.<br>Latitude:: 7.26661015<br>Longitude:: 100.17305756<br>Lat,long: 7.291111411,100.1608145<br>ชื่อสถานที่: การไฟฟ้าส่วนภูมิภาค กฟอ.ป่าบอน]]></description>
        <styleUrl>#icon-ci-1-labelson</styleUrl>
        <ExtendedData>
          <Data name="จังหวัด">
            <value>พัทลุง</value>
          </Data>
          <Data name="ที่อยู่">
            <value>205 ตำบล ป่าบอน อำเภอ ป่าบอน พัทลุง 93170</value>
          </Data>
          <Data name="เวลาทำการ">
            <value>00.00 น. - 24.00 น.</value>
          </Data>
          <Data name="Latitude:">
            <value>7.26661015</value>
          </Data>
          <Data name="Longitude:">
            <value>100.17305756</value>
          </Data>
          <Data name="Lat,long">
            <value>7.291111411,100.1608145</value>
          </Data>
          <Data name="ชื่อสถานที่">
            <value>การไฟฟ้าส่วนภูมิภาค กฟอ.ป่าบอน</value>
          </Data>
        </ExtendedData>
        <Point>
          <coordinates>
            100.17305756,7.26661015,0
          </coordinates>
        </Point>
      </Placemark>
      <Placemark>
        <name>PEA VOLTA เมืองปัตตานี</name>
        <description><![CDATA[จังหวัด: ปัตตานี<br>ที่อยู่: ตำบล รูสะมิแล อำเภอเมืองปัตตานี ปัตตานี 94000<br>เวลาทำการ: 00.00 น. - 24.00 น.<br>Latitude:: 6.886783812<br>Longitude:: 101.2459335<br>Lat,long: 6.886783812,101.2459335<br>ชื่อสถานที่: การไฟฟ้าส่วนภูมิภาค กฟจ.ปัตตานี]]></description>
        <styleUrl>#icon-ci-1-labelson</styleUrl>
        <ExtendedData>
          <Data name="จังหวัด">
            <value>ปัตตานี</value>
          </Data>
          <Data name="ที่อยู่">
            <value>ตำบล รูสะมิแล อำเภอเมืองปัตตานี ปัตตานี 94000</value>
          </Data>
          <Data name="เวลาทำการ">
            <value>00.00 น. - 24.00 น.</value>
          </Data>
          <Data name="Latitude:">
            <value>6.886783812</value>
          </Data>
          <Data name="Longitude:">
            <value>101.2459335</value>
          </Data>
          <Data name="Lat,long">
            <value>6.886783812,101.2459335</value>
          </Data>
          <Data name="ชื่อสถานที่">
            <value>การไฟฟ้าส่วนภูมิภาค กฟจ.ปัตตานี</value>
          </Data>
        </ExtendedData>
        <Point>
          <coordinates>
            101.2459335,6.886783812,0
          </coordinates>
        </Point>
      </Placemark>
      <Placemark>
        <name>PEA VOLTA เมืองยะลา</name>
        <description><![CDATA[จังหวัด: ยะลา<br>ที่อยู่: ตำบล สะเตงนอก อำเภอเมืองยะลา ยะลา 95000<br>เวลาทำการ: 00.00 น. - 24.00 น.<br>Latitude:: 6.522706018<br>Longitude:: 101.2712907<br>Lat,long: 6.522706018,101.2712907<br>ชื่อสถานที่: การไฟฟ้าส่วนภูมิภาค กฟจ.ยะลา]]></description>
        <styleUrl>#icon-ci-1-labelson</styleUrl>
        <ExtendedData>
          <Data name="จังหวัด">
            <value>ยะลา</value>
          </Data>
          <Data name="ที่อยู่">
            <value>ตำบล สะเตงนอก อำเภอเมืองยะลา ยะลา 95000</value>
          </Data>
          <Data name="เวลาทำการ">
            <value>00.00 น. - 24.00 น.</value>
          </Data>
          <Data name="Latitude:">
            <value>6.522706018</value>
          </Data>
          <Data name="Longitude:">
            <value>101.2712907</value>
          </Data>
          <Data name="Lat,long">
            <value>6.522706018,101.2712907</value>
          </Data>
          <Data name="ชื่อสถานที่">
            <value>การไฟฟ้าส่วนภูมิภาค กฟจ.ยะลา</value>
          </Data>
        </ExtendedData>
        <Point>
          <coordinates>
            101.2712907,6.522706018,0
          </coordinates>
        </Point>
      </Placemark>
      <Placemark>
        <name>PEA VOLTA บางจาก บางละมุง กม.149</name>
        <description><![CDATA[จังหวัด: ชลบุรี<br>ที่อยู่: ชลบุรี-พัทยา ตำบล โป่ง อำเภอบางละมุง ชลบุรี 20150<br>เวลาทำการ: 00.00 น. - 24.00 น.<br>Latitude:: 12.899274<br>Longitude:: 100.897219<br>Lat,long: 12.899274,100.897219<br>ชื่อสถานที่: สถานีบริการน้ำมันบางจาก - ปั๊มใหม่- ถ.สุขุมวิท กม.149 บางละมุง]]></description>
        <styleUrl>#icon-ci-1-labelson</styleUrl>
        <ExtendedData>
          <Data name="จังหวัด">
            <value>ชลบุรี</value>
          </Data>
          <Data name="ที่อยู่">
            <value>ชลบุรี-พัทยา ตำบล โป่ง อำเภอบางละมุง ชลบุรี 20150</value>
          </Data>
          <Data name="เวลาทำการ">
            <value>00.00 น. - 24.00 น.</value>
          </Data>
          <Data name="Latitude:">
            <value>12.899274</value>
          </Data>
          <Data name="Longitude:">
            <value>100.897219</value>
          </Data>
          <Data name="Lat,long">
            <value>12.899274,100.897219</value>
          </Data>
          <Data name="ชื่อสถานที่">
            <value>สถานีบริการน้ำมันบางจาก - ปั๊มใหม่- ถ.สุขุมวิท กม.149 บางละมุง</value>
          </Data>
        </ExtendedData>
        <Point>
          <coordinates>
            100.897219,12.899274,0
          </coordinates>
        </Point>
      </Placemark>
      <Placemark>
        <name>PEA VOLTA บางจาก พานทอง</name>
        <description><![CDATA[จังหวัด: ชลบุรี<br>ที่อยู่: หมู่ที่ 1 105 ตำบล บ้านเก่า อำเภอพานทอง ชลบุรี 20160<br>เวลาทำการ: 00.00 น. - 24.00 น.<br>Latitude:: 13.454027<br>Longitude:: 101.023663<br>Lat,long: 13.454027,101.023663<br>ชื่อสถานที่: สถานีบริการน้ำมันบางจาก - บริษัท ที เอช แอล ปิโตรเลียม จำกัด]]></description>
        <styleUrl>#icon-ci-1-labelson</styleUrl>
        <ExtendedData>
          <Data name="จังหวัด">
            <value>ชลบุรี</value>
          </Data>
          <Data name="ที่อยู่">
            <value>หมู่ที่ 1 105 ตำบล บ้านเก่า อำเภอพานทอง ชลบุรี 20160</value>
          </Data>
          <Data name="เวลาทำการ">
            <value>00.00 น. - 24.00 น.</value>
          </Data>
          <Data name="Latitude:">
            <value>13.454027</value>
          </Data>
          <Data name="Longitude:">
            <value>101.023663</value>
          </Data>
          <Data name="Lat,long">
            <value>13.454027,101.023663</value>
          </Data>
          <Data name="ชื่อสถานที่">
            <value>สถานีบริการน้ำมันบางจาก - บริษัท ที เอช แอล ปิโตรเลียม จำกัด</value>
          </Data>
        </ExtendedData>
        <Point>
          <coordinates>
            101.023663,13.454027,0
          </coordinates>
        </Point>
      </Placemark>
      <Placemark>
        <name>PEA VOLTA บางจาก ท่าใหม่ ขาเข้า กม.307</name>
        <description><![CDATA[จังหวัด: จันทบุรี<br>ที่อยู่: 61/4 หมู่ 3 ถนนสุขุมวิท ตำบลทุ่งเบญจา อำเภอท่าใหม่ จันทบุรี 22170<br>เวลาทำการ: 00.00 น. - 24.00 น.<br>Latitude:: 12.7168<br>Longitude:: 101.97715<br>Lat,long: 12.7168,101.97715<br>ชื่อสถานที่: สถานีบริการน้ำมันบางจาก - BCP-ท่าใหม่ 2]]></description>
        <styleUrl>#icon-ci-1-labelson</styleUrl>
        <ExtendedData>
          <Data name="จังหวัด">
            <value>จันทบุรี</value>
          </Data>
          <Data name="ที่อยู่">
            <value>61/4 หมู่ 3 ถนนสุขุมวิท ตำบลทุ่งเบญจา อำเภอท่าใหม่ จันทบุรี 22170</value>
          </Data>
          <Data name="เวลาทำการ">
            <value>00.00 น. - 24.00 น.</value>
          </Data>
          <Data name="Latitude:">
            <value>12.7168</value>
          </Data>
          <Data name="Longitude:">
            <value>101.97715</value>
          </Data>
          <Data name="Lat,long">
            <value>12.7168,101.97715</value>
          </Data>
          <Data name="ชื่อสถานที่">
            <value>สถานีบริการน้ำมันบางจาก - BCP-ท่าใหม่ 2</value>
          </Data>
        </ExtendedData>
        <Point>
          <coordinates>
            101.97715,12.7168,0
          </coordinates>
        </Point>
      </Placemark>
      <Placemark>
        <name>PEA VOLTA บางจาก กระทุ่มแบน</name>
        <description><![CDATA[จังหวัด: สมุทรสาคร<br>ที่อยู่: 8/11 หมู่ 6 ถ. เพชรเกษม ตำบลอ้อมน้อย อำเภอกระทุ่มแบน สมุทรสาคร 74130<br>เวลาทำการ: 00.00 น. - 24.00 น.<br>Latitude:: 13.705331<br>Longitude:: 100.307371<br>Lat,long: 13.705331,100.307371<br>ชื่อสถานที่: สถานีบริการน้ำมันบางจาก - อ้อมน้อย]]></description>
        <styleUrl>#icon-ci-1-labelson</styleUrl>
        <ExtendedData>
          <Data name="จังหวัด">
            <value>สมุทรสาคร</value>
          </Data>
          <Data name="ที่อยู่">
            <value>8/11 หมู่ 6 ถ. เพชรเกษม ตำบลอ้อมน้อย อำเภอกระทุ่มแบน สมุทรสาคร 74130</value>
          </Data>
          <Data name="เวลาทำการ">
            <value>00.00 น. - 24.00 น.</value>
          </Data>
          <Data name="Latitude:">
            <value>13.705331</value>
          </Data>
          <Data name="Longitude:">
            <value>100.307371</value>
          </Data>
          <Data name="Lat,long">
            <value>13.705331,100.307371</value>
          </Data>
          <Data name="ชื่อสถานที่">
            <value>สถานีบริการน้ำมันบางจาก - อ้อมน้อย</value>
          </Data>
        </ExtendedData>
        <Point>
          <coordinates>
            100.307371,13.705331,0
          </coordinates>
        </Point>
      </Placemark>
      <Placemark>
        <name>PEA VOLTA บางจาก เมืองสมุทรสาคร</name>
        <description><![CDATA[จังหวัด: สมุทรสาคร<br>ที่อยู่: 99/1 ต.นาโคก อ.เมืองสมุทรสาคร สมุทรสาคร 74000<br>เวลาทำการ: 00.00 น. - 24.00 น.<br>Latitude:: 13.466987<br>Longitude:: 100.104638<br>Lat,long: 13.466987,100.104638<br>ชื่อสถานที่: สถานีบริการน้ำมันบางจาก - นาโคก 2]]></description>
        <styleUrl>#icon-ci-1-labelson</styleUrl>
        <ExtendedData>
          <Data name="จังหวัด">
            <value>สมุทรสาคร</value>
          </Data>
          <Data name="ที่อยู่">
            <value>99/1 ต.นาโคก อ.เมืองสมุทรสาคร สมุทรสาคร 74000</value>
          </Data>
          <Data name="เวลาทำการ">
            <value>00.00 น. - 24.00 น.</value>
          </Data>
          <Data name="Latitude:">
            <value>13.466987</value>
          </Data>
          <Data name="Longitude:">
            <value>100.104638</value>
          </Data>
          <Data name="Lat,long">
            <value>13.466987,100.104638</value>
          </Data>
          <Data name="ชื่อสถานที่">
            <value>สถานีบริการน้ำมันบางจาก - นาโคก 2</value>
          </Data>
        </ExtendedData>
        <Point>
          <coordinates>
            100.104638,13.466987,0
          </coordinates>
        </Point>
      </Placemark>
      <Placemark>
        <name>PEA VOLTA บางจาก ชะอำ ขาเข้า (กม.188)</name>
        <description><![CDATA[จังหวัด: เพชรบุรี<br>ที่อยู่: 719, 52 ถ. เพชรเกษม ตำบล เขาใหญ่ อำเภอชะอำ เพชรบุรี 76120<br>เวลาทำการ: 00.00 น. - 24.00 น.<br>Latitude:: 12.812739<br>Longitude:: 99.942516<br>Lat,long: 12.812739,99.942516<br>ชื่อสถานที่: สถานีบริการน้ำมันบางจาก - BCP-ปั๊มยักษ์​ - หุบกะพง]]></description>
        <styleUrl>#icon-ci-1-labelson</styleUrl>
        <ExtendedData>
          <Data name="จังหวัด">
            <value>เพชรบุรี</value>
          </Data>
          <Data name="ที่อยู่">
            <value>719, 52 ถ. เพชรเกษม ตำบล เขาใหญ่ อำเภอชะอำ เพชรบุรี 76120</value>
          </Data>
          <Data name="เวลาทำการ">
            <value>00.00 น. - 24.00 น.</value>
          </Data>
          <Data name="Latitude:">
            <value>12.812739</value>
          </Data>
          <Data name="Longitude:">
            <value>99.942516</value>
          </Data>
          <Data name="Lat,long">
            <value>12.812739,99.942516</value>
          </Data>
          <Data name="ชื่อสถานที่">
            <value>สถานีบริการน้ำมันบางจาก - BCP-ปั๊มยักษ์​ - หุบกะพง</value>
          </Data>
        </ExtendedData>
        <Point>
          <coordinates>
            99.942516,12.812739,0
          </coordinates>
        </Point>
      </Placemark>
      <Placemark>
        <name>PEA VOLTA บางจาก ทุ่งใหญ่</name>
        <description><![CDATA[จังหวัด: นครศรีธรรมราช<br>ที่อยู่: ตำบล ทุ่งใหญ่ อำเภอ ทุ่งใหญ่ นครศรีธรรมราช 80240<br>เวลาทำการ: 00.00 น. - 24.00 น.<br>Latitude:: 8.370616<br>Longitude:: 99.416964<br>Lat,long: 8.370616,99.416964<br>ชื่อสถานที่: สถานีบริการน้ำมันบางจาก - บริษัท เอส.ซี.ออยล์ เซอร์วิส จำกัด]]></description>
        <styleUrl>#icon-ci-1-labelson</styleUrl>
        <ExtendedData>
          <Data name="จังหวัด">
            <value>นครศรีธรรมราช</value>
          </Data>
          <Data name="ที่อยู่">
            <value>ตำบล ทุ่งใหญ่ อำเภอ ทุ่งใหญ่ นครศรีธรรมราช 80240</value>
          </Data>
          <Data name="เวลาทำการ">
            <value>00.00 น. - 24.00 น.</value>
          </Data>
          <Data name="Latitude:">
            <value>8.370616</value>
          </Data>
          <Data name="Longitude:">
            <value>99.416964</value>
          </Data>
          <Data name="Lat,long">
            <value>8.370616,99.416964</value>
          </Data>
          <Data name="ชื่อสถานที่">
            <value>สถานีบริการน้ำมันบางจาก - บริษัท เอส.ซี.ออยล์ เซอร์วิส จำกัด</value>
          </Data>
        </ExtendedData>
        <Point>
          <coordinates>
            99.416964,8.370616,0
          </coordinates>
        </Point>
      </Placemark>
      <Placemark>
        <name>PEA VOLTA บางจาก เขาพนม</name>
        <description><![CDATA[จังหวัด: กระบี่<br>ที่อยู่: ตำบล พรุเตียว อำเภอ เขาพนม กระบี่ 81140<br>เวลาทำการ: 00.00 น. - 24.00 น.<br>Latitude:: 8.265765<br>Longitude:: 99.095019<br>Lat,long: 8.265765,99.095019<br>ชื่อสถานที่: สถานีบริการน้ำมันบางจาก - หจก.หนูแก้วการปิโตรเลียม]]></description>
        <styleUrl>#icon-ci-1-labelson</styleUrl>
        <ExtendedData>
          <Data name="จังหวัด">
            <value>กระบี่</value>
          </Data>
          <Data name="ที่อยู่">
            <value>ตำบล พรุเตียว อำเภอ เขาพนม กระบี่ 81140</value>
          </Data>
          <Data name="เวลาทำการ">
            <value>00.00 น. - 24.00 น.</value>
          </Data>
          <Data name="Latitude:">
            <value>8.265765</value>
          </Data>
          <Data name="Longitude:">
            <value>99.095019</value>
          </Data>
          <Data name="Lat,long">
            <value>8.265765,99.095019</value>
          </Data>
          <Data name="ชื่อสถานที่">
            <value>สถานีบริการน้ำมันบางจาก - หจก.หนูแก้วการปิโตรเลียม</value>
          </Data>
        </ExtendedData>
        <Point>
          <coordinates>
            99.095019,8.265765,0
          </coordinates>
        </Point>
      </Placemark>
      <Placemark>
        <name>PEA VOLTA บางจาก ถลาง</name>
        <description><![CDATA[จังหวัด: ภูเก็ต<br>ที่อยู่: ตำบล ไม้ขาว อำเภอถลาง ภูเก็ต 83110<br>เวลาทำการ: 00.00 น. - 24.00 น.<br>Latitude:: 7.984717<br>Longitude:: 98.359778<br>Lat,long: 7.984717,98.359778<br>ชื่อสถานที่: สถานีบริการน้ำมันบางจาก - บริษัท นาคสมบูรณ์สุข จำกัด]]></description>
        <styleUrl>#icon-ci-1-labelson</styleUrl>
        <ExtendedData>
          <Data name="จังหวัด">
            <value>ภูเก็ต</value>
          </Data>
          <Data name="ที่อยู่">
            <value>ตำบล ไม้ขาว อำเภอถลาง ภูเก็ต 83110</value>
          </Data>
          <Data name="เวลาทำการ">
            <value>00.00 น. - 24.00 น.</value>
          </Data>
          <Data name="Latitude:">
            <value>7.984717</value>
          </Data>
          <Data name="Longitude:">
            <value>98.359778</value>
          </Data>
          <Data name="Lat,long">
            <value>7.984717,98.359778</value>
          </Data>
          <Data name="ชื่อสถานที่">
            <value>สถานีบริการน้ำมันบางจาก - บริษัท นาคสมบูรณ์สุข จำกัด</value>
          </Data>
        </ExtendedData>
        <Point>
          <coordinates>
            98.359778,7.984717,0
          </coordinates>
        </Point>
      </Placemark>
      <Placemark>
        <name>PEA VOLTA บางจาก บางกล่ำ</name>
        <description><![CDATA[จังหวัด: สงขลา<br>ที่อยู่: 250 ตำบล ท่าช้าง อำเภอบางกล่ำ สงขลา 90110<br>เวลาทำการ: 00.00 น. - 24.00 น.<br>Latitude:: 7.023408<br>Longitude:: 100.404631<br>Lat,long: 7.023408,100.404631<br>ชื่อสถานที่: สถานีบริการน้ำมันบางจาก - บริษัท ธนาภิวัฒน์ซัพพลายส์ จำกัด]]></description>
        <styleUrl>#icon-ci-1-labelson</styleUrl>
        <ExtendedData>
          <Data name="จังหวัด">
            <value>สงขลา</value>
          </Data>
          <Data name="ที่อยู่">
            <value>250 ตำบล ท่าช้าง อำเภอบางกล่ำ สงขลา 90110</value>
          </Data>
          <Data name="เวลาทำการ">
            <value>00.00 น. - 24.00 น.</value>
          </Data>
          <Data name="Latitude:">
            <value>7.023408</value>
          </Data>
          <Data name="Longitude:">
            <value>100.404631</value>
          </Data>
          <Data name="Lat,long">
            <value>7.023408,100.404631</value>
          </Data>
          <Data name="ชื่อสถานที่">
            <value>สถานีบริการน้ำมันบางจาก - บริษัท ธนาภิวัฒน์ซัพพลายส์ จำกัด</value>
          </Data>
        </ExtendedData>
        <Point>
          <coordinates>
            100.404631,7.023408,0
          </coordinates>
        </Point>
      </Placemark>
      <Placemark>
        <name>PEA VOLTA บางจาก เมืองสตูล</name>
        <description><![CDATA[จังหวัด: สตูล<br>ที่อยู่: ตำบล ควนโพธิ์ อำเภอเมืองสตูล สตูล 91140<br>เวลาทำการ: 00.00 น. - 24.00 น.<br>Latitude:: 6.7459066<br>Longitude:: 100.0344785<br>Lat,long: 6.7459066,100.0344785<br>ชื่อสถานที่: สถานีบริการน้ำมันบางจาก - บริษัท ทวีวัฒน์ทัศนีย์ จำกัด]]></description>
        <styleUrl>#icon-ci-1-labelson</styleUrl>
        <ExtendedData>
          <Data name="จังหวัด">
            <value>สตูล</value>
          </Data>
          <Data name="ที่อยู่">
            <value>ตำบล ควนโพธิ์ อำเภอเมืองสตูล สตูล 91140</value>
          </Data>
          <Data name="เวลาทำการ">
            <value>00.00 น. - 24.00 น.</value>
          </Data>
          <Data name="Latitude:">
            <value>6.7459066</value>
          </Data>
          <Data name="Longitude:">
            <value>100.0344785</value>
          </Data>
          <Data name="Lat,long">
            <value>6.7459066,100.0344785</value>
          </Data>
          <Data name="ชื่อสถานที่">
            <value>สถานีบริการน้ำมันบางจาก - บริษัท ทวีวัฒน์ทัศนีย์ จำกัด</value>
          </Data>
        </ExtendedData>
        <Point>
          <coordinates>
            100.0344785,6.7459066,0
          </coordinates>
        </Point>
      </Placemark>
      <Placemark>
        <name>PEA VOLTA บางจาก เมืองนราธิวาส</name>
        <description><![CDATA[จังหวัด: นราธิวาส<br>ที่อยู่: ตำบล ลำภู อำเภอเมืองนราธิวาส นราธิวาส 96000<br>เวลาทำการ: 00.00 น. - 24.00 น.<br>Latitude:: 6.409367<br>Longitude:: 101.796096<br>Lat,long: 6.409367,101.796096<br>ชื่อสถานที่: สถานีบริการน้ำมันบางจาก - บริษัท ทริปเปิล เค กรุ๊ป จำกัด]]></description>
        <styleUrl>#icon-ci-1-labelson</styleUrl>
        <ExtendedData>
          <Data name="จังหวัด">
            <value>นราธิวาส</value>
          </Data>
          <Data name="ที่อยู่">
            <value>ตำบล ลำภู อำเภอเมืองนราธิวาส นราธิวาส 96000</value>
          </Data>
          <Data name="เวลาทำการ">
            <value>00.00 น. - 24.00 น.</value>
          </Data>
          <Data name="Latitude:">
            <value>6.409367</value>
          </Data>
          <Data name="Longitude:">
            <value>101.796096</value>
          </Data>
          <Data name="Lat,long">
            <value>6.409367,101.796096</value>
          </Data>
          <Data name="ชื่อสถานที่">
            <value>สถานีบริการน้ำมันบางจาก - บริษัท ทริปเปิล เค กรุ๊ป จำกัด</value>
          </Data>
        </ExtendedData>
        <Point>
          <coordinates>
            101.796096,6.409367,0
          </coordinates>
        </Point>
      </Placemark>
      <Placemark>
        <name>PEA VOLTA บางจาก เมืองพัทลุง</name>
        <description><![CDATA[จังหวัด: พัทลุง<br>ที่อยู่: 4 หมู่ 1 เขาเจียก เมือง พัทลุง 93000<br>เวลาทำการ: 00.00 น. - 24.00 น.<br>Latitude:: 7.614265<br>Longitude:: 100.051131<br>Lat,long: 7.614265,100.051131<br>ชื่อสถานที่: สถานีบริการน้ำมันบางจาก - ปั๊มใหม่-บจก.พรรณพลัง6395]]></description>
        <styleUrl>#icon-ci-1-labelson</styleUrl>
        <ExtendedData>
          <Data name="จังหวัด">
            <value>พัทลุง</value>
          </Data>
          <Data name="ที่อยู่">
            <value>4 หมู่ 1 เขาเจียก เมือง พัทลุง 93000</value>
          </Data>
          <Data name="เวลาทำการ">
            <value>00.00 น. - 24.00 น.</value>
          </Data>
          <Data name="Latitude:">
            <value>7.614265</value>
          </Data>
          <Data name="Longitude:">
            <value>100.051131</value>
          </Data>
          <Data name="Lat,long">
            <value>7.614265,100.051131</value>
          </Data>
          <Data name="ชื่อสถานที่">
            <value>สถานีบริการน้ำมันบางจาก - ปั๊มใหม่-บจก.พรรณพลัง6395</value>
          </Data>
        </ExtendedData>
        <Point>
          <coordinates>
            100.051131,7.614265,0
          </coordinates>
        </Point>
      </Placemark>
      <Placemark>
        <name>PEA VOLTA เชียงดาว</name>
        <description><![CDATA[จังหวัด: เชียงใหม่<br>ที่อยู่: 429 หมู่ 1 ตำบล แม่นะ อำเภอเชียงดาว เชียงใหม่ 50170<br>เวลาทำการ: 00.00 น. - 24.00 น.<br>Latitude:: 19.345185<br>Longitude:: 98.961195<br>Lat,long: 19.345185,98.961195<br>ชื่อสถานที่: การไฟฟ้าส่วนภูมิภาค กฟส.อ.เชียงดาว]]></description>
        <styleUrl>#icon-ci-1-labelson</styleUrl>
        <ExtendedData>
          <Data name="จังหวัด">
            <value>เชียงใหม่</value>
          </Data>
          <Data name="ที่อยู่">
            <value>429 หมู่ 1 ตำบล แม่นะ อำเภอเชียงดาว เชียงใหม่ 50170</value>
          </Data>
          <Data name="เวลาทำการ">
            <value>00.00 น. - 24.00 น.</value>
          </Data>
          <Data name="Latitude:">
            <value>19.345185</value>
          </Data>
          <Data name="Longitude:">
            <value>98.961195</value>
          </Data>
          <Data name="Lat,long">
            <value>19.345185,98.961195</value>
          </Data>
          <Data name="ชื่อสถานที่">
            <value>การไฟฟ้าส่วนภูมิภาค กฟส.อ.เชียงดาว</value>
          </Data>
        </ExtendedData>
        <Point>
          <coordinates>
            98.961195,19.345185,0
          </coordinates>
        </Point>
      </Placemark>
      <Placemark>
        <name>PEA VOLTA บางจาก เมืองเชียงราย</name>
        <description><![CDATA[จังหวัด: เชียงราย<br>ที่อยู่: ตำบลสันทราย อำเภอเมืองเชียงราย เชียงราย 57000<br>เวลาทำการ: 00.00 น. - 24.00 น.<br>Latitude:: 19.8401796<br>Longitude:: 99.7947652<br>Lat,long: 19.8401796,99.7947652<br>ชื่อสถานที่: สถานีบริการน้ำมันบางจาก - หจก.ที.พี.เอ็นเตอร์ไพรส์ เชียงราย]]></description>
        <styleUrl>#icon-ci-1-labelson</styleUrl>
        <ExtendedData>
          <Data name="จังหวัด">
            <value>เชียงราย</value>
          </Data>
          <Data name="ที่อยู่">
            <value>ตำบลสันทราย อำเภอเมืองเชียงราย เชียงราย 57000</value>
          </Data>
          <Data name="เวลาทำการ">
            <value>00.00 น. - 24.00 น.</value>
          </Data>
          <Data name="Latitude:">
            <value>19.8401796</value>
          </Data>
          <Data name="Longitude:">
            <value>99.7947652</value>
          </Data>
          <Data name="Lat,long">
            <value>19.8401796,99.7947652</value>
          </Data>
          <Data name="ชื่อสถานที่">
            <value>สถานีบริการน้ำมันบางจาก - หจก.ที.พี.เอ็นเตอร์ไพรส์ เชียงราย</value>
          </Data>
        </ExtendedData>
        <Point>
          <coordinates>
            99.7947652,19.8401796,0
          </coordinates>
        </Point>
      </Placemark>
      <Placemark>
        <name>PEA VOLTA บางจาก สบปราบ</name>
        <description><![CDATA[จังหวัด: ลำปาง<br>ที่อยู่: เลขที่ 149 หมู่ 15 149 ตำบล สบปราบ อำเภอสบปราบ ลำปาง 52170<br>เวลาทำการ: 00.00 น. - 24.00 น.<br>Latitude:: 17.902692<br>Longitude:: 99.341764<br>Lat,long: 17.902692,99.341764<br>ชื่อสถานที่: สถานีบริการน้ำมันบางจาก - บริษัท เจ.เค.อาร์.สตาร์ออยล์ จำกัด]]></description>
        <styleUrl>#icon-ci-1-labelson</styleUrl>
        <ExtendedData>
          <Data name="จังหวัด">
            <value>ลำปาง</value>
          </Data>
          <Data name="ที่อยู่">
            <value>เลขที่ 149 หมู่ 15 149 ตำบล สบปราบ อำเภอสบปราบ ลำปาง 52170</value>
          </Data>
          <Data name="เวลาทำการ">
            <value>00.00 น. - 24.00 น.</value>
          </Data>
          <Data name="Latitude:">
            <value>17.902692</value>
          </Data>
          <Data name="Longitude:">
            <value>99.341764</value>
          </Data>
          <Data name="Lat,long">
            <value>17.902692,99.341764</value>
          </Data>
          <Data name="ชื่อสถานที่">
            <value>สถานีบริการน้ำมันบางจาก - บริษัท เจ.เค.อาร์.สตาร์ออยล์ จำกัด</value>
          </Data>
        </ExtendedData>
        <Point>
          <coordinates>
            99.341764,17.902692,0
          </coordinates>
        </Point>
      </Placemark>
      <Placemark>
        <name>PEA VOLTA บางจาก เมืองขอนแก่น (ถ.มะลิวัลย์)</name>
        <description><![CDATA[จังหวัด: ขอนแก่น<br>ที่อยู่: 298 ถนนมลิวรรณ ตำบลบ้านเป็ด อำเภอเมืองขอนแก่น ขอนแก่น 40000<br>เวลาทำการ: 00.00 น. - 24.00 น.<br>Latitude:: 16.449754<br>Longitude:: 102.757086<br>Lat,long: 16.449754,102.757086<br>ชื่อสถานที่: สถานีบริการน้ำมันบางจาก - บริษัท เอเอสพีเอส รีเทลแอนด์เอเนอร์จี จำกัด]]></description>
        <styleUrl>#icon-ci-1-labelson</styleUrl>
        <ExtendedData>
          <Data name="จังหวัด">
            <value>ขอนแก่น</value>
          </Data>
          <Data name="ที่อยู่">
            <value>298 ถนนมลิวรรณ ตำบลบ้านเป็ด อำเภอเมืองขอนแก่น ขอนแก่น 40000</value>
          </Data>
          <Data name="เวลาทำการ">
            <value>00.00 น. - 24.00 น.</value>
          </Data>
          <Data name="Latitude:">
            <value>16.449754</value>
          </Data>
          <Data name="Longitude:">
            <value>102.757086</value>
          </Data>
          <Data name="Lat,long">
            <value>16.449754,102.757086</value>
          </Data>
          <Data name="ชื่อสถานที่">
            <value>สถานีบริการน้ำมันบางจาก - บริษัท เอเอสพีเอส รีเทลแอนด์เอเนอร์จี จำกัด</value>
          </Data>
        </ExtendedData>
        <Point>
          <coordinates>
            102.757086,16.449754,0
          </coordinates>
        </Point>
      </Placemark>
      <Placemark>
        <name>PEA VOLTA บางจาก นาวัง</name>
        <description><![CDATA[จังหวัด: หนองบัวลำภู<br>ที่อยู่: 99 หมู่ 6 ตำบลเทพคีรี อำเภอ นาวัง หนองบัวลำภู 39170<br>เวลาทำการ: 00.00 น. - 24.00 น.<br>Latitude:: 17.321366<br>Longitude:: 102.109066<br>Lat,long: 17.321366,102.109066<br>ชื่อสถานที่: สถานีบริการน้ำมันบางจาก - หจก.เทพเจริญผลเซอร์วิส]]></description>
        <styleUrl>#icon-ci-1-labelson</styleUrl>
        <ExtendedData>
          <Data name="จังหวัด">
            <value>หนองบัวลำภู</value>
          </Data>
          <Data name="ที่อยู่">
            <value>99 หมู่ 6 ตำบลเทพคีรี อำเภอ นาวัง หนองบัวลำภู 39170</value>
          </Data>
          <Data name="เวลาทำการ">
            <value>00.00 น. - 24.00 น.</value>
          </Data>
          <Data name="Latitude:">
            <value>17.321366</value>
          </Data>
          <Data name="Longitude:">
            <value>102.109066</value>
          </Data>
          <Data name="Lat,long">
            <value>17.321366,102.109066</value>
          </Data>
          <Data name="ชื่อสถานที่">
            <value>สถานีบริการน้ำมันบางจาก - หจก.เทพเจริญผลเซอร์วิส</value>
          </Data>
        </ExtendedData>
        <Point>
          <coordinates>
            102.109066,17.321366,0
          </coordinates>
        </Point>
      </Placemark>
      <Placemark>
        <name>PEA VOLTA บางจาก บางปะหัน</name>
        <description><![CDATA[จังหวัด: พระนครศรีอยุธยา<br>ที่อยู่: 46 หมู่ 4 สายเอเซีย กม.39, อำเภอบางปะหัน<br>เวลาทำการ: 00.00 น. - 24.00 น.<br>Latitude:: 14.49134<br>Longitude:: 100.524904<br>Lat,long: 14.49134,100.524904<br>ชื่อสถานที่: สถานีบริการน้ำมันบางจาก - บริษัท ไนน์ เอ็นเนอร์ยี จำกัด]]></description>
        <styleUrl>#icon-ci-1-labelson</styleUrl>
        <ExtendedData>
          <Data name="จังหวัด">
            <value>พระนครศรีอยุธยา</value>
          </Data>
          <Data name="ที่อยู่">
            <value>46 หมู่ 4 สายเอเซีย กม.39, อำเภอบางปะหัน</value>
          </Data>
          <Data name="เวลาทำการ">
            <value>00.00 น. - 24.00 น.</value>
          </Data>
          <Data name="Latitude:">
            <value>14.49134</value>
          </Data>
          <Data name="Longitude:">
            <value>100.524904</value>
          </Data>
          <Data name="Lat,long">
            <value>14.49134,100.524904</value>
          </Data>
          <Data name="ชื่อสถานที่">
            <value>สถานีบริการน้ำมันบางจาก - บริษัท ไนน์ เอ็นเนอร์ยี จำกัด</value>
          </Data>
        </ExtendedData>
        <Point>
          <coordinates>
            100.524904,14.49134,0
          </coordinates>
        </Point>
      </Placemark>
      <Placemark>
        <name>PEA VOLTA บางจาก ลำลูกกา</name>
        <description><![CDATA[จังหวัด: ปทุมธานี<br>ที่อยู่: ทางหลวง3004 ลำลูกกาคลอง7-ธัญบุรี ตำบล บึงคำพร้อย อำเภอลำลูกกา ปทุมธานี<br>เวลาทำการ: 00.00 น. - 24.00 น.<br>Latitude:: 13.934561<br>Longitude:: 100.74495<br>Lat,long: 13.934561,100.74495<br>ชื่อสถานที่: สถานีบริการน้ำมันบางจาก - BCP - ลำลูกกา คลอง 7]]></description>
        <styleUrl>#icon-ci-1-labelson</styleUrl>
        <ExtendedData>
          <Data name="จังหวัด">
            <value>ปทุมธานี</value>
          </Data>
          <Data name="ที่อยู่">
            <value>ทางหลวง3004 ลำลูกกาคลอง7-ธัญบุรี ตำบล บึงคำพร้อย อำเภอลำลูกกา ปทุมธานี</value>
          </Data>
          <Data name="เวลาทำการ">
            <value>00.00 น. - 24.00 น.</value>
          </Data>
          <Data name="Latitude:">
            <value>13.934561</value>
          </Data>
          <Data name="Longitude:">
            <value>100.74495</value>
          </Data>
          <Data name="Lat,long">
            <value>13.934561,100.74495</value>
          </Data>
          <Data name="ชื่อสถานที่">
            <value>สถานีบริการน้ำมันบางจาก - BCP - ลำลูกกา คลอง 7</value>
          </Data>
        </ExtendedData>
        <Point>
          <coordinates>
            100.74495,13.934561,0
          </coordinates>
        </Point>
      </Placemark>
      <Placemark>
        <name>PEA VOLTA บางจาก เมืองสระบุรี (บี5 อเวนิว)</name>
        <description><![CDATA[จังหวัด: สระบุรี<br>ที่อยู่: 510 43 ถ. พหลโยธิน ตำบล ปากเพรียว อำเภอเมือง สระบุรี 18000<br>เวลาทำการ: 00.00 น. - 24.00 น.<br>Latitude:: 14.53997<br>Longitude:: 100.91045<br>Lat,long: 14.53997,100.91045<br>ชื่อสถานที่: สถานีบริการน้ำมันบางจาก - B5 ปิโตรเลียม]]></description>
        <styleUrl>#icon-ci-1-labelson</styleUrl>
        <ExtendedData>
          <Data name="จังหวัด">
            <value>สระบุรี</value>
          </Data>
          <Data name="ที่อยู่">
            <value>510 43 ถ. พหลโยธิน ตำบล ปากเพรียว อำเภอเมือง สระบุรี 18000</value>
          </Data>
          <Data name="เวลาทำการ">
            <value>00.00 น. - 24.00 น.</value>
          </Data>
          <Data name="Latitude:">
            <value>14.53997</value>
          </Data>
          <Data name="Longitude:">
            <value>100.91045</value>
          </Data>
          <Data name="Lat,long">
            <value>14.53997,100.91045</value>
          </Data>
          <Data name="ชื่อสถานที่">
            <value>สถานีบริการน้ำมันบางจาก - B5 ปิโตรเลียม</value>
          </Data>
        </ExtendedData>
        <Point>
          <coordinates>
            100.91045,14.53997,0
          </coordinates>
        </Point>
      </Placemark>
      <Placemark>
        <name>PEA VOLTA บางจาก ศรีราชา กม.4</name>
        <description><![CDATA[จังหวัด: ชลบุรี<br>ที่อยู่: เทศบาลนครแหลมฉบัง อำเภอบางละมุง ชลบุรี<br>เวลาทำการ: 00.00 น. - 24.00 น.<br>Latitude:: 13.120453<br>Longitude:: 101.025905<br>Lat,long: 13.120453,101.025905<br>ชื่อสถานที่: สถานีบริการน้ำมันบางจาก - BCP - มาบเอียง กม.4]]></description>
        <styleUrl>#icon-ci-1-labelson</styleUrl>
        <ExtendedData>
          <Data name="จังหวัด">
            <value>ชลบุรี</value>
          </Data>
          <Data name="ที่อยู่">
            <value>เทศบาลนครแหลมฉบัง อำเภอบางละมุง ชลบุรี</value>
          </Data>
          <Data name="เวลาทำการ">
            <value>00.00 น. - 24.00 น.</value>
          </Data>
          <Data name="Latitude:">
            <value>13.120453</value>
          </Data>
          <Data name="Longitude:">
            <value>101.025905</value>
          </Data>
          <Data name="Lat,long">
            <value>13.120453,101.025905</value>
          </Data>
          <Data name="ชื่อสถานที่">
            <value>สถานีบริการน้ำมันบางจาก - BCP - มาบเอียง กม.4</value>
          </Data>
        </ExtendedData>
        <Point>
          <coordinates>
            101.025905,13.120453,0
          </coordinates>
        </Point>
      </Placemark>
      <Placemark>
        <name>PEA VOLTA บางจาก บางน้ำเปรี้ยว</name>
        <description><![CDATA[จังหวัด: ฉะเชิงเทรา<br>ที่อยู่: 5/5 หมู่ 2 ตำบลหมอนทอง อำเภอบางน้ำเปรี้ยว ฉะเชิงเทรา 24150<br>เวลาทำการ: 00.00 น. - 24.00 น.<br>Latitude:: 13.87196<br>Longitude:: 101.0443<br>Lat,long: 13.87196,101.0443<br>ชื่อสถานที่: สถานีบริการน้ำมันบางจาก - หจก.อนันตกิจบริการ]]></description>
        <styleUrl>#icon-ci-1-labelson</styleUrl>
        <ExtendedData>
          <Data name="จังหวัด">
            <value>ฉะเชิงเทรา</value>
          </Data>
          <Data name="ที่อยู่">
            <value>5/5 หมู่ 2 ตำบลหมอนทอง อำเภอบางน้ำเปรี้ยว ฉะเชิงเทรา 24150</value>
          </Data>
          <Data name="เวลาทำการ">
            <value>00.00 น. - 24.00 น.</value>
          </Data>
          <Data name="Latitude:">
            <value>13.87196</value>
          </Data>
          <Data name="Longitude:">
            <value>101.0443</value>
          </Data>
          <Data name="Lat,long">
            <value>13.87196,101.0443</value>
          </Data>
          <Data name="ชื่อสถานที่">
            <value>สถานีบริการน้ำมันบางจาก - หจก.อนันตกิจบริการ</value>
          </Data>
        </ExtendedData>
        <Point>
          <coordinates>
            101.0443,13.87196,0
          </coordinates>
        </Point>
      </Placemark>
      <Placemark>
        <name>PEA VOLTA บางจาก เมืองกระบี่ กม.949</name>
        <description><![CDATA[จังหวัด: กระบี่<br>ที่อยู่: 169/1 หมู่ 4 ตำบลเขาคราม อำเภอเมืองกระบี่ กระบี่ 81000<br>เวลาทำการ: 00.00 น. - 24.00 น.<br>Latitude:: 8.262746<br>Longitude:: 98.806775<br>Lat,long: 8.262746,98.806775<br>ชื่อสถานที่: สถานีบริการน้ำมันบางจาก - ห้างหุ้นส่วนจำกัด เอส ยู ออยล์]]></description>
        <styleUrl>#icon-ci-1-labelson</styleUrl>
        <ExtendedData>
          <Data name="จังหวัด">
            <value>กระบี่</value>
          </Data>
          <Data name="ที่อยู่">
            <value>169/1 หมู่ 4 ตำบลเขาคราม อำเภอเมืองกระบี่ กระบี่ 81000</value>
          </Data>
          <Data name="เวลาทำการ">
            <value>00.00 น. - 24.00 น.</value>
          </Data>
          <Data name="Latitude:">
            <value>8.262746</value>
          </Data>
          <Data name="Longitude:">
            <value>98.806775</value>
          </Data>
          <Data name="Lat,long">
            <value>8.262746,98.806775</value>
          </Data>
          <Data name="ชื่อสถานที่">
            <value>สถานีบริการน้ำมันบางจาก - ห้างหุ้นส่วนจำกัด เอส ยู ออยล์</value>
          </Data>
        </ExtendedData>
        <Point>
          <coordinates>
            98.806775,8.262746,0
          </coordinates>
        </Point>
      </Placemark>
      <Placemark>
        <name>PEA VOLTA บางจาก เมืองนครศรีธรรมราช (อ้อมค่าย)</name>
        <description><![CDATA[จังหวัด: นครศรีธรรมราช<br>ที่อยู่: 30 25, ตำบล ปากพูน เมือง, นครศรีธรรมราช 80000<br>เวลาทำการ: 00.00 น. - 24.00 น.<br>Latitude:: 8.459953<br>Longitude:: 99.964438<br>Lat,long: 8.459953,99.964438<br>ชื่อสถานที่: สถานีบริการน้ำมันบางจาก - บจก.เทียนทวีสุข]]></description>
        <styleUrl>#icon-ci-1-labelson</styleUrl>
        <ExtendedData>
          <Data name="จังหวัด">
            <value>นครศรีธรรมราช</value>
          </Data>
          <Data name="ที่อยู่">
            <value>30 25, ตำบล ปากพูน เมือง, นครศรีธรรมราช 80000</value>
          </Data>
          <Data name="เวลาทำการ">
            <value>00.00 น. - 24.00 น.</value>
          </Data>
          <Data name="Latitude:">
            <value>8.459953</value>
          </Data>
          <Data name="Longitude:">
            <value>99.964438</value>
          </Data>
          <Data name="Lat,long">
            <value>8.459953,99.964438</value>
          </Data>
          <Data name="ชื่อสถานที่">
            <value>สถานีบริการน้ำมันบางจาก - บจก.เทียนทวีสุข</value>
          </Data>
        </ExtendedData>
        <Point>
          <coordinates>
            99.964438,8.459953,0
          </coordinates>
        </Point>
      </Placemark>
      <Placemark>
        <name>PEA VOLTA 7-Eleven บาลีฮาย</name>
        <description><![CDATA[จังหวัด: ชลบุรี<br>ที่อยู่: 7-11 แหลมบาลีฮาย เมืองพัทยา อำเภอบางละมุง ชลบุรี 20150<br>เวลาทำการ: 00.00 น. - 24.00 น.<br>Latitude:: 12.92479679<br>Longitude:: 100.8670617<br>Lat,long: 12.92479679,100.8670617<br>ชื่อสถานที่: 7-11 แหลมบาลีฮาย]]></description>
        <styleUrl>#icon-ci-1-labelson</styleUrl>
        <ExtendedData>
          <Data name="จังหวัด">
            <value>ชลบุรี</value>
          </Data>
          <Data name="ที่อยู่">
            <value>7-11 แหลมบาลีฮาย เมืองพัทยา อำเภอบางละมุง ชลบุรี 20150</value>
          </Data>
          <Data name="เวลาทำการ">
            <value>00.00 น. - 24.00 น.</value>
          </Data>
          <Data name="Latitude:">
            <value>12.92479679</value>
          </Data>
          <Data name="Longitude:">
            <value>100.8670617</value>
          </Data>
          <Data name="Lat,long">
            <value>12.92479679,100.8670617</value>
          </Data>
          <Data name="ชื่อสถานที่">
            <value>7-11 แหลมบาลีฮาย</value>
          </Data>
        </ExtendedData>
        <Point>
          <coordinates>
            100.8670617,12.92479679,0
          </coordinates>
        </Point>
      </Placemark>
    </Folder>
    <Folder>
      <name>DC VOLTA 25 KW</name>
      <Placemark>
        <name>PEA VOLTA พระนครศรีอยุธยา #2</name>
        <description><![CDATA[จังหวัด: พระนครศรีอยุธยา<br>ที่อยู่: 60 หมู่ 5 ตำบล ไผ่ลิง อำเภอ พระนครศรีอยุธยา จังหวัด พระนครศรีอยุธยา<br>เวลาทำการ: 00.00 น. - 24.00 น.<br>Latitude:: 14.354302<br>Longitude:: 100.597199<br>Lat,long: 14.354302100.597199]]></description>
        <styleUrl>#icon-ci-2-labelson</styleUrl>
        <ExtendedData>
          <Data name="จังหวัด">
            <value>พระนครศรีอยุธยา</value>
          </Data>
          <Data name="ที่อยู่">
            <value>60 หมู่ 5 ตำบล ไผ่ลิง อำเภอ พระนครศรีอยุธยา จังหวัด พระนครศรีอยุธยา</value>
          </Data>
          <Data name="เวลาทำการ">
            <value>00.00 น. - 24.00 น.</value>
          </Data>
          <Data name="Latitude:">
            <value>14.354302</value>
          </Data>
          <Data name="Longitude:">
            <value>100.597199</value>
          </Data>
          <Data name="Lat,long">
            <value>14.354302100.597199</value>
          </Data>
        </ExtendedData>
        <Point>
          <coordinates>
            100.597199,14.354302,0
          </coordinates>
        </Point>
      </Placemark>
      <Placemark>
        <name>PEA VOLTA นครนายก</name>
        <description><![CDATA[จังหวัด: นครนายก <br>ที่อยู่: 138 หมู่ที่ 5 ตำบลบ้านใหญ่ อำเภอเมืองนครนายก นครนายก 26000<br>เวลาทำการ: 00.00 น. - 24.00 น.<br>Latitude:: 14.21733<br>Longitude:: 101.22705<br>Lat,long: 14.21733101.22705]]></description>
        <styleUrl>#icon-ci-2-labelson</styleUrl>
        <ExtendedData>
          <Data name="จังหวัด">
            <value>นครนายก </value>
          </Data>
          <Data name="ที่อยู่">
            <value>138 หมู่ที่ 5 ตำบลบ้านใหญ่ อำเภอเมืองนครนายก นครนายก 26000</value>
          </Data>
          <Data name="เวลาทำการ">
            <value>00.00 น. - 24.00 น.</value>
          </Data>
          <Data name="Latitude:">
            <value>14.21733</value>
          </Data>
          <Data name="Longitude:">
            <value>101.22705</value>
          </Data>
          <Data name="Lat,long">
            <value>14.21733101.22705</value>
          </Data>
        </ExtendedData>
        <Point>
          <coordinates>
            101.22705,14.21733,0
          </coordinates>
        </Point>
      </Placemark>
      <Placemark>
        <name>PEA VOLTA ปทุมธานี</name>
        <description><![CDATA[จังหวัด: ปทุมธานี <br>ที่อยู่: 64 ถนน ปทุมสัมพันธ์ ตำบล บางปรอก อำเภอ เมืองปทุมธานี จังหวัด ปทุมธานี 12000<br>เวลาทำการ: 00.00 น. - 24.00 น.<br>Latitude:: 13.991312<br>Longitude:: 100.581677<br>Lat,long: 13.991312100.581677]]></description>
        <styleUrl>#icon-ci-2-labelson</styleUrl>
        <ExtendedData>
          <Data name="จังหวัด">
            <value>ปทุมธานี </value>
          </Data>
          <Data name="ที่อยู่">
            <value>64 ถนน ปทุมสัมพันธ์ ตำบล บางปรอก อำเภอ เมืองปทุมธานี จังหวัด ปทุมธานี 12000</value>
          </Data>
          <Data name="เวลาทำการ">
            <value>00.00 น. - 24.00 น.</value>
          </Data>
          <Data name="Latitude:">
            <value>13.991312</value>
          </Data>
          <Data name="Longitude:">
            <value>100.581677</value>
          </Data>
          <Data name="Lat,long">
            <value>13.991312100.581677</value>
          </Data>
        </ExtendedData>
        <Point>
          <coordinates>
            100.581677,13.991312,0
          </coordinates>
        </Point>
      </Placemark>
      <Placemark>
        <name>PEA VOLTA ธัญบุรี</name>
        <description><![CDATA[จังหวัด: ปทุมธานี <br>ที่อยู่: 41/5 หมู่2 ถ.รังสิต-นครนายก ต.บึงยี่โถ อ.ธัญบุรี จ.ปธุมธานี 12130<br>เวลาทำการ: 00.00 น. - 24.00 น.<br>Latitude:: 13.997938<br>Longitude:: 100.673836<br>Lat,long: 13.997938100.673836]]></description>
        <styleUrl>#icon-ci-2-labelson</styleUrl>
        <ExtendedData>
          <Data name="จังหวัด">
            <value>ปทุมธานี </value>
          </Data>
          <Data name="ที่อยู่">
            <value>41/5 หมู่2 ถ.รังสิต-นครนายก ต.บึงยี่โถ อ.ธัญบุรี จ.ปธุมธานี 12130</value>
          </Data>
          <Data name="เวลาทำการ">
            <value>00.00 น. - 24.00 น.</value>
          </Data>
          <Data name="Latitude:">
            <value>13.997938</value>
          </Data>
          <Data name="Longitude:">
            <value>100.673836</value>
          </Data>
          <Data name="Lat,long">
            <value>13.997938100.673836</value>
          </Data>
        </ExtendedData>
        <Point>
          <coordinates>
            100.673836,13.997938,0
          </coordinates>
        </Point>
      </Placemark>
      <Placemark>
        <name>PEA VOLTA ชลบุรี #3</name>
        <description><![CDATA[จังหวัด: ชลบรี<br>ที่อยู่: ตำบล หนองข้างคอก อำเภอเมืองชลบุรี ชลบุรี 20000<br>เวลาทำการ: 00.00 น. - 24.00 น.<br>Latitude:: 13.340357<br>Longitude:: 100.991245<br>Lat,long: 13.340357100.991245]]></description>
        <styleUrl>#icon-ci-2-labelson</styleUrl>
        <ExtendedData>
          <Data name="จังหวัด">
            <value>ชลบรี</value>
          </Data>
          <Data name="ที่อยู่">
            <value>ตำบล หนองข้างคอก อำเภอเมืองชลบุรี ชลบุรี 20000</value>
          </Data>
          <Data name="เวลาทำการ">
            <value>00.00 น. - 24.00 น.</value>
          </Data>
          <Data name="Latitude:">
            <value>13.340357</value>
          </Data>
          <Data name="Longitude:">
            <value>100.991245</value>
          </Data>
          <Data name="Lat,long">
            <value>13.340357100.991245</value>
          </Data>
        </ExtendedData>
        <Point>
          <coordinates>
            100.991245,13.340357,0
          </coordinates>
        </Point>
      </Placemark>
      <Placemark>
        <name>PEA VOLTA ตราด</name>
        <description><![CDATA[จังหวัด: ตราด<br>ที่อยู่: 199 ม. 5 ตำบลวังกระแจะ อำเภอเมืองตราด จังหวัดตราด 23000 <br>เวลาทำการ: 00.00 น. - 24.00 น.<br>Latitude:: 12.273417<br>Longitude:: 102.492506<br>Lat,long: 12.273417102.492506]]></description>
        <styleUrl>#icon-ci-2-labelson</styleUrl>
        <ExtendedData>
          <Data name="จังหวัด">
            <value>ตราด</value>
          </Data>
          <Data name="ที่อยู่">
            <value>199 ม. 5 ตำบลวังกระแจะ อำเภอเมืองตราด จังหวัดตราด 23000 </value>
          </Data>
          <Data name="เวลาทำการ">
            <value>00.00 น. - 24.00 น.</value>
          </Data>
          <Data name="Latitude:">
            <value>12.273417</value>
          </Data>
          <Data name="Longitude:">
            <value>102.492506</value>
          </Data>
          <Data name="Lat,long">
            <value>12.273417102.492506</value>
          </Data>
        </ExtendedData>
        <Point>
          <coordinates>
            102.492506,12.273417,0
          </coordinates>
        </Point>
      </Placemark>
      <Placemark>
        <name>PEA VOLTA บ้านโพธิ์</name>
        <description><![CDATA[จังหวัด: ฉะเชิงเทรา <br>ที่อยู่: 80 หมู่ที่ 1 ถนน บางปะกง - ฉะเชิงเทรา ตำบล คลองประเวศ อำเภอบ้านโพธิ์ ฉะเชิงเทรา 24140<br>เวลาทำการ: 00.00 น. - 24.00 น.<br>Latitude:: 13.624993<br>Longitude:: 101.032926<br>Lat,long: 13.624993101.032926]]></description>
        <styleUrl>#icon-ci-2-labelson</styleUrl>
        <ExtendedData>
          <Data name="จังหวัด">
            <value>ฉะเชิงเทรา </value>
          </Data>
          <Data name="ที่อยู่">
            <value>80 หมู่ที่ 1 ถนน บางปะกง - ฉะเชิงเทรา ตำบล คลองประเวศ อำเภอบ้านโพธิ์ ฉะเชิงเทรา 24140</value>
          </Data>
          <Data name="เวลาทำการ">
            <value>00.00 น. - 24.00 น.</value>
          </Data>
          <Data name="Latitude:">
            <value>13.624993</value>
          </Data>
          <Data name="Longitude:">
            <value>101.032926</value>
          </Data>
          <Data name="Lat,long">
            <value>13.624993101.032926</value>
          </Data>
        </ExtendedData>
        <Point>
          <coordinates>
            101.032926,13.624993,0
          </coordinates>
        </Point>
      </Placemark>
      <Placemark>
        <name>PEA VOLTA สอยดาว</name>
        <description><![CDATA[จังหวัด: จันทบุรี <br>ที่อยู่: 222 ตำบล ทรายขาว อำเภอ สอยดาว จันทบุรี 22180<br>เวลาทำการ: 00.00 น. - 24.00 น.<br>Latitude:: 13.101761<br>Longitude:: 102.237294<br>Lat,long: 13.101761102.237294]]></description>
        <styleUrl>#icon-ci-2-labelson</styleUrl>
        <ExtendedData>
          <Data name="จังหวัด">
            <value>จันทบุรี </value>
          </Data>
          <Data name="ที่อยู่">
            <value>222 ตำบล ทรายขาว อำเภอ สอยดาว จันทบุรี 22180</value>
          </Data>
          <Data name="เวลาทำการ">
            <value>00.00 น. - 24.00 น.</value>
          </Data>
          <Data name="Latitude:">
            <value>13.101761</value>
          </Data>
          <Data name="Longitude:">
            <value>102.237294</value>
          </Data>
          <Data name="Lat,long">
            <value>13.101761102.237294</value>
          </Data>
        </ExtendedData>
        <Point>
          <coordinates>
            102.237294,13.101761,0
          </coordinates>
        </Point>
      </Placemark>
      <Placemark>
        <name>PEA VOLTA นครปฐม</name>
        <description><![CDATA[จังหวัด: นครปฐม <br>ที่อยู่: 242/15 ถนน 25 มกรา ตําบล พระปฐมเจดีย อําเภอเมืองนครปฐม จังหวัดนครปฐม 73000<br>เวลาทำการ: 00.00 น. - 24.00 น.<br>Latitude:: 13.8238594<br>Longitude:: 100.069032<br>Lat,long: 13.82365713.823657]]></description>
        <styleUrl>#icon-ci-2-labelson</styleUrl>
        <ExtendedData>
          <Data name="จังหวัด">
            <value>นครปฐม </value>
          </Data>
          <Data name="ที่อยู่">
            <value>242/15 ถนน 25 มกรา ตําบล พระปฐมเจดีย อําเภอเมืองนครปฐม จังหวัดนครปฐม 73000</value>
          </Data>
          <Data name="เวลาทำการ">
            <value>00.00 น. - 24.00 น.</value>
          </Data>
          <Data name="Latitude:">
            <value>13.8238594</value>
          </Data>
          <Data name="Longitude:">
            <value>100.069032</value>
          </Data>
          <Data name="Lat,long">
            <value>13.82365713.823657</value>
          </Data>
        </ExtendedData>
        <Point>
          <coordinates>
            100.069032,13.8238594,0
          </coordinates>
        </Point>
      </Placemark>
      <Placemark>
        <name>PEA VOLTA กาญจนบุรี</name>
        <description><![CDATA[จังหวัด: กาญจนบุรี <br>ที่อยู่: 49 ตำบล ปากแพรก อำเภอเมืองกาญจนบุรี กาญจนบุรี 71000<br>เวลาทำการ: 00.00 น. - 24.00 น.<br>Latitude:: 14.02805<br>Longitude:: 99.551769<br>Lat,long: 14.0280599.551769]]></description>
        <styleUrl>#icon-ci-2-labelson</styleUrl>
        <ExtendedData>
          <Data name="จังหวัด">
            <value>กาญจนบุรี </value>
          </Data>
          <Data name="ที่อยู่">
            <value>49 ตำบล ปากแพรก อำเภอเมืองกาญจนบุรี กาญจนบุรี 71000</value>
          </Data>
          <Data name="เวลาทำการ">
            <value>00.00 น. - 24.00 น.</value>
          </Data>
          <Data name="Latitude:">
            <value>14.02805</value>
          </Data>
          <Data name="Longitude:">
            <value>99.551769</value>
          </Data>
          <Data name="Lat,long">
            <value>14.0280599.551769</value>
          </Data>
        </ExtendedData>
        <Point>
          <coordinates>
            99.551769,14.02805,0
          </coordinates>
        </Point>
      </Placemark>
      <Placemark>
        <name>PEA VOLTA สุพรรณบุรี</name>
        <description><![CDATA[จังหวัด: สุพรรณบุรี<br>ที่อยู่: 188 หมู่1 ตำบลสนามชัย อำเภอเมืองสุพรรณบุณี จังหวัดสุพรรณบุรี 72000<br>เวลาทำการ: 00.00 น. - 24.00 น.<br>Latitude:: 14.5195118<br>Longitude:: 100.130729<br>Lat,long: 14.5195118100.130729]]></description>
        <styleUrl>#icon-ci-2-labelson</styleUrl>
        <ExtendedData>
          <Data name="จังหวัด">
            <value>สุพรรณบุรี</value>
          </Data>
          <Data name="ที่อยู่">
            <value>188 หมู่1 ตำบลสนามชัย อำเภอเมืองสุพรรณบุณี จังหวัดสุพรรณบุรี 72000</value>
          </Data>
          <Data name="เวลาทำการ">
            <value>00.00 น. - 24.00 น.</value>
          </Data>
          <Data name="Latitude:">
            <value>14.5195118</value>
          </Data>
          <Data name="Longitude:">
            <value>100.130729</value>
          </Data>
          <Data name="Lat,long">
            <value>14.5195118100.130729</value>
          </Data>
        </ExtendedData>
        <Point>
          <coordinates>
            100.130729,14.5195118,0
          </coordinates>
        </Point>
      </Placemark>
      <Placemark>
        <name>PEA VOLTA บางเลน</name>
        <description><![CDATA[จังหวัด: นครปฐม<br>ที่อยู่: 1/1 หมู่ 6 ถนนดอนตูม-บางเลน ต.บางเลน อ.บางเลน นครปฐม 73130<br>เวลาทำการ: 00.00 น. - 24.00 น.<br>Latitude:: 14.005841<br>Longitude:: 100.172547<br>Lat,long: 14.005841100.172547]]></description>
        <styleUrl>#icon-ci-2-labelson</styleUrl>
        <ExtendedData>
          <Data name="จังหวัด">
            <value>นครปฐม</value>
          </Data>
          <Data name="ที่อยู่">
            <value>1/1 หมู่ 6 ถนนดอนตูม-บางเลน ต.บางเลน อ.บางเลน นครปฐม 73130</value>
          </Data>
          <Data name="เวลาทำการ">
            <value>00.00 น. - 24.00 น.</value>
          </Data>
          <Data name="Latitude:">
            <value>14.005841</value>
          </Data>
          <Data name="Longitude:">
            <value>100.172547</value>
          </Data>
          <Data name="Lat,long">
            <value>14.005841100.172547</value>
          </Data>
        </ExtendedData>
        <Point>
          <coordinates>
            100.172547,14.005841,0
          </coordinates>
        </Point>
      </Placemark>
      <Placemark>
        <name>PEA VOLTA สำนักงานใหญ่ #3</name>
        <description><![CDATA[จังหวัด: กรุงเทพมหานคร <br>ที่อยู่: 200 ถนน งามวงศ์วาน แขวง ลาดยาว เขตจตุจักร กรุงเทพมหานคร 10900<br>เวลาทำการ: 00.00 น. - 24.00 น.<br>Latitude:: 13.850493<br>Longitude:: 100.558603<br>Lat,long: 13.850493100.558603]]></description>
        <styleUrl>#icon-ci-2-labelson</styleUrl>
        <ExtendedData>
          <Data name="จังหวัด">
            <value>กรุงเทพมหานคร </value>
          </Data>
          <Data name="ที่อยู่">
            <value>200 ถนน งามวงศ์วาน แขวง ลาดยาว เขตจตุจักร กรุงเทพมหานคร 10900</value>
          </Data>
          <Data name="เวลาทำการ">
            <value>00.00 น. - 24.00 น.</value>
          </Data>
          <Data name="Latitude:">
            <value>13.850493</value>
          </Data>
          <Data name="Longitude:">
            <value>100.558603</value>
          </Data>
          <Data name="Lat,long">
            <value>13.850493100.558603</value>
          </Data>
        </ExtendedData>
        <Point>
          <coordinates>
            100.558603,13.850493,0
          </coordinates>
        </Point>
      </Placemark>
      <Placemark>
        <name>PEA VOLTA สำนักงานใหญ่ #4</name>
        <description><![CDATA[จังหวัด: กรุงเทพมหานคร <br>ที่อยู่: 200 ถนน งามวงศ์วาน แขวง ลาดยาว เขตจตุจักร กรุงเทพมหานคร 10900<br>เวลาทำการ: 00.00 น. - 24.00 น.<br>Latitude:: 13.850486<br>Longitude:: 100.558648<br>Lat,long: 13.850486100.558648]]></description>
        <styleUrl>#icon-ci-2-labelson</styleUrl>
        <ExtendedData>
          <Data name="จังหวัด">
            <value>กรุงเทพมหานคร </value>
          </Data>
          <Data name="ที่อยู่">
            <value>200 ถนน งามวงศ์วาน แขวง ลาดยาว เขตจตุจักร กรุงเทพมหานคร 10900</value>
          </Data>
          <Data name="เวลาทำการ">
            <value>00.00 น. - 24.00 น.</value>
          </Data>
          <Data name="Latitude:">
            <value>13.850486</value>
          </Data>
          <Data name="Longitude:">
            <value>100.558648</value>
          </Data>
          <Data name="Lat,long">
            <value>13.850486100.558648</value>
          </Data>
        </ExtendedData>
        <Point>
          <coordinates>
            100.558648,13.850486,0
          </coordinates>
        </Point>
      </Placemark>
      <Placemark>
        <name>PEA VOLTA สันกำแพง</name>
        <description><![CDATA[จังหวัด: เชียงใหม่ <br>ที่อยู่: 93 ถนน เชียงใหม่- ดอยสะเก็ด ตำบล สันกำแพง อำเภอสันกำแพง เชียงใหม่ 50130<br>เวลาทำการ: 00.00 น. - 24.00 น.<br>Latitude:: 18.752846<br>Longitude:: 99.104687<br>Lat,long: 18.75284699.104687]]></description>
        <styleUrl>#icon-ci-2-labelson</styleUrl>
        <ExtendedData>
          <Data name="จังหวัด">
            <value>เชียงใหม่ </value>
          </Data>
          <Data name="ที่อยู่">
            <value>93 ถนน เชียงใหม่- ดอยสะเก็ด ตำบล สันกำแพง อำเภอสันกำแพง เชียงใหม่ 50130</value>
          </Data>
          <Data name="เวลาทำการ">
            <value>00.00 น. - 24.00 น.</value>
          </Data>
          <Data name="Latitude:">
            <value>18.752846</value>
          </Data>
          <Data name="Longitude:">
            <value>99.104687</value>
          </Data>
          <Data name="Lat,long">
            <value>18.75284699.104687</value>
          </Data>
        </ExtendedData>
        <Point>
          <coordinates>
            99.104687,18.752846,0
          </coordinates>
        </Point>
      </Placemark>
      <Placemark>
        <name>PEA VOLTA แม่ริม</name>
        <description><![CDATA[จังหวัด: เชียงใหม่ <br>ที่อยู่: 107 ตำบล ริมเหนือ อำเภอแม่ริม เชียงใหม่ 50180<br>เวลาทำการ: 00.00 น. - 24.00 น.<br>Latitude:: 18.926099<br>Longitude:: 98.93928<br>Lat,long: 18.92609998.93928]]></description>
        <styleUrl>#icon-ci-2-labelson</styleUrl>
        <ExtendedData>
          <Data name="จังหวัด">
            <value>เชียงใหม่ </value>
          </Data>
          <Data name="ที่อยู่">
            <value>107 ตำบล ริมเหนือ อำเภอแม่ริม เชียงใหม่ 50180</value>
          </Data>
          <Data name="เวลาทำการ">
            <value>00.00 น. - 24.00 น.</value>
          </Data>
          <Data name="Latitude:">
            <value>18.926099</value>
          </Data>
          <Data name="Longitude:">
            <value>98.93928</value>
          </Data>
          <Data name="Lat,long">
            <value>18.92609998.93928</value>
          </Data>
        </ExtendedData>
        <Point>
          <coordinates>
            98.93928,18.926099,0
          </coordinates>
        </Point>
      </Placemark>
      <Placemark>
        <name>PEA VOLTA หางดง</name>
        <description><![CDATA[จังหวัด: เชียงใหม่ <br>ที่อยู่: 197 หมู่ที่ 8 ตำบล หนองแก๋ว อำเภอหางดง เชียงใหม่ 50230<br>เวลาทำการ: 00.00 น. - 24.00 น.<br>Latitude:: 18.688054<br>Longitude:: 98.928179<br>Lat,long: 18.68805498.928179]]></description>
        <styleUrl>#icon-ci-2-labelson</styleUrl>
        <ExtendedData>
          <Data name="จังหวัด">
            <value>เชียงใหม่ </value>
          </Data>
          <Data name="ที่อยู่">
            <value>197 หมู่ที่ 8 ตำบล หนองแก๋ว อำเภอหางดง เชียงใหม่ 50230</value>
          </Data>
          <Data name="เวลาทำการ">
            <value>00.00 น. - 24.00 น.</value>
          </Data>
          <Data name="Latitude:">
            <value>18.688054</value>
          </Data>
          <Data name="Longitude:">
            <value>98.928179</value>
          </Data>
          <Data name="Lat,long">
            <value>18.68805498.928179</value>
          </Data>
        </ExtendedData>
        <Point>
          <coordinates>
            98.928179,18.688054,0
          </coordinates>
        </Point>
      </Placemark>
      <Placemark>
        <name>PEA VOLTA สันทราย</name>
        <description><![CDATA[จังหวัด: เชียงใหม่ <br>ที่อยู่: 151 หมู่ 4 ถนนสันทราย-พร้าว ตำบลป่าไผ่ อำเภอสันทราย จังหวัดเชียงใหม่ 50210<br>เวลาทำการ: 00.00 น. - 24.00 น.<br>Latitude:: 18.875833<br>Longitude:: 99.04486<br>Lat,long: 18.87583399.04486]]></description>
        <styleUrl>#icon-ci-2-labelson</styleUrl>
        <ExtendedData>
          <Data name="จังหวัด">
            <value>เชียงใหม่ </value>
          </Data>
          <Data name="ที่อยู่">
            <value>151 หมู่ 4 ถนนสันทราย-พร้าว ตำบลป่าไผ่ อำเภอสันทราย จังหวัดเชียงใหม่ 50210</value>
          </Data>
          <Data name="เวลาทำการ">
            <value>00.00 น. - 24.00 น.</value>
          </Data>
          <Data name="Latitude:">
            <value>18.875833</value>
          </Data>
          <Data name="Longitude:">
            <value>99.04486</value>
          </Data>
          <Data name="Lat,long">
            <value>18.87583399.04486</value>
          </Data>
        </ExtendedData>
        <Point>
          <coordinates>
            99.04486,18.875833,0
          </coordinates>
        </Point>
      </Placemark>
      <Placemark>
        <name>PEA VOLTA เมืองพิจิตร</name>
        <description><![CDATA[จังหวัด: พิจิตร <br>ที่อยู่: ซอย บึงสีไฟ 6 ตำบล ในเมือง อำเภอเมืองพิจิตร พิจิตร 66000<br>เวลาทำการ: 00.00 น. - 24.00 น.<br>Latitude:: 16.438272<br>Longitude:: 100.345983<br>Lat,long: 16.438272100.345983]]></description>
        <styleUrl>#icon-ci-2-labelson</styleUrl>
        <ExtendedData>
          <Data name="จังหวัด">
            <value>พิจิตร </value>
          </Data>
          <Data name="ที่อยู่">
            <value>ซอย บึงสีไฟ 6 ตำบล ในเมือง อำเภอเมืองพิจิตร พิจิตร 66000</value>
          </Data>
          <Data name="เวลาทำการ">
            <value>00.00 น. - 24.00 น.</value>
          </Data>
          <Data name="Latitude:">
            <value>16.438272</value>
          </Data>
          <Data name="Longitude:">
            <value>100.345983</value>
          </Data>
          <Data name="Lat,long">
            <value>16.438272100.345983</value>
          </Data>
        </ExtendedData>
        <Point>
          <coordinates>
            100.345983,16.438272,0
          </coordinates>
        </Point>
      </Placemark>
      <Placemark>
        <name>PEA VOLTA ตาก</name>
        <description><![CDATA[จังหวัด: ตาก<br>ที่อยู่: 3 จอมพล ตำบลระแหง อำเภอเมืองตาก ตาก 63000<br>เวลาทำการ: 00.00 น. - 24.00 น.<br>Latitude:: 16.868686<br>Longitude:: 99.124322<br>Lat,long: 16.86868699.124322]]></description>
        <styleUrl>#icon-ci-2-labelson</styleUrl>
        <ExtendedData>
          <Data name="จังหวัด">
            <value>ตาก</value>
          </Data>
          <Data name="ที่อยู่">
            <value>3 จอมพล ตำบลระแหง อำเภอเมืองตาก ตาก 63000</value>
          </Data>
          <Data name="เวลาทำการ">
            <value>00.00 น. - 24.00 น.</value>
          </Data>
          <Data name="Latitude:">
            <value>16.868686</value>
          </Data>
          <Data name="Longitude:">
            <value>99.124322</value>
          </Data>
          <Data name="Lat,long">
            <value>16.86868699.124322</value>
          </Data>
        </ExtendedData>
        <Point>
          <coordinates>
            99.124322,16.868686,0
          </coordinates>
        </Point>
      </Placemark>
      <Placemark>
        <name>PEA VOLTA ตะพานหิน</name>
        <description><![CDATA[จังหวัด: พิจิตร <br>ที่อยู่: 119 หมู่ 3 ถนนตะพานหิน-เพชรบูรณ์ ตำบลตะพานหิน อำเภอตะพานหิน จังหวัดพิจิตร 66110<br>เวลาทำการ: 00.00 น. - 24.00 น.<br>Latitude:: 16.20485<br>Longitude:: 100.470242<br>Lat,long: 16.20485100.470242]]></description>
        <styleUrl>#icon-ci-2-labelson</styleUrl>
        <ExtendedData>
          <Data name="จังหวัด">
            <value>พิจิตร </value>
          </Data>
          <Data name="ที่อยู่">
            <value>119 หมู่ 3 ถนนตะพานหิน-เพชรบูรณ์ ตำบลตะพานหิน อำเภอตะพานหิน จังหวัดพิจิตร 66110</value>
          </Data>
          <Data name="เวลาทำการ">
            <value>00.00 น. - 24.00 น.</value>
          </Data>
          <Data name="Latitude:">
            <value>16.20485</value>
          </Data>
          <Data name="Longitude:">
            <value>100.470242</value>
          </Data>
          <Data name="Lat,long">
            <value>16.20485100.470242</value>
          </Data>
        </ExtendedData>
        <Point>
          <coordinates>
            100.470242,16.20485,0
          </coordinates>
        </Point>
      </Placemark>
      <Placemark>
        <name>PEA VOLTA ขาณุวรลักษบุรี</name>
        <description><![CDATA[จังหวัด: กำแพงเพชร<br>ที่อยู่: ถ. พหลโยธิน ต.ดอนแตง อำเภอขาณุวรลักษบุรี กำแพงเพชร 62140<br>เวลาทำการ: 00.00 น. - 24.00 น.<br>Latitude:: 16.02359<br>Longitude:: 99.780533<br>Lat,long: 16.0235999.780533]]></description>
        <styleUrl>#icon-ci-2-labelson</styleUrl>
        <ExtendedData>
          <Data name="จังหวัด">
            <value>กำแพงเพชร</value>
          </Data>
          <Data name="ที่อยู่">
            <value>ถ. พหลโยธิน ต.ดอนแตง อำเภอขาณุวรลักษบุรี กำแพงเพชร 62140</value>
          </Data>
          <Data name="เวลาทำการ">
            <value>00.00 น. - 24.00 น.</value>
          </Data>
          <Data name="Latitude:">
            <value>16.02359</value>
          </Data>
          <Data name="Longitude:">
            <value>99.780533</value>
          </Data>
          <Data name="Lat,long">
            <value>16.0235999.780533</value>
          </Data>
        </ExtendedData>
        <Point>
          <coordinates>
            99.780533,16.02359,0
          </coordinates>
        </Point>
      </Placemark>
      <Placemark>
        <name>PEA VOLTA ตากฟ้า</name>
        <description><![CDATA[จังหวัด: นครสวรรค์<br>ที่อยู่: 14 หมู่1 ซอยนภาเขตพัฒนา ซอย 6 ตำบลตากฟ้า อำเภอตากฟ้า จังหวัดนครสวรรค์ 60190 <br>เวลาทำการ: 00.00 น. - 24.00 น.<br>Latitude:: 15.345535<br>Longitude:: 100.493565<br>Lat,long: 15.345535100.493565]]></description>
        <styleUrl>#icon-ci-2-labelson</styleUrl>
        <ExtendedData>
          <Data name="จังหวัด">
            <value>นครสวรรค์</value>
          </Data>
          <Data name="ที่อยู่">
            <value>14 หมู่1 ซอยนภาเขตพัฒนา ซอย 6 ตำบลตากฟ้า อำเภอตากฟ้า จังหวัดนครสวรรค์ 60190 </value>
          </Data>
          <Data name="เวลาทำการ">
            <value>00.00 น. - 24.00 น.</value>
          </Data>
          <Data name="Latitude:">
            <value>15.345535</value>
          </Data>
          <Data name="Longitude:">
            <value>100.493565</value>
          </Data>
          <Data name="Lat,long">
            <value>15.345535100.493565</value>
          </Data>
        </ExtendedData>
        <Point>
          <coordinates>
            100.493565,15.345535,0
          </coordinates>
        </Point>
      </Placemark>
      <Placemark>
        <name>PEA VOLTA อินทร์บุรี</name>
        <description><![CDATA[จังหวัด: สิงห์บุรี<br>ที่อยู่: 115 หมู่1 ถนนเอเซีย ตำบลน้ำตาล อำเภออินทร์บุรี จังหวัดสิงห์บุรี 16110 Thailand<br>เวลาทำการ: 00.00 น. - 24.00 น.<br>Latitude:: 15.006693<br>Longitude:: 100.34502<br>Lat,long: 15.006693100.34502]]></description>
        <styleUrl>#icon-ci-2-labelson</styleUrl>
        <ExtendedData>
          <Data name="จังหวัด">
            <value>สิงห์บุรี</value>
          </Data>
          <Data name="ที่อยู่">
            <value>115 หมู่1 ถนนเอเซีย ตำบลน้ำตาล อำเภออินทร์บุรี จังหวัดสิงห์บุรี 16110 Thailand</value>
          </Data>
          <Data name="เวลาทำการ">
            <value>00.00 น. - 24.00 น.</value>
          </Data>
          <Data name="Latitude:">
            <value>15.006693</value>
          </Data>
          <Data name="Longitude:">
            <value>100.34502</value>
          </Data>
          <Data name="Lat,long">
            <value>15.006693100.34502</value>
          </Data>
        </ExtendedData>
        <Point>
          <coordinates>
            100.34502,15.006693,0
          </coordinates>
        </Point>
      </Placemark>
      <Placemark>
        <name>PEA VOLTA พรหมบุรี</name>
        <description><![CDATA[จังหวัด: สิงห์บุรี<br>ที่อยู่: 66 ตำบล บ้านหม้อ อำเภอพรหมบุรี สิงห์บุรี 16120<br>เวลาทำการ: 00.00 น. - 24.00 น.<br>Latitude:: 14.768827<br>Longitude:: 100.44991<br>Lat,long: 14.768827100.44991]]></description>
        <styleUrl>#icon-ci-2-labelson</styleUrl>
        <ExtendedData>
          <Data name="จังหวัด">
            <value>สิงห์บุรี</value>
          </Data>
          <Data name="ที่อยู่">
            <value>66 ตำบล บ้านหม้อ อำเภอพรหมบุรี สิงห์บุรี 16120</value>
          </Data>
          <Data name="เวลาทำการ">
            <value>00.00 น. - 24.00 น.</value>
          </Data>
          <Data name="Latitude:">
            <value>14.768827</value>
          </Data>
          <Data name="Longitude:">
            <value>100.44991</value>
          </Data>
          <Data name="Lat,long">
            <value>14.768827100.44991</value>
          </Data>
        </ExtendedData>
        <Point>
          <coordinates>
            100.44991,14.768827,0
          </coordinates>
        </Point>
      </Placemark>
      <Placemark>
        <name>PEA VOLTA บึงสามพัน</name>
        <description><![CDATA[จังหวัด: เพชรบูรณ์<br>ที่อยู่: ตำบล ซับสมอทอด อำเภอบึงสามพัน เพชรบูรณ์ 67160<br>เวลาทำการ: 00.00 น. - 24.00 น.<br>Latitude:: 15.811416<br>Longitude:: 101.007476<br>Lat,long: 15.811416101.007476]]></description>
        <styleUrl>#icon-ci-2-labelson</styleUrl>
        <ExtendedData>
          <Data name="จังหวัด">
            <value>เพชรบูรณ์</value>
          </Data>
          <Data name="ที่อยู่">
            <value>ตำบล ซับสมอทอด อำเภอบึงสามพัน เพชรบูรณ์ 67160</value>
          </Data>
          <Data name="เวลาทำการ">
            <value>00.00 น. - 24.00 น.</value>
          </Data>
          <Data name="Latitude:">
            <value>15.811416</value>
          </Data>
          <Data name="Longitude:">
            <value>101.007476</value>
          </Data>
          <Data name="Lat,long">
            <value>15.811416101.007476</value>
          </Data>
        </ExtendedData>
        <Point>
          <coordinates>
            101.007476,15.811416,0
          </coordinates>
        </Point>
      </Placemark>
      <Placemark>
        <name>PEA VOLTA อุดรธานี</name>
        <description><![CDATA[จังหวัด: อุดรธานี<br>ที่อยู่: 123 หมู่ 5 ถนน ช้างเผือก ตำบล นาดี อำเภอเมืองอุดรธานี อุดรธานี 41000<br>เวลาทำการ: 00.00 น. - 24.00 น.<br>Latitude:: 17.405852<br>Longitude:: 102.780284<br>Lat,long: 17.405852102.780284]]></description>
        <styleUrl>#icon-ci-2-labelson</styleUrl>
        <ExtendedData>
          <Data name="จังหวัด">
            <value>อุดรธานี</value>
          </Data>
          <Data name="ที่อยู่">
            <value>123 หมู่ 5 ถนน ช้างเผือก ตำบล นาดี อำเภอเมืองอุดรธานี อุดรธานี 41000</value>
          </Data>
          <Data name="เวลาทำการ">
            <value>00.00 น. - 24.00 น.</value>
          </Data>
          <Data name="Latitude:">
            <value>17.405852</value>
          </Data>
          <Data name="Longitude:">
            <value>102.780284</value>
          </Data>
          <Data name="Lat,long">
            <value>17.405852102.780284</value>
          </Data>
        </ExtendedData>
        <Point>
          <coordinates>
            102.780284,17.405852,0
          </coordinates>
        </Point>
      </Placemark>
      <Placemark>
        <name>PEA VOLTA ขอนแก่น</name>
        <description><![CDATA[จังหวัด: ขอนแก่น<br>ที่อยู่: 44 ถนนกสิกรทุ่งสร้าง ตำบลในเมือง อำเภอเมืองขอนแก่น ขอนแก่น 40000<br>เวลาทำการ: 00.00 น. - 24.00 น.<br>Latitude:: 16.441159<br>Longitude:: 102.840389<br>Lat,long: 16.441159102.840389]]></description>
        <styleUrl>#icon-ci-2-labelson</styleUrl>
        <ExtendedData>
          <Data name="จังหวัด">
            <value>ขอนแก่น</value>
          </Data>
          <Data name="ที่อยู่">
            <value>44 ถนนกสิกรทุ่งสร้าง ตำบลในเมือง อำเภอเมืองขอนแก่น ขอนแก่น 40000</value>
          </Data>
          <Data name="เวลาทำการ">
            <value>00.00 น. - 24.00 น.</value>
          </Data>
          <Data name="Latitude:">
            <value>16.441159</value>
          </Data>
          <Data name="Longitude:">
            <value>102.840389</value>
          </Data>
          <Data name="Lat,long">
            <value>16.441159102.840389</value>
          </Data>
        </ExtendedData>
        <Point>
          <coordinates>
            102.840389,16.441159,0
          </coordinates>
        </Point>
      </Placemark>
      <Placemark>
        <name>PEA VOLTA บ้านไผ่</name>
        <description><![CDATA[จังหวัด: ขอนแก่่น<br>ที่อยู่: 65 หมู่ 2 ถ. มิตรภาพ ตำบล บ้านไผ่ ขอนแก่น 40110<br>เวลาทำการ: 00.00 น. - 24.00 น.<br>Latitude:: 16.053424<br>Longitude:: 102.716102<br>Lat,long: 16.053424102.716102]]></description>
        <styleUrl>#icon-ci-2-labelson</styleUrl>
        <ExtendedData>
          <Data name="จังหวัด">
            <value>ขอนแก่่น</value>
          </Data>
          <Data name="ที่อยู่">
            <value>65 หมู่ 2 ถ. มิตรภาพ ตำบล บ้านไผ่ ขอนแก่น 40110</value>
          </Data>
          <Data name="เวลาทำการ">
            <value>00.00 น. - 24.00 น.</value>
          </Data>
          <Data name="Latitude:">
            <value>16.053424</value>
          </Data>
          <Data name="Longitude:">
            <value>102.716102</value>
          </Data>
          <Data name="Lat,long">
            <value>16.053424102.716102</value>
          </Data>
        </ExtendedData>
        <Point>
          <coordinates>
            102.716102,16.053424,0
          </coordinates>
        </Point>
      </Placemark>
      <Placemark>
        <name>PEA VOLTA น้ำพอง</name>
        <description><![CDATA[จังหวัด: ขอนแก่น<br>ที่อยู่: ตำบล วังชัย อำเภอน้ำพอง ขอนแก่น 40140<br>เวลาทำการ: 00.00 น. - 24.00 น.<br>Latitude:: 16.717228<br>Longitude:: 102.869393<br>Lat,long: 16.717228102.869393]]></description>
        <styleUrl>#icon-ci-2-labelson</styleUrl>
        <ExtendedData>
          <Data name="จังหวัด">
            <value>ขอนแก่น</value>
          </Data>
          <Data name="ที่อยู่">
            <value>ตำบล วังชัย อำเภอน้ำพอง ขอนแก่น 40140</value>
          </Data>
          <Data name="เวลาทำการ">
            <value>00.00 น. - 24.00 น.</value>
          </Data>
          <Data name="Latitude:">
            <value>16.717228</value>
          </Data>
          <Data name="Longitude:">
            <value>102.869393</value>
          </Data>
          <Data name="Lat,long">
            <value>16.717228102.869393</value>
          </Data>
        </ExtendedData>
        <Point>
          <coordinates>
            102.869393,16.717228,0
          </coordinates>
        </Point>
      </Placemark>
      <Placemark>
        <name>PEA VOLTA ม่วงสามสิบ</name>
        <description><![CDATA[จังหวัด: อุุบลราชธานี<br>ที่อยู่: ตำบล ม่วงสามสิบ อำเภอ ม่วงสามสิบ อุบลราชธานี 34140<br>เวลาทำการ: 00.00 น. - 24.00 น.<br>Latitude:: 15.526292<br>Longitude:: 104.714172<br>Lat,long: 15.526292104.714172]]></description>
        <styleUrl>#icon-ci-2-labelson</styleUrl>
        <ExtendedData>
          <Data name="จังหวัด">
            <value>อุุบลราชธานี</value>
          </Data>
          <Data name="ที่อยู่">
            <value>ตำบล ม่วงสามสิบ อำเภอ ม่วงสามสิบ อุบลราชธานี 34140</value>
          </Data>
          <Data name="เวลาทำการ">
            <value>00.00 น. - 24.00 น.</value>
          </Data>
          <Data name="Latitude:">
            <value>15.526292</value>
          </Data>
          <Data name="Longitude:">
            <value>104.714172</value>
          </Data>
          <Data name="Lat,long">
            <value>15.526292104.714172</value>
          </Data>
        </ExtendedData>
        <Point>
          <coordinates>
            104.714172,15.526292,0
          </coordinates>
        </Point>
      </Placemark>
      <Placemark>
        <name>PEA VOLTA เขื่องใน</name>
        <description><![CDATA[จังหวัด: อุบลราชธานี<br>ที่อยู่: ตำบล ยางขี้นก อำเภอ เขื่องใน อุบลราชธานี 34150<br>เวลาทำการ: 00.00 น. - 24.00 น.<br>Latitude:: 15.421673<br>Longitude:: 104.540307<br>Lat,long: 15.421673104.540307]]></description>
        <styleUrl>#icon-ci-2-labelson</styleUrl>
        <ExtendedData>
          <Data name="จังหวัด">
            <value>อุบลราชธานี</value>
          </Data>
          <Data name="ที่อยู่">
            <value>ตำบล ยางขี้นก อำเภอ เขื่องใน อุบลราชธานี 34150</value>
          </Data>
          <Data name="เวลาทำการ">
            <value>00.00 น. - 24.00 น.</value>
          </Data>
          <Data name="Latitude:">
            <value>15.421673</value>
          </Data>
          <Data name="Longitude:">
            <value>104.540307</value>
          </Data>
          <Data name="Lat,long">
            <value>15.421673104.540307</value>
          </Data>
        </ExtendedData>
        <Point>
          <coordinates>
            104.540307,15.421673,0
          </coordinates>
        </Point>
      </Placemark>
      <Placemark>
        <name>PEA VOLTA พิบูลมังสาหาร</name>
        <description><![CDATA[จังหวัด: อุบลราชธานี<br>ที่อยู่: ตำบล กุดชมภู อำเภอ พิบูลมังสาหาร อุบลราชธานี 34110<br>เวลาทำการ: 00.00 น. - 24.00 น.<br>Latitude:: 15.231249<br>Longitude:: 105.239675<br>Lat,long: 15.231249105.239675]]></description>
        <styleUrl>#icon-ci-2-labelson</styleUrl>
        <ExtendedData>
          <Data name="จังหวัด">
            <value>อุบลราชธานี</value>
          </Data>
          <Data name="ที่อยู่">
            <value>ตำบล กุดชมภู อำเภอ พิบูลมังสาหาร อุบลราชธานี 34110</value>
          </Data>
          <Data name="เวลาทำการ">
            <value>00.00 น. - 24.00 น.</value>
          </Data>
          <Data name="Latitude:">
            <value>15.231249</value>
          </Data>
          <Data name="Longitude:">
            <value>105.239675</value>
          </Data>
          <Data name="Lat,long">
            <value>15.231249105.239675</value>
          </Data>
        </ExtendedData>
        <Point>
          <coordinates>
            105.239675,15.231249,0
          </coordinates>
        </Point>
      </Placemark>
      <Placemark>
        <name>PEA VOLTA มหาชนะชัย</name>
        <description><![CDATA[จังหวัด: ยโสธร <br>ที่อยู่: 129 หมู่6 ตำบล คูเมือง อำเภอ มหาชนะชัย ยโสธร 35130<br>เวลาทำการ: 00.00 น. - 24.00 น.<br>Latitude:: 15.499937<br>Longitude:: 104.217609<br>Lat,long: 15.499937104.217609]]></description>
        <styleUrl>#icon-ci-2-labelson</styleUrl>
        <ExtendedData>
          <Data name="จังหวัด">
            <value>ยโสธร </value>
          </Data>
          <Data name="ที่อยู่">
            <value>129 หมู่6 ตำบล คูเมือง อำเภอ มหาชนะชัย ยโสธร 35130</value>
          </Data>
          <Data name="เวลาทำการ">
            <value>00.00 น. - 24.00 น.</value>
          </Data>
          <Data name="Latitude:">
            <value>15.499937</value>
          </Data>
          <Data name="Longitude:">
            <value>104.217609</value>
          </Data>
          <Data name="Lat,long">
            <value>15.499937104.217609</value>
          </Data>
        </ExtendedData>
        <Point>
          <coordinates>
            104.217609,15.499937,0
          </coordinates>
        </Point>
      </Placemark>
      <Placemark>
        <name>PEA VOLTA เมืองชัยภูมิ</name>
        <description><![CDATA[จังหวัด: ชัยภูมิ<br>ที่อยู่: 123 หมู่10 ถนนนิเวศรัตน์ ตำบลโพนทอง อำเภอเมืองชัยภูมิ จังหวัดชัยภูมิ 36000<br>เวลาทำการ: 00.00 น. - 24.00 น.<br>Latitude:: 15.827968<br>Longitude:: 102.084868<br>Lat,long: 15.827968102.084868]]></description>
        <styleUrl>#icon-ci-2-labelson</styleUrl>
        <ExtendedData>
          <Data name="จังหวัด">
            <value>ชัยภูมิ</value>
          </Data>
          <Data name="ที่อยู่">
            <value>123 หมู่10 ถนนนิเวศรัตน์ ตำบลโพนทอง อำเภอเมืองชัยภูมิ จังหวัดชัยภูมิ 36000</value>
          </Data>
          <Data name="เวลาทำการ">
            <value>00.00 น. - 24.00 น.</value>
          </Data>
          <Data name="Latitude:">
            <value>15.827968</value>
          </Data>
          <Data name="Longitude:">
            <value>102.084868</value>
          </Data>
          <Data name="Lat,long">
            <value>15.827968102.084868</value>
          </Data>
        </ExtendedData>
        <Point>
          <coordinates>
            102.084868,15.827968,0
          </coordinates>
        </Point>
      </Placemark>
      <Placemark>
        <name>PEA VOLTA เมืองบุรีรัมย์</name>
        <description><![CDATA[จังหวัด: บุรีรัมย์<br>ที่อยู่: 190 หมู่ 8 ถนนบุรีรัมย์-พุทไธสง ตำบลชุมเห็ด อำเภอเมืองบุรีรัมย์ จังหวัดบุรีรัมย์ รหัสไปรษณีย์ 31000<br>เวลาทำการ: 00.00 น. - 24.00 น.<br>Latitude:: 15.030314<br>Longitude:: 103.101868<br>Lat,long: 15.030314103.101868]]></description>
        <styleUrl>#icon-ci-2-labelson</styleUrl>
        <ExtendedData>
          <Data name="จังหวัด">
            <value>บุรีรัมย์</value>
          </Data>
          <Data name="ที่อยู่">
            <value>190 หมู่ 8 ถนนบุรีรัมย์-พุทไธสง ตำบลชุมเห็ด อำเภอเมืองบุรีรัมย์ จังหวัดบุรีรัมย์ รหัสไปรษณีย์ 31000</value>
          </Data>
          <Data name="เวลาทำการ">
            <value>00.00 น. - 24.00 น.</value>
          </Data>
          <Data name="Latitude:">
            <value>15.030314</value>
          </Data>
          <Data name="Longitude:">
            <value>103.101868</value>
          </Data>
          <Data name="Lat,long">
            <value>15.030314103.101868</value>
          </Data>
        </ExtendedData>
        <Point>
          <coordinates>
            103.101868,15.030314,0
          </coordinates>
        </Point>
      </Placemark>
      <Placemark>
        <name>PEA VOLTA เมืองสุรินทร์</name>
        <description><![CDATA[จังหวัด: สุรินทร์<br>ที่อยู่: สาขา 164 9 เทศบาล 4 ตำบล ในเมือง อำเภอเมืองสุรินทร์ สุรินทร์ 32000<br>เวลาทำการ: 00.00 น. - 24.00 น.<br>Latitude:: 14.909363<br>Longitude:: 103.5076<br>Lat,long: 14.909363103.5076]]></description>
        <styleUrl>#icon-ci-2-labelson</styleUrl>
        <ExtendedData>
          <Data name="จังหวัด">
            <value>สุรินทร์</value>
          </Data>
          <Data name="ที่อยู่">
            <value>สาขา 164 9 เทศบาล 4 ตำบล ในเมือง อำเภอเมืองสุรินทร์ สุรินทร์ 32000</value>
          </Data>
          <Data name="เวลาทำการ">
            <value>00.00 น. - 24.00 น.</value>
          </Data>
          <Data name="Latitude:">
            <value>14.909363</value>
          </Data>
          <Data name="Longitude:">
            <value>103.5076</value>
          </Data>
          <Data name="Lat,long">
            <value>14.909363103.5076</value>
          </Data>
        </ExtendedData>
        <Point>
          <coordinates>
            103.5076,14.909363,0
          </coordinates>
        </Point>
      </Placemark>
      <Placemark>
        <name>PEA VOLTA นครราชสีมา 2 (หัวทะเล)</name>
        <description><![CDATA[จังหวัด: นครราชสีมา<br>ที่อยู่: หมู่ที่ 1 69 ถนน เพชรมาตุคลา ตำบล พะเนา อำเภอเมืองนครราชสีมา นครราชสีมา 30000<br>เวลาทำการ: 00.00 น. - 24.00 น.<br>Latitude:: 14.988468<br>Longitude:: 102.191139<br>Lat,long: 14.988468102.191139]]></description>
        <styleUrl>#icon-ci-2-labelson</styleUrl>
        <ExtendedData>
          <Data name="จังหวัด">
            <value>นครราชสีมา</value>
          </Data>
          <Data name="ที่อยู่">
            <value>หมู่ที่ 1 69 ถนน เพชรมาตุคลา ตำบล พะเนา อำเภอเมืองนครราชสีมา นครราชสีมา 30000</value>
          </Data>
          <Data name="เวลาทำการ">
            <value>00.00 น. - 24.00 น.</value>
          </Data>
          <Data name="Latitude:">
            <value>14.988468</value>
          </Data>
          <Data name="Longitude:">
            <value>102.191139</value>
          </Data>
          <Data name="Lat,long">
            <value>14.988468102.191139</value>
          </Data>
        </ExtendedData>
        <Point>
          <coordinates>
            102.191139,14.988468,0
          </coordinates>
        </Point>
      </Placemark>
      <Placemark>
        <name>PEA VOLTA เพชรบุรี</name>
        <description><![CDATA[จังหวัด: เพชรบูุรี<br>ที่อยู่: ถ.ราชดำเนิน ตำบล คลองกระแซง อำเภอเมืองเพชรบุรี เพชรบุรี 76000<br>เวลาทำการ: 00.00 น. - 24.00 น.<br>Latitude:: 13.098346<br>Longitude:: 99.943661<br>Lat,long: 13.09834699.943661]]></description>
        <styleUrl>#icon-ci-2-labelson</styleUrl>
        <ExtendedData>
          <Data name="จังหวัด">
            <value>เพชรบูุรี</value>
          </Data>
          <Data name="ที่อยู่">
            <value>ถ.ราชดำเนิน ตำบล คลองกระแซง อำเภอเมืองเพชรบุรี เพชรบุรี 76000</value>
          </Data>
          <Data name="เวลาทำการ">
            <value>00.00 น. - 24.00 น.</value>
          </Data>
          <Data name="Latitude:">
            <value>13.098346</value>
          </Data>
          <Data name="Longitude:">
            <value>99.943661</value>
          </Data>
          <Data name="Lat,long">
            <value>13.09834699.943661</value>
          </Data>
        </ExtendedData>
        <Point>
          <coordinates>
            99.943661,13.098346,0
          </coordinates>
        </Point>
      </Placemark>
      <Placemark>
        <name>PEA VOLTA โพธาราม</name>
        <description><![CDATA[จังหวัด: ราชบุรี<br>ที่อยู่: 190 ซอย เลิศพาณิชย์ ตำบล โพธาราม อำเภอโพธาราม ราชบุรี 70120<br>เวลาทำการ: 00.00 น. - 24.00 น.<br>Latitude:: 13.689533<br>Longitude:: 99.848212<br>Lat,long: 13.68953399.848212]]></description>
        <styleUrl>#icon-ci-2-labelson</styleUrl>
        <ExtendedData>
          <Data name="จังหวัด">
            <value>ราชบุรี</value>
          </Data>
          <Data name="ที่อยู่">
            <value>190 ซอย เลิศพาณิชย์ ตำบล โพธาราม อำเภอโพธาราม ราชบุรี 70120</value>
          </Data>
          <Data name="เวลาทำการ">
            <value>00.00 น. - 24.00 น.</value>
          </Data>
          <Data name="Latitude:">
            <value>13.689533</value>
          </Data>
          <Data name="Longitude:">
            <value>99.848212</value>
          </Data>
          <Data name="Lat,long">
            <value>13.68953399.848212</value>
          </Data>
        </ExtendedData>
        <Point>
          <coordinates>
            99.848212,13.689533,0
          </coordinates>
        </Point>
      </Placemark>
      <Placemark>
        <name>PEA VOLTA จอมบึง</name>
        <description><![CDATA[จังหวัด: ราชบุุรี<br>ที่อยู่: 35/2 ถนน ราชบุรี - ผาปก ตำบล จอมบึง อำเภอ จอมบึง ราชบุรี 70150<br>เวลาทำการ: 00.00 น. - 24.00 น.<br>Latitude:: 13.623864<br>Longitude:: 99.614005<br>Lat,long: 13.62386499.614005]]></description>
        <styleUrl>#icon-ci-2-labelson</styleUrl>
        <ExtendedData>
          <Data name="จังหวัด">
            <value>ราชบุุรี</value>
          </Data>
          <Data name="ที่อยู่">
            <value>35/2 ถนน ราชบุรี - ผาปก ตำบล จอมบึง อำเภอ จอมบึง ราชบุรี 70150</value>
          </Data>
          <Data name="เวลาทำการ">
            <value>00.00 น. - 24.00 น.</value>
          </Data>
          <Data name="Latitude:">
            <value>13.623864</value>
          </Data>
          <Data name="Longitude:">
            <value>99.614005</value>
          </Data>
          <Data name="Lat,long">
            <value>13.62386499.614005</value>
          </Data>
        </ExtendedData>
        <Point>
          <coordinates>
            99.614005,13.623864,0
          </coordinates>
        </Point>
      </Placemark>
      <Placemark>
        <name>PEA VOLTA สวนผึ้ง</name>
        <description><![CDATA[จังหวัด: ราชบุรีี<br>ที่อยู่: 174 หมู่5 ตำบลท่าเคย อำเภอสวนผึ้ง จังหวัดราชบุรี 70180<br>เวลาทำการ: 00.00 น. - 24.00 น.<br>Latitude:: 13.545086<br>Longitude:: 99.438861<br>Lat,long: 13.54508699.438861]]></description>
        <styleUrl>#icon-ci-2-labelson</styleUrl>
        <ExtendedData>
          <Data name="จังหวัด">
            <value>ราชบุรีี</value>
          </Data>
          <Data name="ที่อยู่">
            <value>174 หมู่5 ตำบลท่าเคย อำเภอสวนผึ้ง จังหวัดราชบุรี 70180</value>
          </Data>
          <Data name="เวลาทำการ">
            <value>00.00 น. - 24.00 น.</value>
          </Data>
          <Data name="Latitude:">
            <value>13.545086</value>
          </Data>
          <Data name="Longitude:">
            <value>99.438861</value>
          </Data>
          <Data name="Lat,long">
            <value>13.54508699.438861</value>
          </Data>
        </ExtendedData>
        <Point>
          <coordinates>
            99.438861,13.545086,0
          </coordinates>
        </Point>
      </Placemark>
      <Placemark>
        <name>PEA VOLTA เกาะสมุย</name>
        <description><![CDATA[จังหวัด: สุราษฎร์ธานี <br>ที่อยู่: ตำบล อ่างทอง อำเภอเกาะสมุย สุราษฎร์ธานี 84140<br>เวลาทำการ: 00.00 น. - 24.00 น.<br>Latitude:: 9.520321<br>Longitude:: 99.938805<br>Lat,long: 9.52032199.938805]]></description>
        <styleUrl>#icon-ci-2-labelson</styleUrl>
        <ExtendedData>
          <Data name="จังหวัด">
            <value>สุราษฎร์ธานี </value>
          </Data>
          <Data name="ที่อยู่">
            <value>ตำบล อ่างทอง อำเภอเกาะสมุย สุราษฎร์ธานี 84140</value>
          </Data>
          <Data name="เวลาทำการ">
            <value>00.00 น. - 24.00 น.</value>
          </Data>
          <Data name="Latitude:">
            <value>9.520321</value>
          </Data>
          <Data name="Longitude:">
            <value>99.938805</value>
          </Data>
          <Data name="Lat,long">
            <value>9.52032199.938805</value>
          </Data>
        </ExtendedData>
        <Point>
          <coordinates>
            99.938805,9.520321,0
          </coordinates>
        </Point>
      </Placemark>
      <Placemark>
        <name>PEA VOLTA เกาะพะงัน</name>
        <description><![CDATA[จังหวัด: สุราษฎร์ธานี <br>ที่อยู่: 101 หมู่ 3 ตำบล บ้านใต้ อำเภอเกาะพะงัน สุราษฎร์ธานี 84280<br>เวลาทำการ: 00.00 น. - 24.00 น.<br>Latitude:: 9.707834<br>Longitude:: 99.992521<br>Lat,long: 9.70783499.992521]]></description>
        <styleUrl>#icon-ci-2-labelson</styleUrl>
        <ExtendedData>
          <Data name="จังหวัด">
            <value>สุราษฎร์ธานี </value>
          </Data>
          <Data name="ที่อยู่">
            <value>101 หมู่ 3 ตำบล บ้านใต้ อำเภอเกาะพะงัน สุราษฎร์ธานี 84280</value>
          </Data>
          <Data name="เวลาทำการ">
            <value>00.00 น. - 24.00 น.</value>
          </Data>
          <Data name="Latitude:">
            <value>9.707834</value>
          </Data>
          <Data name="Longitude:">
            <value>99.992521</value>
          </Data>
          <Data name="Lat,long">
            <value>9.70783499.992521</value>
          </Data>
        </ExtendedData>
        <Point>
          <coordinates>
            99.992521,9.707834,0
          </coordinates>
        </Point>
      </Placemark>
      <Placemark>
        <name>PEA VOLTA พระแสง</name>
        <description><![CDATA[จังหวัด: สุราษฎร์ธานี <br>ที่อยู่: ตำบล อิปัน อำเภอ พระแสง สุราษฎร์ธานี 84210<br>เวลาทำการ: 00.00 น. - 24.00 น.<br>Latitude:: 8.570792<br>Longitude:: 99.251158<br>Lat,long: 8.57079299.251158]]></description>
        <styleUrl>#icon-ci-2-labelson</styleUrl>
        <ExtendedData>
          <Data name="จังหวัด">
            <value>สุราษฎร์ธานี </value>
          </Data>
          <Data name="ที่อยู่">
            <value>ตำบล อิปัน อำเภอ พระแสง สุราษฎร์ธานี 84210</value>
          </Data>
          <Data name="เวลาทำการ">
            <value>00.00 น. - 24.00 น.</value>
          </Data>
          <Data name="Latitude:">
            <value>8.570792</value>
          </Data>
          <Data name="Longitude:">
            <value>99.251158</value>
          </Data>
          <Data name="Lat,long">
            <value>8.57079299.251158</value>
          </Data>
        </ExtendedData>
        <Point>
          <coordinates>
            99.251158,8.570792,0
          </coordinates>
        </Point>
      </Placemark>
      <Placemark>
        <name>PEA VOLTA หัวไทร</name>
        <description><![CDATA[จังหวัด: นครศรีธรรมราช <br>ที่อยู่: 221 หมู่11 ตำบล หัวไทร อำเภอ หัวไทร นครศรีธรรมราช 80170<br>เวลาทำการ: 00.00 น. - 24.00 น.<br>Latitude:: 8.048089<br>Longitude:: 100.271804<br>Lat,long: 8.048089100.271804]]></description>
        <styleUrl>#icon-ci-2-labelson</styleUrl>
        <ExtendedData>
          <Data name="จังหวัด">
            <value>นครศรีธรรมราช </value>
          </Data>
          <Data name="ที่อยู่">
            <value>221 หมู่11 ตำบล หัวไทร อำเภอ หัวไทร นครศรีธรรมราช 80170</value>
          </Data>
          <Data name="เวลาทำการ">
            <value>00.00 น. - 24.00 น.</value>
          </Data>
          <Data name="Latitude:">
            <value>8.048089</value>
          </Data>
          <Data name="Longitude:">
            <value>100.271804</value>
          </Data>
          <Data name="Lat,long">
            <value>8.048089100.271804</value>
          </Data>
        </ExtendedData>
        <Point>
          <coordinates>
            100.271804,8.048089,0
          </coordinates>
        </Point>
      </Placemark>
      <Placemark>
        <name>PEA VOLTA พัทลุง</name>
        <description><![CDATA[จังหวัด: พัทลุง <br>ที่อยู่: ตำบล เขาเจียก อำเภอเมืองพัทลุง พัทลุง 93000<br>เวลาทำการ: 00.00 น. - 24.00 น.<br>Latitude:: 7.601485<br>Longitude:: 100.030188<br>Lat,long: 7.601485100.030188]]></description>
        <styleUrl>#icon-ci-2-labelson</styleUrl>
        <ExtendedData>
          <Data name="จังหวัด">
            <value>พัทลุง </value>
          </Data>
          <Data name="ที่อยู่">
            <value>ตำบล เขาเจียก อำเภอเมืองพัทลุง พัทลุง 93000</value>
          </Data>
          <Data name="เวลาทำการ">
            <value>00.00 น. - 24.00 น.</value>
          </Data>
          <Data name="Latitude:">
            <value>7.601485</value>
          </Data>
          <Data name="Longitude:">
            <value>100.030188</value>
          </Data>
          <Data name="Lat,long">
            <value>7.601485100.030188</value>
          </Data>
        </ExtendedData>
        <Point>
          <coordinates>
            100.030188,7.601485,0
          </coordinates>
        </Point>
      </Placemark>
      <Placemark>
        <name>PEA VOLTA ละงู</name>
        <description><![CDATA[จังหวัด: สตูล <br>ที่อยู่: หมู่ที่ 1 323 ตำบล กำแพง อำเภอ ละงู สตูล 91110<br>เวลาทำการ: 00.00 น. - 24.00 น.<br>Latitude:: 6.905125<br>Longitude:: 99.7891<br>Lat,long: 6.90512599.7891]]></description>
        <styleUrl>#icon-ci-2-labelson</styleUrl>
        <ExtendedData>
          <Data name="จังหวัด">
            <value>สตูล </value>
          </Data>
          <Data name="ที่อยู่">
            <value>หมู่ที่ 1 323 ตำบล กำแพง อำเภอ ละงู สตูล 91110</value>
          </Data>
          <Data name="เวลาทำการ">
            <value>00.00 น. - 24.00 น.</value>
          </Data>
          <Data name="Latitude:">
            <value>6.905125</value>
          </Data>
          <Data name="Longitude:">
            <value>99.7891</value>
          </Data>
          <Data name="Lat,long">
            <value>6.90512599.7891</value>
          </Data>
        </ExtendedData>
        <Point>
          <coordinates>
            99.7891,6.905125,0
          </coordinates>
        </Point>
      </Placemark>
      <Placemark>
        <name>PEA VOLTA เบตง</name>
        <description><![CDATA[จังหวัด: ยะลา <br>ที่อยู่: เลขที่ 1 ถ.สโมสร ตำบลเบตง อำเภอเบตง ยะลา 95110<br>เวลาทำการ: 00.00 น. - 24.00 น.<br>Latitude:: 5.77053<br>Longitude:: 101.06825<br>Lat,long: 5.77053101.06825]]></description>
        <styleUrl>#icon-ci-2-labelson</styleUrl>
        <ExtendedData>
          <Data name="จังหวัด">
            <value>ยะลา </value>
          </Data>
          <Data name="ที่อยู่">
            <value>เลขที่ 1 ถ.สโมสร ตำบลเบตง อำเภอเบตง ยะลา 95110</value>
          </Data>
          <Data name="เวลาทำการ">
            <value>00.00 น. - 24.00 น.</value>
          </Data>
          <Data name="Latitude:">
            <value>5.77053</value>
          </Data>
          <Data name="Longitude:">
            <value>101.06825</value>
          </Data>
          <Data name="Lat,long">
            <value>5.77053101.06825</value>
          </Data>
        </ExtendedData>
        <Point>
          <coordinates>
            101.06825,5.77053,0
          </coordinates>
        </Point>
      </Placemark>
      <Placemark>
        <name>PEA VOLTA หาดใหญ่</name>
        <description><![CDATA[จังหวัด: สงขลา <br>ที่อยู่: 75 ถนน เพชรเกษม ซอย 15/2 ตำบล หาดใหญ่ อำเภอหาดใหญ่ สงขลา 90110<br>เวลาทำการ: 00.00 น. - 24.00 น.<br>Latitude:: 7.01747<br>Longitude:: 100.49627<br>Lat,long: 7.01747100.49627]]></description>
        <styleUrl>#icon-ci-2-labelson</styleUrl>
        <ExtendedData>
          <Data name="จังหวัด">
            <value>สงขลา </value>
          </Data>
          <Data name="ที่อยู่">
            <value>75 ถนน เพชรเกษม ซอย 15/2 ตำบล หาดใหญ่ อำเภอหาดใหญ่ สงขลา 90110</value>
          </Data>
          <Data name="เวลาทำการ">
            <value>00.00 น. - 24.00 น.</value>
          </Data>
          <Data name="Latitude:">
            <value>7.01747</value>
          </Data>
          <Data name="Longitude:">
            <value>100.49627</value>
          </Data>
          <Data name="Lat,long">
            <value>7.01747100.49627</value>
          </Data>
        </ExtendedData>
        <Point>
          <coordinates>
            100.49627,7.01747,0
          </coordinates>
        </Point>
      </Placemark>
      <Placemark>
        <name>PEA VOLTA อ่างทอง</name>
        <description><![CDATA[จังหวัด: อ่างทอง<br>ที่อยู่: ตำบล โพสะ อำเภอเมืองอ่างทอง อ่างทอง 14000<br>เวลาทำการ: 00.00 น. - 24.00 น.<br>Latitude:: 14.58599517<br>Longitude:: 100.4548526<br>Lat,long: 14.58599517100.4548526]]></description>
        <styleUrl>#icon-ci-2-labelson</styleUrl>
        <ExtendedData>
          <Data name="จังหวัด">
            <value>อ่างทอง</value>
          </Data>
          <Data name="ที่อยู่">
            <value>ตำบล โพสะ อำเภอเมืองอ่างทอง อ่างทอง 14000</value>
          </Data>
          <Data name="เวลาทำการ">
            <value>00.00 น. - 24.00 น.</value>
          </Data>
          <Data name="Latitude:">
            <value>14.58599517</value>
          </Data>
          <Data name="Longitude:">
            <value>100.4548526</value>
          </Data>
          <Data name="Lat,long">
            <value>14.58599517100.4548526</value>
          </Data>
        </ExtendedData>
        <Point>
          <coordinates>
            100.4548526,14.58599517,0
          </coordinates>
        </Point>
      </Placemark>
      <Placemark>
        <name>PEA VOLTA ศรีราชา</name>
        <description><![CDATA[จังหวัด: ชลบุรี<br>ที่อยู่: 5 ถ. สุขุมวิท อำเภอศรีราชา ชลบุรี 20110<br>เวลาทำการ: 00.00 น. - 24.00 น.<br>Latitude:: 13.1721341<br>Longitude:: 100.9318402<br>Lat,long: 13.1721341100.9318402]]></description>
        <styleUrl>#icon-ci-2-labelson</styleUrl>
        <ExtendedData>
          <Data name="จังหวัด">
            <value>ชลบุรี</value>
          </Data>
          <Data name="ที่อยู่">
            <value>5 ถ. สุขุมวิท อำเภอศรีราชา ชลบุรี 20110</value>
          </Data>
          <Data name="เวลาทำการ">
            <value>00.00 น. - 24.00 น.</value>
          </Data>
          <Data name="Latitude:">
            <value>13.1721341</value>
          </Data>
          <Data name="Longitude:">
            <value>100.9318402</value>
          </Data>
          <Data name="Lat,long">
            <value>13.1721341100.9318402</value>
          </Data>
        </ExtendedData>
        <Point>
          <coordinates>
            100.9318402,13.1721341,0
          </coordinates>
        </Point>
      </Placemark>
      <Placemark>
        <name>PEA VOLTA สังขละบุรี</name>
        <description><![CDATA[จังหวัด: กาญจนบุรี<br>ที่อยู่: ตำบลหนองลู อำเภอสังขละบุรี จังหวัดกาญจนบุรี 71240<br>เวลาทำการ: 00.00 น. - 24.00 น.<br>Latitude:: 15.15487<br>Longitude:: 98.45973<br>Lat,long: 15.1548798.45973]]></description>
        <styleUrl>#icon-ci-2-labelson</styleUrl>
        <ExtendedData>
          <Data name="จังหวัด">
            <value>กาญจนบุรี</value>
          </Data>
          <Data name="ที่อยู่">
            <value>ตำบลหนองลู อำเภอสังขละบุรี จังหวัดกาญจนบุรี 71240</value>
          </Data>
          <Data name="เวลาทำการ">
            <value>00.00 น. - 24.00 น.</value>
          </Data>
          <Data name="Latitude:">
            <value>15.15487</value>
          </Data>
          <Data name="Longitude:">
            <value>98.45973</value>
          </Data>
          <Data name="Lat,long">
            <value>15.1548798.45973</value>
          </Data>
        </ExtendedData>
        <Point>
          <coordinates>
            98.45973,15.15487,0
          </coordinates>
        </Point>
      </Placemark>
      <Placemark>
        <name>PEA VOLTA ทองผาภูมิ</name>
        <description><![CDATA[จังหวัด: กาญจนบุรี<br>ที่อยู่: 160/6 หมู่ที่ 1 ตำบลท่าขนุน อำเภอทองผาภูมิ จังหวัดกาจนบุรี 71180<br>เวลาทำการ: 00.00 น. - 24.00 น.<br>Latitude:: 14.74988636<br>Longitude:: 98.6236326<br>Lat,long: 14.7498863698.6236326]]></description>
        <styleUrl>#icon-ci-2-labelson</styleUrl>
        <ExtendedData>
          <Data name="จังหวัด">
            <value>กาญจนบุรี</value>
          </Data>
          <Data name="ที่อยู่">
            <value>160/6 หมู่ที่ 1 ตำบลท่าขนุน อำเภอทองผาภูมิ จังหวัดกาจนบุรี 71180</value>
          </Data>
          <Data name="เวลาทำการ">
            <value>00.00 น. - 24.00 น.</value>
          </Data>
          <Data name="Latitude:">
            <value>14.74988636</value>
          </Data>
          <Data name="Longitude:">
            <value>98.6236326</value>
          </Data>
          <Data name="Lat,long">
            <value>14.7498863698.6236326</value>
          </Data>
        </ExtendedData>
        <Point>
          <coordinates>
            98.6236326,14.74988636,0
          </coordinates>
        </Point>
      </Placemark>
      <Placemark>
        <name>PEA VOLTA เสนา</name>
        <description><![CDATA[จังหวัด: พระนครศรีอยุธยา<br>ที่อยู่: ตำบล บางนมโค วิเชียรบุรี, จังหวัดพระนครศรีอยุธยา 13110<br>เวลาทำการ: 00.00 น. - 24.00 น.<br>Latitude:: 14.32759704<br>Longitude:: 100.4044586<br>Lat,long: 14.327597041632100.404458603428]]></description>
        <styleUrl>#icon-ci-2-labelson</styleUrl>
        <ExtendedData>
          <Data name="จังหวัด">
            <value>พระนครศรีอยุธยา</value>
          </Data>
          <Data name="ที่อยู่">
            <value>ตำบล บางนมโค วิเชียรบุรี, จังหวัดพระนครศรีอยุธยา 13110</value>
          </Data>
          <Data name="เวลาทำการ">
            <value>00.00 น. - 24.00 น.</value>
          </Data>
          <Data name="Latitude:">
            <value>14.32759704</value>
          </Data>
          <Data name="Longitude:">
            <value>100.4044586</value>
          </Data>
          <Data name="Lat,long">
            <value>14.327597041632100.404458603428</value>
          </Data>
        </ExtendedData>
        <Point>
          <coordinates>
            100.4044586,14.32759704,0
          </coordinates>
        </Point>
      </Placemark>
      <Placemark>
        <name>PEA VOLTA ศรีมหาโพธิ</name>
        <description><![CDATA[จังหวัด: ปราจีนบุรี<br>ที่อยู่: หมู่ที่ 9 145 ตำบล ศรีมหาโพธิ อำเภอศรีมหาโพธิ ปราจีนบุรี 25140<br>เวลาทำการ: 00.00 น. - 24.00 น.<br>Latitude:: 13.94896951<br>Longitude:: 101.5123592<br>Lat,long: 13.9489695144173101.512359210707]]></description>
        <styleUrl>#icon-ci-2-labelson</styleUrl>
        <ExtendedData>
          <Data name="จังหวัด">
            <value>ปราจีนบุรี</value>
          </Data>
          <Data name="ที่อยู่">
            <value>หมู่ที่ 9 145 ตำบล ศรีมหาโพธิ อำเภอศรีมหาโพธิ ปราจีนบุรี 25140</value>
          </Data>
          <Data name="เวลาทำการ">
            <value>00.00 น. - 24.00 น.</value>
          </Data>
          <Data name="Latitude:">
            <value>13.94896951</value>
          </Data>
          <Data name="Longitude:">
            <value>101.5123592</value>
          </Data>
          <Data name="Lat,long">
            <value>13.9489695144173101.512359210707</value>
          </Data>
        </ExtendedData>
        <Point>
          <coordinates>
            101.5123592,13.94896951,0
          </coordinates>
        </Point>
      </Placemark>
      <Placemark>
        <name>PEA VOLTA บึง</name>
        <description><![CDATA[จังหวัด: ชลบุรี<br>ที่อยู่: บึง อำเภอศรีราชา ชลบุรี 20230<br>เวลาทำการ: 00.00 น. - 24.00 น.<br>Latitude:: 13.07476896<br>Longitude:: 101.022504<br>Lat,long: 13.0747689598167101.022504036121]]></description>
        <styleUrl>#icon-ci-2-labelson</styleUrl>
        <ExtendedData>
          <Data name="จังหวัด">
            <value>ชลบุรี</value>
          </Data>
          <Data name="ที่อยู่">
            <value>บึง อำเภอศรีราชา ชลบุรี 20230</value>
          </Data>
          <Data name="เวลาทำการ">
            <value>00.00 น. - 24.00 น.</value>
          </Data>
          <Data name="Latitude:">
            <value>13.07476896</value>
          </Data>
          <Data name="Longitude:">
            <value>101.022504</value>
          </Data>
          <Data name="Lat,long">
            <value>13.0747689598167101.022504036121</value>
          </Data>
        </ExtendedData>
        <Point>
          <coordinates>
            101.022504,13.07476896,0
          </coordinates>
        </Point>
      </Placemark>
      <Placemark>
        <name>PEA VOLTA แกลง</name>
        <description><![CDATA[จังหวัด: ระยอง<br>ที่อยู่: ตำบลทุ่งควายกิน อำเภอแกลง ระยอง 21110<br>เวลาทำการ: 00.00 น. - 24.00 น.<br>Latitude:: 12.783078<br>Longitude:: 101.687895<br>Lat,long: 12.783078101.687895]]></description>
        <styleUrl>#icon-ci-2-labelson</styleUrl>
        <ExtendedData>
          <Data name="จังหวัด">
            <value>ระยอง</value>
          </Data>
          <Data name="ที่อยู่">
            <value>ตำบลทุ่งควายกิน อำเภอแกลง ระยอง 21110</value>
          </Data>
          <Data name="เวลาทำการ">
            <value>00.00 น. - 24.00 น.</value>
          </Data>
          <Data name="Latitude:">
            <value>12.783078</value>
          </Data>
          <Data name="Longitude:">
            <value>101.687895</value>
          </Data>
          <Data name="Lat,long">
            <value>12.783078101.687895</value>
          </Data>
        </ExtendedData>
        <Point>
          <coordinates>
            101.687895,12.783078,0
          </coordinates>
        </Point>
      </Placemark>
      <Placemark>
        <name>PEA VOLTA บางปะกง</name>
        <description><![CDATA[จังหวัด: ฉะเชิงเทรา<br>ที่อยู่: ตำบล บางปะกง อำเภอบางปะกง ฉะเชิงเทรา 24130<br>เวลาทำการ: 00.00 น. - 24.00 น.<br>Latitude:: 13.503372<br>Longitude:: 100.994007<br>Lat,long: 13.503372100.994007]]></description>
        <styleUrl>#icon-ci-2-labelson</styleUrl>
        <ExtendedData>
          <Data name="จังหวัด">
            <value>ฉะเชิงเทรา</value>
          </Data>
          <Data name="ที่อยู่">
            <value>ตำบล บางปะกง อำเภอบางปะกง ฉะเชิงเทรา 24130</value>
          </Data>
          <Data name="เวลาทำการ">
            <value>00.00 น. - 24.00 น.</value>
          </Data>
          <Data name="Latitude:">
            <value>13.503372</value>
          </Data>
          <Data name="Longitude:">
            <value>100.994007</value>
          </Data>
          <Data name="Lat,long">
            <value>13.503372100.994007</value>
          </Data>
        </ExtendedData>
        <Point>
          <coordinates>
            100.994007,13.503372,0
          </coordinates>
        </Point>
      </Placemark>
      <Placemark>
        <name>PEA VOLTA บ่อทอง</name>
        <description><![CDATA[จังหวัด: ชลบุรี<br>ที่อยู่: 268 ตำบล บ่อทอง อำเภอบ่อทอง ชลบุรี 20270<br>เวลาทำการ: 00.00 น. - 24.00 น.<br>Latitude:: 13.265381<br>Longitude:: 101.437952<br>Lat,long: 13.265381101.437952]]></description>
        <styleUrl>#icon-ci-2-labelson</styleUrl>
        <ExtendedData>
          <Data name="จังหวัด">
            <value>ชลบุรี</value>
          </Data>
          <Data name="ที่อยู่">
            <value>268 ตำบล บ่อทอง อำเภอบ่อทอง ชลบุรี 20270</value>
          </Data>
          <Data name="เวลาทำการ">
            <value>00.00 น. - 24.00 น.</value>
          </Data>
          <Data name="Latitude:">
            <value>13.265381</value>
          </Data>
          <Data name="Longitude:">
            <value>101.437952</value>
          </Data>
          <Data name="Lat,long">
            <value>13.265381101.437952</value>
          </Data>
        </ExtendedData>
        <Point>
          <coordinates>
            101.437952,13.265381,0
          </coordinates>
        </Point>
      </Placemark>
      <Placemark>
        <name>PEA VOLTA พานทอง</name>
        <description><![CDATA[จังหวัด: ชลบุรี<br>ที่อยู่: 1 ตำบล พานทอง อำเภอพานทอง ชลบุรี 20160<br>เวลาทำการ: 00.00 น. - 24.00 น.<br>Latitude:: 13.47108994<br>Longitude:: 101.0956085<br>Lat,long: 13.4710899364227101.09560854897]]></description>
        <styleUrl>#icon-ci-2-labelson</styleUrl>
        <ExtendedData>
          <Data name="จังหวัด">
            <value>ชลบุรี</value>
          </Data>
          <Data name="ที่อยู่">
            <value>1 ตำบล พานทอง อำเภอพานทอง ชลบุรี 20160</value>
          </Data>
          <Data name="เวลาทำการ">
            <value>00.00 น. - 24.00 น.</value>
          </Data>
          <Data name="Latitude:">
            <value>13.47108994</value>
          </Data>
          <Data name="Longitude:">
            <value>101.0956085</value>
          </Data>
          <Data name="Lat,long">
            <value>13.4710899364227101.09560854897</value>
          </Data>
        </ExtendedData>
        <Point>
          <coordinates>
            101.0956085,13.47108994,0
          </coordinates>
        </Point>
      </Placemark>
      <Placemark>
        <name>PEA VOLTA โคกขาม</name>
        <description><![CDATA[จังหวัด: สมุทรสาคร<br>ที่อยู่: ตำบล โคกขาม อำเภอเมืองสมุทรสาคร สมุทรสาคร 74000<br>เวลาทำการ: 00.00 น. - 24.00 น.<br>Latitude:: 13.55939<br>Longitude:: 100.31421<br>Lat,long: 13.55939100.31421]]></description>
        <styleUrl>#icon-ci-2-labelson</styleUrl>
        <ExtendedData>
          <Data name="จังหวัด">
            <value>สมุทรสาคร</value>
          </Data>
          <Data name="ที่อยู่">
            <value>ตำบล โคกขาม อำเภอเมืองสมุทรสาคร สมุทรสาคร 74000</value>
          </Data>
          <Data name="เวลาทำการ">
            <value>00.00 น. - 24.00 น.</value>
          </Data>
          <Data name="Latitude:">
            <value>13.55939</value>
          </Data>
          <Data name="Longitude:">
            <value>100.31421</value>
          </Data>
          <Data name="Lat,long">
            <value>13.55939100.31421</value>
          </Data>
        </ExtendedData>
        <Point>
          <coordinates>
            100.31421,13.55939,0
          </coordinates>
        </Point>
      </Placemark>
      <Placemark>
        <name>PEA VOLTA สามชุก</name>
        <description><![CDATA[จังหวัด: สุพรรณบุรี<br>ที่อยู่: ตำบล สามชุก อำเภอสามชุก สุพรรณบุรี 72130<br>เวลาทำการ: 00.00 น. - 24.00 น.<br>Latitude:: 14.75394<br>Longitude:: 100.09742<br>Lat,long: 14.75394100.09742]]></description>
        <styleUrl>#icon-ci-2-labelson</styleUrl>
        <ExtendedData>
          <Data name="จังหวัด">
            <value>สุพรรณบุรี</value>
          </Data>
          <Data name="ที่อยู่">
            <value>ตำบล สามชุก อำเภอสามชุก สุพรรณบุรี 72130</value>
          </Data>
          <Data name="เวลาทำการ">
            <value>00.00 น. - 24.00 น.</value>
          </Data>
          <Data name="Latitude:">
            <value>14.75394</value>
          </Data>
          <Data name="Longitude:">
            <value>100.09742</value>
          </Data>
          <Data name="Lat,long">
            <value>14.75394100.09742</value>
          </Data>
        </ExtendedData>
        <Point>
          <coordinates>
            100.09742,14.75394,0
          </coordinates>
        </Point>
      </Placemark>
      <Placemark>
        <name>PEA VOLTA ปากน้ำชุมพร</name>
        <description><![CDATA[จังหวัด: ชุมพร<br>ที่อยู่: 339/44, 86120, ตำบล ปากน้ำ อำเภอเมืองชุมพร ชุมพร 86120<br>เวลาทำการ: 00.00 น. - 24.00 น.<br>Latitude:: 10.4283<br>Longitude:: 99.242<br>Lat,long: 10.428399.242]]></description>
        <styleUrl>#icon-ci-2-labelson</styleUrl>
        <ExtendedData>
          <Data name="จังหวัด">
            <value>ชุมพร</value>
          </Data>
          <Data name="ที่อยู่">
            <value>339/44, 86120, ตำบล ปากน้ำ อำเภอเมืองชุมพร ชุมพร 86120</value>
          </Data>
          <Data name="เวลาทำการ">
            <value>00.00 น. - 24.00 น.</value>
          </Data>
          <Data name="Latitude:">
            <value>10.4283</value>
          </Data>
          <Data name="Longitude:">
            <value>99.242</value>
          </Data>
          <Data name="Lat,long">
            <value>10.428399.242</value>
          </Data>
        </ExtendedData>
        <Point>
          <coordinates>
            99.242,10.4283,0
          </coordinates>
        </Point>
      </Placemark>
      <Placemark>
        <name>PEA VOLTA ดำเนินสะดวก</name>
        <description><![CDATA[จังหวัด: ราชบุรี<br>ที่อยู่: ตำบล ดำเนินสะดวก อำเภอดำเนินสะดวก ราชบุรี 70130<br>เวลาทำการ: 00.00 น. - 24.00 น.<br>Latitude:: 13.52294453<br>Longitude:: 99.96326824<br>Lat,long: 13.522944528796799.9632682398856]]></description>
        <styleUrl>#icon-ci-2-labelson</styleUrl>
        <ExtendedData>
          <Data name="จังหวัด">
            <value>ราชบุรี</value>
          </Data>
          <Data name="ที่อยู่">
            <value>ตำบล ดำเนินสะดวก อำเภอดำเนินสะดวก ราชบุรี 70130</value>
          </Data>
          <Data name="เวลาทำการ">
            <value>00.00 น. - 24.00 น.</value>
          </Data>
          <Data name="Latitude:">
            <value>13.52294453</value>
          </Data>
          <Data name="Longitude:">
            <value>99.96326824</value>
          </Data>
          <Data name="Lat,long">
            <value>13.522944528796799.9632682398856</value>
          </Data>
        </ExtendedData>
        <Point>
          <coordinates>
            99.96326824,13.52294453,0
          </coordinates>
        </Point>
      </Placemark>
      <Placemark>
        <name>PEA VOLTA เพ</name>
        <description><![CDATA[จังหวัด: ระยอง<br>ที่อยู่: ซอย 1/2 ตำบลเพ อำเภอเมืองระยอง ระยอง 21160<br>เวลาทำการ: 00.00 น. - 24.00 น.<br>Latitude:: 12.623221<br>Longitude:: 101.425854<br>Lat,long: 12.623221101.425854]]></description>
        <styleUrl>#icon-ci-2-labelson</styleUrl>
        <ExtendedData>
          <Data name="จังหวัด">
            <value>ระยอง</value>
          </Data>
          <Data name="ที่อยู่">
            <value>ซอย 1/2 ตำบลเพ อำเภอเมืองระยอง ระยอง 21160</value>
          </Data>
          <Data name="เวลาทำการ">
            <value>00.00 น. - 24.00 น.</value>
          </Data>
          <Data name="Latitude:">
            <value>12.623221</value>
          </Data>
          <Data name="Longitude:">
            <value>101.425854</value>
          </Data>
          <Data name="Lat,long">
            <value>12.623221101.425854</value>
          </Data>
        </ExtendedData>
        <Point>
          <coordinates>
            101.425854,12.623221,0
          </coordinates>
        </Point>
      </Placemark>
      <Placemark>
        <name>PEA VOLTA บ้านแพง</name>
        <description><![CDATA[จังหวัด: นครพนม<br>ที่อยู่: ตำบล บ้านแพง อำเภอ บ้านแพง นครพนม 48140<br>เวลาทำการ: 00.00 น. - 24.00 น.<br>Latitude:: 17.97114197<br>Longitude:: 104.2137863<br>Lat,long: 17.97114197104.2137863]]></description>
        <styleUrl>#icon-ci-2-labelson</styleUrl>
        <ExtendedData>
          <Data name="จังหวัด">
            <value>นครพนม</value>
          </Data>
          <Data name="ที่อยู่">
            <value>ตำบล บ้านแพง อำเภอ บ้านแพง นครพนม 48140</value>
          </Data>
          <Data name="เวลาทำการ">
            <value>00.00 น. - 24.00 น.</value>
          </Data>
          <Data name="Latitude:">
            <value>17.97114197</value>
          </Data>
          <Data name="Longitude:">
            <value>104.2137863</value>
          </Data>
          <Data name="Lat,long">
            <value>17.97114197104.2137863</value>
          </Data>
        </ExtendedData>
        <Point>
          <coordinates>
            104.2137863,17.97114197,0
          </coordinates>
        </Point>
      </Placemark>
      <Placemark>
        <name>PEA VOLTA ชุมแพ</name>
        <description><![CDATA[จังหวัด: ขอนแก่น<br>ที่อยู่: ตำบล ชุมแพ อำเภอชุมแพ ขอนแก่น 40130<br>เวลาทำการ: 00.00 น. - 24.00 น.<br>Latitude:: 16.5506598<br>Longitude:: 102.085433<br>Lat,long: 16.5506598102.085433]]></description>
        <styleUrl>#icon-ci-2-labelson</styleUrl>
        <ExtendedData>
          <Data name="จังหวัด">
            <value>ขอนแก่น</value>
          </Data>
          <Data name="ที่อยู่">
            <value>ตำบล ชุมแพ อำเภอชุมแพ ขอนแก่น 40130</value>
          </Data>
          <Data name="เวลาทำการ">
            <value>00.00 น. - 24.00 น.</value>
          </Data>
          <Data name="Latitude:">
            <value>16.5506598</value>
          </Data>
          <Data name="Longitude:">
            <value>102.085433</value>
          </Data>
          <Data name="Lat,long">
            <value>16.5506598102.085433</value>
          </Data>
        </ExtendedData>
        <Point>
          <coordinates>
            102.085433,16.5506598,0
          </coordinates>
        </Point>
      </Placemark>
      <Placemark>
        <name>PEA VOLTA วังสะพุง</name>
        <description><![CDATA[จังหวัด: เลย<br>ที่อยู่: ตำบล เขาหลวง อำเภอวังสะพุง เลย 42130<br>เวลาทำการ: 00.00 น. - 24.00 น.<br>Latitude:: 17.3382918<br>Longitude:: 101.7553409<br>Lat,long: 17.3382918101.7553409]]></description>
        <styleUrl>#icon-ci-2-labelson</styleUrl>
        <ExtendedData>
          <Data name="จังหวัด">
            <value>เลย</value>
          </Data>
          <Data name="ที่อยู่">
            <value>ตำบล เขาหลวง อำเภอวังสะพุง เลย 42130</value>
          </Data>
          <Data name="เวลาทำการ">
            <value>00.00 น. - 24.00 น.</value>
          </Data>
          <Data name="Latitude:">
            <value>17.3382918</value>
          </Data>
          <Data name="Longitude:">
            <value>101.7553409</value>
          </Data>
          <Data name="Lat,long">
            <value>17.3382918101.7553409</value>
          </Data>
        </ExtendedData>
        <Point>
          <coordinates>
            101.7553409,17.3382918,0
          </coordinates>
        </Point>
      </Placemark>
      <Placemark>
        <name>PEA VOLTA ปักธงชัย</name>
        <description><![CDATA[จังหวัด: นครราชสีมา<br>ที่อยู่: ตำบลเมืองปัก อำเภอปักธงชัย นครราชสีมา 30150<br>เวลาทำการ: 00.00 น. - 24.00 น.<br>Latitude:: 14.73452838<br>Longitude:: 102.0297886<br>Lat,long: 14.73452838102.0297886]]></description>
        <styleUrl>#icon-ci-2-labelson</styleUrl>
        <ExtendedData>
          <Data name="จังหวัด">
            <value>นครราชสีมา</value>
          </Data>
          <Data name="ที่อยู่">
            <value>ตำบลเมืองปัก อำเภอปักธงชัย นครราชสีมา 30150</value>
          </Data>
          <Data name="เวลาทำการ">
            <value>00.00 น. - 24.00 น.</value>
          </Data>
          <Data name="Latitude:">
            <value>14.73452838</value>
          </Data>
          <Data name="Longitude:">
            <value>102.0297886</value>
          </Data>
          <Data name="Lat,long">
            <value>14.73452838102.0297886</value>
          </Data>
        </ExtendedData>
        <Point>
          <coordinates>
            102.0297886,14.73452838,0
          </coordinates>
        </Point>
      </Placemark>
      <Placemark>
        <name>PEA VOLTA นครราชสีมา</name>
        <description><![CDATA[จังหวัด: นครราชสีมา<br>ที่อยู่: ตำบลในเมือง อำเภอเมืองนครราชสีมา นครราชสีมา 30000<br>เวลาทำการ: 00.00 น. - 24.00 น.<br>Latitude:: 14.97431<br>Longitude:: 102.0832698<br>Lat,long: 14.97431102.0832698]]></description>
        <styleUrl>#icon-ci-2-labelson</styleUrl>
        <ExtendedData>
          <Data name="จังหวัด">
            <value>นครราชสีมา</value>
          </Data>
          <Data name="ที่อยู่">
            <value>ตำบลในเมือง อำเภอเมืองนครราชสีมา นครราชสีมา 30000</value>
          </Data>
          <Data name="เวลาทำการ">
            <value>00.00 น. - 24.00 น.</value>
          </Data>
          <Data name="Latitude:">
            <value>14.97431</value>
          </Data>
          <Data name="Longitude:">
            <value>102.0832698</value>
          </Data>
          <Data name="Lat,long">
            <value>14.97431102.0832698</value>
          </Data>
        </ExtendedData>
        <Point>
          <coordinates>
            102.0832698,14.97431,0
          </coordinates>
        </Point>
      </Placemark>
      <Placemark>
        <name>PEA VOLTA หนองแค</name>
        <description><![CDATA[จังหวัด: สระบุรี<br>ที่อยู่: ตำบล หนองปลาหมอ อำเภอหนองแค สระบุรี 18140<br>เวลาทำการ: 00.00 น. - 24.00 น.<br>Latitude:: 14.35077883<br>Longitude:: 100.8550583<br>Lat,long: 14.35077883100.8550583]]></description>
        <styleUrl>#icon-ci-2-labelson</styleUrl>
        <ExtendedData>
          <Data name="จังหวัด">
            <value>สระบุรี</value>
          </Data>
          <Data name="ที่อยู่">
            <value>ตำบล หนองปลาหมอ อำเภอหนองแค สระบุรี 18140</value>
          </Data>
          <Data name="เวลาทำการ">
            <value>00.00 น. - 24.00 น.</value>
          </Data>
          <Data name="Latitude:">
            <value>14.35077883</value>
          </Data>
          <Data name="Longitude:">
            <value>100.8550583</value>
          </Data>
          <Data name="Lat,long">
            <value>14.35077883100.8550583</value>
          </Data>
        </ExtendedData>
        <Point>
          <coordinates>
            100.8550583,14.35077883,0
          </coordinates>
        </Point>
      </Placemark>
      <Placemark>
        <name>PEA VOLTA ปราจีนบุรี</name>
        <description><![CDATA[จังหวัด: ปราจีนบุรี<br>ที่อยู่: ตำบลหน้าเมือง อำเภอเมืองปราจีนบุรี ปราจีนบุรี 25000<br>เวลาทำการ: 00.00 น. - 24.00 น.<br>Latitude:: 14.05460987<br>Longitude:: 101.3550161<br>Lat,long: 14.05460987101.3550161]]></description>
        <styleUrl>#icon-ci-2-labelson</styleUrl>
        <ExtendedData>
          <Data name="จังหวัด">
            <value>ปราจีนบุรี</value>
          </Data>
          <Data name="ที่อยู่">
            <value>ตำบลหน้าเมือง อำเภอเมืองปราจีนบุรี ปราจีนบุรี 25000</value>
          </Data>
          <Data name="เวลาทำการ">
            <value>00.00 น. - 24.00 น.</value>
          </Data>
          <Data name="Latitude:">
            <value>14.05460987</value>
          </Data>
          <Data name="Longitude:">
            <value>101.3550161</value>
          </Data>
          <Data name="Lat,long">
            <value>14.05460987101.3550161</value>
          </Data>
        </ExtendedData>
        <Point>
          <coordinates>
            101.3550161,14.05460987,0
          </coordinates>
        </Point>
      </Placemark>
      <Placemark>
        <name>PEA VOLTA บางปะอิน</name>
        <description><![CDATA[จังหวัด: พระนครศรีอยุธยา<br>ที่อยู่: 308 ตำบล คลองจิก อำเภอบางปะอิน จังหวัดพระนครศรีอยุธยา 13160<br>เวลาทำการ: 00.00 น. - 24.00 น.<br>Latitude:: 14.21481565<br>Longitude:: 100.5865018<br>Lat,long: 14.21481565100.5865018]]></description>
        <styleUrl>#icon-ci-2-labelson</styleUrl>
        <ExtendedData>
          <Data name="จังหวัด">
            <value>พระนครศรีอยุธยา</value>
          </Data>
          <Data name="ที่อยู่">
            <value>308 ตำบล คลองจิก อำเภอบางปะอิน จังหวัดพระนครศรีอยุธยา 13160</value>
          </Data>
          <Data name="เวลาทำการ">
            <value>00.00 น. - 24.00 น.</value>
          </Data>
          <Data name="Latitude:">
            <value>14.21481565</value>
          </Data>
          <Data name="Longitude:">
            <value>100.5865018</value>
          </Data>
          <Data name="Lat,long">
            <value>14.21481565100.5865018</value>
          </Data>
        </ExtendedData>
        <Point>
          <coordinates>
            100.5865018,14.21481565,0
          </coordinates>
        </Point>
      </Placemark>
      <Placemark>
        <name>PEA VOLTA วังน้อย</name>
        <description><![CDATA[จังหวัด: พระนครศรีอยุธยา<br>ที่อยู่: ตำบล ลำตาเสา อำเภอวังน้อย จังหวัดพระนครศรีอยุธยา 13170<br>เวลาทำการ: 00.00 น. - 24.00 น.<br>Latitude:: 14.24973948<br>Longitude:: 100.7037339<br>Lat,long: 14.24973948100.7037339]]></description>
        <styleUrl>#icon-ci-2-labelson</styleUrl>
        <ExtendedData>
          <Data name="จังหวัด">
            <value>พระนครศรีอยุธยา</value>
          </Data>
          <Data name="ที่อยู่">
            <value>ตำบล ลำตาเสา อำเภอวังน้อย จังหวัดพระนครศรีอยุธยา 13170</value>
          </Data>
          <Data name="เวลาทำการ">
            <value>00.00 น. - 24.00 น.</value>
          </Data>
          <Data name="Latitude:">
            <value>14.24973948</value>
          </Data>
          <Data name="Longitude:">
            <value>100.7037339</value>
          </Data>
          <Data name="Lat,long">
            <value>14.24973948100.7037339</value>
          </Data>
        </ExtendedData>
        <Point>
          <coordinates>
            100.7037339,14.24973948,0
          </coordinates>
        </Point>
      </Placemark>
      <Placemark>
        <name>PEA VOLTA ปทุมธานี</name>
        <description><![CDATA[จังหวัด: ปทุมธานี<br>ที่อยู่: ตำบล บางปรอก อำเภอเมืองปทุมธานี ปทุมธานี 12000<br>เวลาทำการ: 00.00 น. - 24.00 น.<br>Latitude:: 14.02238574<br>Longitude:: 100.5274131<br>Lat,long: 14.02238574100.5274131]]></description>
        <styleUrl>#icon-ci-2-labelson</styleUrl>
        <ExtendedData>
          <Data name="จังหวัด">
            <value>ปทุมธานี</value>
          </Data>
          <Data name="ที่อยู่">
            <value>ตำบล บางปรอก อำเภอเมืองปทุมธานี ปทุมธานี 12000</value>
          </Data>
          <Data name="เวลาทำการ">
            <value>00.00 น. - 24.00 น.</value>
          </Data>
          <Data name="Latitude:">
            <value>14.02238574</value>
          </Data>
          <Data name="Longitude:">
            <value>100.5274131</value>
          </Data>
          <Data name="Lat,long">
            <value>14.02238574100.5274131</value>
          </Data>
        </ExtendedData>
        <Point>
          <coordinates>
            100.5274131,14.02238574,0
          </coordinates>
        </Point>
      </Placemark>
      <Placemark>
        <name>PEA VOLTA สระบุรี</name>
        <description><![CDATA[จังหวัด: สระบุรี<br>ที่อยู่: ตำบล ปากเพรียว อำเภอเมืองสระบุรี สระบุรี 18000<br>เวลาทำการ: 00.00 น. - 24.00 น.<br>Latitude:: 14.53824284<br>Longitude:: 100.910119<br>Lat,long: 14.53824284100.910119]]></description>
        <styleUrl>#icon-ci-2-labelson</styleUrl>
        <ExtendedData>
          <Data name="จังหวัด">
            <value>สระบุรี</value>
          </Data>
          <Data name="ที่อยู่">
            <value>ตำบล ปากเพรียว อำเภอเมืองสระบุรี สระบุรี 18000</value>
          </Data>
          <Data name="เวลาทำการ">
            <value>00.00 น. - 24.00 น.</value>
          </Data>
          <Data name="Latitude:">
            <value>14.53824284</value>
          </Data>
          <Data name="Longitude:">
            <value>100.910119</value>
          </Data>
          <Data name="Lat,long">
            <value>14.53824284100.910119</value>
          </Data>
        </ExtendedData>
        <Point>
          <coordinates>
            100.910119,14.53824284,0
          </coordinates>
        </Point>
      </Placemark>
      <Placemark>
        <name>PEA VOLTA บางแสน</name>
        <description><![CDATA[จังหวัด: ชลบุรี<br>ที่อยู่: ถนนบางแสนสาย 2, ตำบลแสนสุข อำเภอเมืองชลบุรี ชลบุรี 20130<br>เวลาทำการ: 00.00 น. - 24.00 น.<br>Latitude:: 13.290496<br>Longitude:: 100.913077<br>Lat,long: 13.290496100.913077]]></description>
        <styleUrl>#icon-ci-2-labelson</styleUrl>
        <ExtendedData>
          <Data name="จังหวัด">
            <value>ชลบุรี</value>
          </Data>
          <Data name="ที่อยู่">
            <value>ถนนบางแสนสาย 2, ตำบลแสนสุข อำเภอเมืองชลบุรี ชลบุรี 20130</value>
          </Data>
          <Data name="เวลาทำการ">
            <value>00.00 น. - 24.00 น.</value>
          </Data>
          <Data name="Latitude:">
            <value>13.290496</value>
          </Data>
          <Data name="Longitude:">
            <value>100.913077</value>
          </Data>
          <Data name="Lat,long">
            <value>13.290496100.913077</value>
          </Data>
        </ExtendedData>
        <Point>
          <coordinates>
            100.913077,13.290496,0
          </coordinates>
        </Point>
      </Placemark>
      <Placemark>
        <name>PEA VOLTA พนัสนิคม</name>
        <description><![CDATA[จังหวัด: ชลบุรี<br>ที่อยู่: ตำบล บ้านช้าง อำเภอพนัสนิคม ชลบุรี 20140<br>เวลาทำการ: 00.00 น. - 24.00 น.<br>Latitude:: 13.455861<br>Longitude:: 101.196295<br>Lat,long: 13.455861101.196295]]></description>
        <styleUrl>#icon-ci-2-labelson</styleUrl>
        <ExtendedData>
          <Data name="จังหวัด">
            <value>ชลบุรี</value>
          </Data>
          <Data name="ที่อยู่">
            <value>ตำบล บ้านช้าง อำเภอพนัสนิคม ชลบุรี 20140</value>
          </Data>
          <Data name="เวลาทำการ">
            <value>00.00 น. - 24.00 น.</value>
          </Data>
          <Data name="Latitude:">
            <value>13.455861</value>
          </Data>
          <Data name="Longitude:">
            <value>101.196295</value>
          </Data>
          <Data name="Lat,long">
            <value>13.455861101.196295</value>
          </Data>
        </ExtendedData>
        <Point>
          <coordinates>
            101.196295,13.455861,0
          </coordinates>
        </Point>
      </Placemark>
      <Placemark>
        <name>PEA VOLTA ระยอง</name>
        <description><![CDATA[จังหวัด: ระยอง<br>ที่อยู่: 143 หมู่ 2 ถ. สุขุมวิท ตำบลเนินพระ อำเภอเมืองระยอง ระยอง 21000<br>เวลาทำการ: 00.00 น. - 24.00 น.<br>Latitude:: 12.68333139<br>Longitude:: 101.2239279<br>Lat,long: 12.68333139101.2239279]]></description>
        <styleUrl>#icon-ci-2-labelson</styleUrl>
        <ExtendedData>
          <Data name="จังหวัด">
            <value>ระยอง</value>
          </Data>
          <Data name="ที่อยู่">
            <value>143 หมู่ 2 ถ. สุขุมวิท ตำบลเนินพระ อำเภอเมืองระยอง ระยอง 21000</value>
          </Data>
          <Data name="เวลาทำการ">
            <value>00.00 น. - 24.00 น.</value>
          </Data>
          <Data name="Latitude:">
            <value>12.68333139</value>
          </Data>
          <Data name="Longitude:">
            <value>101.2239279</value>
          </Data>
          <Data name="Lat,long">
            <value>12.68333139101.2239279</value>
          </Data>
        </ExtendedData>
        <Point>
          <coordinates>
            101.2239279,12.68333139,0
          </coordinates>
        </Point>
      </Placemark>
      <Placemark>
        <name>PEA VOLTA โพนพิสัย</name>
        <description><![CDATA[จังหวัด: หนองคาย<br>ที่อยู่: ตำบล จุมพล อำเภอ โพนพิสัย หนองคาย 43120<br>เวลาทำการ: 00.00 น. - 24.00 น.<br>Latitude:: 18.02516626<br>Longitude:: 103.1036771<br>Lat,long: 18.02516626103.1036771]]></description>
        <styleUrl>#icon-ci-2-labelson</styleUrl>
        <ExtendedData>
          <Data name="จังหวัด">
            <value>หนองคาย</value>
          </Data>
          <Data name="ที่อยู่">
            <value>ตำบล จุมพล อำเภอ โพนพิสัย หนองคาย 43120</value>
          </Data>
          <Data name="เวลาทำการ">
            <value>00.00 น. - 24.00 น.</value>
          </Data>
          <Data name="Latitude:">
            <value>18.02516626</value>
          </Data>
          <Data name="Longitude:">
            <value>103.1036771</value>
          </Data>
          <Data name="Lat,long">
            <value>18.02516626103.1036771</value>
          </Data>
        </ExtendedData>
        <Point>
          <coordinates>
            103.1036771,18.02516626,0
          </coordinates>
        </Point>
      </Placemark>
      <Placemark>
        <name>PEA VOLTA กบินทร์บุรี</name>
        <description><![CDATA[จังหวัด: ปราจีนบุรี<br>ที่อยู่: 28 3 ตำบล เมืองเก่า อำเภอกบินทร์บุรี ปราจีนบุรี 25240<br>เวลาทำการ: 00.00 น. - 24.00 น.<br>Latitude:: 13.9780549<br>Longitude:: 101.7520505<br>Lat,long: 13.9780549101.7520505]]></description>
        <styleUrl>#icon-ci-2-labelson</styleUrl>
        <ExtendedData>
          <Data name="จังหวัด">
            <value>ปราจีนบุรี</value>
          </Data>
          <Data name="ที่อยู่">
            <value>28 3 ตำบล เมืองเก่า อำเภอกบินทร์บุรี ปราจีนบุรี 25240</value>
          </Data>
          <Data name="เวลาทำการ">
            <value>00.00 น. - 24.00 น.</value>
          </Data>
          <Data name="Latitude:">
            <value>13.9780549</value>
          </Data>
          <Data name="Longitude:">
            <value>101.7520505</value>
          </Data>
          <Data name="Lat,long">
            <value>13.9780549101.7520505</value>
          </Data>
        </ExtendedData>
        <Point>
          <coordinates>
            101.7520505,13.9780549,0
          </coordinates>
        </Point>
      </Placemark>
      <Placemark>
        <name>PEA VOLTA ขลุง</name>
        <description><![CDATA[จังหวัด: จันทบุรี<br>ที่อยู่: 3 ตำบล ขลุง อำเภอ ขลุง จันทบุรี 22110<br>เวลาทำการ: 00.00 น. - 24.00 น.<br>Latitude:: 12.453096<br>Longitude:: 102.241953<br>Lat,long: 12.453096102.241953]]></description>
        <styleUrl>#icon-ci-2-labelson</styleUrl>
        <ExtendedData>
          <Data name="จังหวัด">
            <value>จันทบุรี</value>
          </Data>
          <Data name="ที่อยู่">
            <value>3 ตำบล ขลุง อำเภอ ขลุง จันทบุรี 22110</value>
          </Data>
          <Data name="เวลาทำการ">
            <value>00.00 น. - 24.00 น.</value>
          </Data>
          <Data name="Latitude:">
            <value>12.453096</value>
          </Data>
          <Data name="Longitude:">
            <value>102.241953</value>
          </Data>
          <Data name="Lat,long">
            <value>12.453096102.241953</value>
          </Data>
        </ExtendedData>
        <Point>
          <coordinates>
            102.241953,12.453096,0
          </coordinates>
        </Point>
      </Placemark>
      <Placemark>
        <name>PEA VOLTA บ้านค่าย</name>
        <description><![CDATA[จังหวัด: ระยอง<br>ที่อยู่: ตำบล บ้านค่าย อำเภอบ้านค่าย ระยอง 21120<br>เวลาทำการ: 00.00 น. - 24.00 น.<br>Latitude:: 12.77299712<br>Longitude:: 101.2939286<br>Lat,long: 12.77299712101.2939286]]></description>
        <styleUrl>#icon-ci-2-labelson</styleUrl>
        <ExtendedData>
          <Data name="จังหวัด">
            <value>ระยอง</value>
          </Data>
          <Data name="ที่อยู่">
            <value>ตำบล บ้านค่าย อำเภอบ้านค่าย ระยอง 21120</value>
          </Data>
          <Data name="เวลาทำการ">
            <value>00.00 น. - 24.00 น.</value>
          </Data>
          <Data name="Latitude:">
            <value>12.77299712</value>
          </Data>
          <Data name="Longitude:">
            <value>101.2939286</value>
          </Data>
          <Data name="Lat,long">
            <value>12.77299712101.2939286</value>
          </Data>
        </ExtendedData>
        <Point>
          <coordinates>
            101.2939286,12.77299712,0
          </coordinates>
        </Point>
      </Placemark>
      <Placemark>
        <name>PEA VOLTA มาบตาพุด</name>
        <description><![CDATA[จังหวัด: ระยอง<br>ที่อยู่: 18 ถนนมาบตาพุดเมืองใหม่สาย7 ตำบล ห้วยโป่ง อำเภอเมืองระยอง ระยอง 21150<br>เวลาทำการ: 00.00 น. - 24.00 น.<br>Latitude:: 12.722244<br>Longitude:: 101.128415<br>Lat,long: 12.722244101.128415]]></description>
        <styleUrl>#icon-ci-2-labelson</styleUrl>
        <ExtendedData>
          <Data name="จังหวัด">
            <value>ระยอง</value>
          </Data>
          <Data name="ที่อยู่">
            <value>18 ถนนมาบตาพุดเมืองใหม่สาย7 ตำบล ห้วยโป่ง อำเภอเมืองระยอง ระยอง 21150</value>
          </Data>
          <Data name="เวลาทำการ">
            <value>00.00 น. - 24.00 น.</value>
          </Data>
          <Data name="Latitude:">
            <value>12.722244</value>
          </Data>
          <Data name="Longitude:">
            <value>101.128415</value>
          </Data>
          <Data name="Lat,long">
            <value>12.722244101.128415</value>
          </Data>
        </ExtendedData>
        <Point>
          <coordinates>
            101.128415,12.722244,0
          </coordinates>
        </Point>
      </Placemark>
      <Placemark>
        <name>PEA VOLTA ปลวกแดง</name>
        <description><![CDATA[จังหวัด: ระยอง<br>ที่อยู่: ตำบล ปลวกแดง อำเภอปลวกแดง ระยอง 21140<br>เวลาทำการ: 00.00 น. - 24.00 น.<br>Latitude:: 12.97125765<br>Longitude:: 101.2136095<br>Lat,long: 12.97125765101.2136095]]></description>
        <styleUrl>#icon-ci-2-labelson</styleUrl>
        <ExtendedData>
          <Data name="จังหวัด">
            <value>ระยอง</value>
          </Data>
          <Data name="ที่อยู่">
            <value>ตำบล ปลวกแดง อำเภอปลวกแดง ระยอง 21140</value>
          </Data>
          <Data name="เวลาทำการ">
            <value>00.00 น. - 24.00 น.</value>
          </Data>
          <Data name="Latitude:">
            <value>12.97125765</value>
          </Data>
          <Data name="Longitude:">
            <value>101.2136095</value>
          </Data>
          <Data name="Lat,long">
            <value>12.97125765101.2136095</value>
          </Data>
        </ExtendedData>
        <Point>
          <coordinates>
            101.2136095,12.97125765,0
          </coordinates>
        </Point>
      </Placemark>
      <Placemark>
        <name>PEA VOLTA อ้อมน้อย</name>
        <description><![CDATA[จังหวัด: นครปฐม<br>ที่อยู่: 72 106 หมู่ที่ 9 ถ. พุทธมณฑลสาย 5 ตำบล ไร่ขิง อำเภอสามพราน นครปฐม 73210<br>เวลาทำการ: 00.00 น. - 24.00 น.<br>Latitude:: 13.72346038<br>Longitude:: 100.2979296<br>Lat,long: 13.72346038100.2979296]]></description>
        <styleUrl>#icon-ci-2-labelson</styleUrl>
        <ExtendedData>
          <Data name="จังหวัด">
            <value>นครปฐม</value>
          </Data>
          <Data name="ที่อยู่">
            <value>72 106 หมู่ที่ 9 ถ. พุทธมณฑลสาย 5 ตำบล ไร่ขิง อำเภอสามพราน นครปฐม 73210</value>
          </Data>
          <Data name="เวลาทำการ">
            <value>00.00 น. - 24.00 น.</value>
          </Data>
          <Data name="Latitude:">
            <value>13.72346038</value>
          </Data>
          <Data name="Longitude:">
            <value>100.2979296</value>
          </Data>
          <Data name="Lat,long">
            <value>13.72346038100.2979296</value>
          </Data>
        </ExtendedData>
        <Point>
          <coordinates>
            100.2979296,13.72346038,0
          </coordinates>
        </Point>
      </Placemark>
      <Placemark>
        <name>PEA VOLTA ปราณบุรี</name>
        <description><![CDATA[จังหวัด: ประจวบคีรีขันธ์<br>ที่อยู่: ตำบล หนองตาแต้ม อำเภอปราณบุรี ประจวบคีรีขันธ์ 77120<br>เวลาทำการ: 00.00 น. - 24.00 น.<br>Latitude:: 12.36271506<br>Longitude:: 99.88548852<br>Lat,long: 12.3627150699.88548852]]></description>
        <styleUrl>#icon-ci-2-labelson</styleUrl>
        <ExtendedData>
          <Data name="จังหวัด">
            <value>ประจวบคีรีขันธ์</value>
          </Data>
          <Data name="ที่อยู่">
            <value>ตำบล หนองตาแต้ม อำเภอปราณบุรี ประจวบคีรีขันธ์ 77120</value>
          </Data>
          <Data name="เวลาทำการ">
            <value>00.00 น. - 24.00 น.</value>
          </Data>
          <Data name="Latitude:">
            <value>12.36271506</value>
          </Data>
          <Data name="Longitude:">
            <value>99.88548852</value>
          </Data>
          <Data name="Lat,long">
            <value>12.3627150699.88548852</value>
          </Data>
        </ExtendedData>
        <Point>
          <coordinates>
            99.88548852,12.36271506,0
          </coordinates>
        </Point>
      </Placemark>
      <Placemark>
        <name>PEA VOLTA ชะอำ</name>
        <description><![CDATA[จังหวัด: เพชรบุรี<br>ที่อยู่: ตำบล ชะอำ อำเภอชะอำ เพชรบุรี 76120<br>เวลาทำการ: 00.00 น. - 24.00 น.<br>Latitude:: 12.71771893<br>Longitude:: 99.92868662<br>Lat,long: 12.7177189399.92868662]]></description>
        <styleUrl>#icon-ci-2-labelson</styleUrl>
        <ExtendedData>
          <Data name="จังหวัด">
            <value>เพชรบุรี</value>
          </Data>
          <Data name="ที่อยู่">
            <value>ตำบล ชะอำ อำเภอชะอำ เพชรบุรี 76120</value>
          </Data>
          <Data name="เวลาทำการ">
            <value>00.00 น. - 24.00 น.</value>
          </Data>
          <Data name="Latitude:">
            <value>12.71771893</value>
          </Data>
          <Data name="Longitude:">
            <value>99.92868662</value>
          </Data>
          <Data name="Lat,long">
            <value>12.7177189399.92868662</value>
          </Data>
        </ExtendedData>
        <Point>
          <coordinates>
            99.92868662,12.71771893,0
          </coordinates>
        </Point>
      </Placemark>
      <Placemark>
        <name>PEA VOLTA คลองหลวง</name>
        <description><![CDATA[จังหวัด: ปทุมธานี<br>ที่อยู่: ตำบล คลองห้า อำเภอคลองหลวง ปทุมธานี 12120<br>เวลาทำการ: 00.00 น. - 24.00 น.<br>Latitude:: 14.06698989<br>Longitude:: 100.7071769<br>Lat,long: 14.06698989100.7071769]]></description>
        <styleUrl>#icon-ci-2-labelson</styleUrl>
        <ExtendedData>
          <Data name="จังหวัด">
            <value>ปทุมธานี</value>
          </Data>
          <Data name="ที่อยู่">
            <value>ตำบล คลองห้า อำเภอคลองหลวง ปทุมธานี 12120</value>
          </Data>
          <Data name="เวลาทำการ">
            <value>00.00 น. - 24.00 น.</value>
          </Data>
          <Data name="Latitude:">
            <value>14.06698989</value>
          </Data>
          <Data name="Longitude:">
            <value>100.7071769</value>
          </Data>
          <Data name="Lat,long">
            <value>14.06698989100.7071769</value>
          </Data>
        </ExtendedData>
        <Point>
          <coordinates>
            100.7071769,14.06698989,0
          </coordinates>
        </Point>
      </Placemark>
      <Placemark>
        <name>PEA VOLTA พร้าว</name>
        <description><![CDATA[จังหวัด: เชียงใหม่<br>ที่อยู่: ตำบล เวียง อำเภอพร้าว เชียงใหม่ 50190<br>เวลาทำการ: 00.00 น. - 24.00 น.<br>Latitude:: 19.3693843<br>Longitude:: 99.1949453<br>Lat,long: 19.369384399.1949453]]></description>
        <styleUrl>#icon-ci-2-labelson</styleUrl>
        <ExtendedData>
          <Data name="จังหวัด">
            <value>เชียงใหม่</value>
          </Data>
          <Data name="ที่อยู่">
            <value>ตำบล เวียง อำเภอพร้าว เชียงใหม่ 50190</value>
          </Data>
          <Data name="เวลาทำการ">
            <value>00.00 น. - 24.00 น.</value>
          </Data>
          <Data name="Latitude:">
            <value>19.3693843</value>
          </Data>
          <Data name="Longitude:">
            <value>99.1949453</value>
          </Data>
          <Data name="Lat,long">
            <value>19.369384399.1949453</value>
          </Data>
        </ExtendedData>
        <Point>
          <coordinates>
            99.1949453,19.3693843,0
          </coordinates>
        </Point>
      </Placemark>
      <Placemark>
        <name>PEA VOLTA แม่สาย</name>
        <description><![CDATA[จังหวัด: เชียงราย<br>ที่อยู่: 226 หมู่ 8 ตำบล แม่สาย อำเภอแม่สาย เชียงราย 57130<br>เวลาทำการ: 00.00 น. - 24.00 น.<br>Latitude:: 20.42733314<br>Longitude:: 99.8875088<br>Lat,long: 20.4273331499.8875088]]></description>
        <styleUrl>#icon-ci-2-labelson</styleUrl>
        <ExtendedData>
          <Data name="จังหวัด">
            <value>เชียงราย</value>
          </Data>
          <Data name="ที่อยู่">
            <value>226 หมู่ 8 ตำบล แม่สาย อำเภอแม่สาย เชียงราย 57130</value>
          </Data>
          <Data name="เวลาทำการ">
            <value>00.00 น. - 24.00 น.</value>
          </Data>
          <Data name="Latitude:">
            <value>20.42733314</value>
          </Data>
          <Data name="Longitude:">
            <value>99.8875088</value>
          </Data>
          <Data name="Lat,long">
            <value>20.4273331499.8875088</value>
          </Data>
        </ExtendedData>
        <Point>
          <coordinates>
            99.8875088,20.42733314,0
          </coordinates>
        </Point>
      </Placemark>
      <Placemark>
        <name>PEA VOLTA ลี้</name>
        <description><![CDATA[จังหวัด: ลำพูน<br>ที่อยู่: 333 หมู่ 4 ตำบล ลี้ อำเภอลี้ ลำพูน 51110<br>เวลาทำการ: 00.00 น. - 24.00 น.<br>Latitude:: 17.7909284<br>Longitude:: 98.9525441<br>Lat,long: 17.790928498.9525441]]></description>
        <styleUrl>#icon-ci-2-labelson</styleUrl>
        <ExtendedData>
          <Data name="จังหวัด">
            <value>ลำพูน</value>
          </Data>
          <Data name="ที่อยู่">
            <value>333 หมู่ 4 ตำบล ลี้ อำเภอลี้ ลำพูน 51110</value>
          </Data>
          <Data name="เวลาทำการ">
            <value>00.00 น. - 24.00 น.</value>
          </Data>
          <Data name="Latitude:">
            <value>17.7909284</value>
          </Data>
          <Data name="Longitude:">
            <value>98.9525441</value>
          </Data>
          <Data name="Lat,long">
            <value>17.790928498.9525441</value>
          </Data>
        </ExtendedData>
        <Point>
          <coordinates>
            98.9525441,17.7909284,0
          </coordinates>
        </Point>
      </Placemark>
      <Placemark>
        <name>PEA VOLTA บ้านดุง</name>
        <description><![CDATA[จังหวัด: อุดรธานี<br>ที่อยู่: 2022 ตำบล บ้านดุง อำเภอ บ้านดุง อุดรธานี 41190<br>เวลาทำการ: 00.00 น. - 24.00 น.<br>Latitude:: 17.67753551<br>Longitude:: 103.25028<br>Lat,long: 17.67753551103.25028]]></description>
        <styleUrl>#icon-ci-2-labelson</styleUrl>
        <ExtendedData>
          <Data name="จังหวัด">
            <value>อุดรธานี</value>
          </Data>
          <Data name="ที่อยู่">
            <value>2022 ตำบล บ้านดุง อำเภอ บ้านดุง อุดรธานี 41190</value>
          </Data>
          <Data name="เวลาทำการ">
            <value>00.00 น. - 24.00 น.</value>
          </Data>
          <Data name="Latitude:">
            <value>17.67753551</value>
          </Data>
          <Data name="Longitude:">
            <value>103.25028</value>
          </Data>
          <Data name="Lat,long">
            <value>17.67753551103.25028</value>
          </Data>
        </ExtendedData>
        <Point>
          <coordinates>
            103.25028,17.67753551,0
          </coordinates>
        </Point>
      </Placemark>
      <Placemark>
        <name>PEA VOLTA บ้านบึง</name>
        <description><![CDATA[จังหวัด: ชลบุรี<br>ที่อยู่: ตำบล บ้านบึง อำเภอบ้านบึง ชลบุรี 20170<br>เวลาทำการ: 00.00 น. - 24.00 น.<br>Latitude:: 13.297005<br>Longitude:: 101.124067<br>Lat,long: 13.297005101.124067]]></description>
        <styleUrl>#icon-ci-2-labelson</styleUrl>
        <ExtendedData>
          <Data name="จังหวัด">
            <value>ชลบุรี</value>
          </Data>
          <Data name="ที่อยู่">
            <value>ตำบล บ้านบึง อำเภอบ้านบึง ชลบุรี 20170</value>
          </Data>
          <Data name="เวลาทำการ">
            <value>00.00 น. - 24.00 น.</value>
          </Data>
          <Data name="Latitude:">
            <value>13.297005</value>
          </Data>
          <Data name="Longitude:">
            <value>101.124067</value>
          </Data>
          <Data name="Lat,long">
            <value>13.297005101.124067</value>
          </Data>
        </ExtendedData>
        <Point>
          <coordinates>
            101.124067,13.297005,0
          </coordinates>
        </Point>
      </Placemark>
      <Placemark>
        <name>PEA VOLTA สามพราน</name>
        <description><![CDATA[จังหวัด: นครปฐม<br>ที่อยู่: 33/1 หมู่1 ถ. เพชรเกษม ตำบลท่าตลาด อำเภอสามพราน นครปฐม 73110<br>เวลาทำการ: 00.00 น. - 24.00 น.<br>Latitude:: 13.74307048<br>Longitude:: 100.2127211<br>Lat,long: 13.74307048100.2127211]]></description>
        <styleUrl>#icon-ci-2-labelson</styleUrl>
        <ExtendedData>
          <Data name="จังหวัด">
            <value>นครปฐม</value>
          </Data>
          <Data name="ที่อยู่">
            <value>33/1 หมู่1 ถ. เพชรเกษม ตำบลท่าตลาด อำเภอสามพราน นครปฐม 73110</value>
          </Data>
          <Data name="เวลาทำการ">
            <value>00.00 น. - 24.00 น.</value>
          </Data>
          <Data name="Latitude:">
            <value>13.74307048</value>
          </Data>
          <Data name="Longitude:">
            <value>100.2127211</value>
          </Data>
          <Data name="Lat,long">
            <value>13.74307048100.2127211</value>
          </Data>
        </ExtendedData>
        <Point>
          <coordinates>
            100.2127211,13.74307048,0
          </coordinates>
        </Point>
      </Placemark>
      <Placemark>
        <name>PEA VOLTA สตูล</name>
        <description><![CDATA[จังหวัด: สตูล<br>ที่อยู่: 104, 6 ซอย สฤษดิ์ภูมินารถ อำเภอเมืองสตูล สตูล 91000<br>เวลาทำการ: 00.00 น. - 24.00 น.<br>Latitude:: 6.611374951<br>Longitude:: 100.0738314<br>Lat,long: 6.611374951100.0738314]]></description>
        <styleUrl>#icon-ci-2-labelson</styleUrl>
        <ExtendedData>
          <Data name="จังหวัด">
            <value>สตูล</value>
          </Data>
          <Data name="ที่อยู่">
            <value>104, 6 ซอย สฤษดิ์ภูมินารถ อำเภอเมืองสตูล สตูล 91000</value>
          </Data>
          <Data name="เวลาทำการ">
            <value>00.00 น. - 24.00 น.</value>
          </Data>
          <Data name="Latitude:">
            <value>6.611374951</value>
          </Data>
          <Data name="Longitude:">
            <value>100.0738314</value>
          </Data>
          <Data name="Lat,long">
            <value>6.611374951100.0738314</value>
          </Data>
        </ExtendedData>
        <Point>
          <coordinates>
            100.0738314,6.611374951,0
          </coordinates>
        </Point>
      </Placemark>
      <Placemark>
        <name>PEA VOLTA สทิงพระ</name>
        <description><![CDATA[จังหวัด: สงขลา<br>ที่อยู่: ตำบล จะทิ้งพระ อำเภอ สทิงพระ สงขลา 90190<br>เวลาทำการ: 00.00 น. - 24.00 น.<br>Latitude:: 7.4858993<br>Longitude:: 100.4358422<br>Lat,long: 7.485878100.3617837]]></description>
        <styleUrl>#icon-ci-2-labelson</styleUrl>
        <ExtendedData>
          <Data name="จังหวัด">
            <value>สงขลา</value>
          </Data>
          <Data name="ที่อยู่">
            <value>ตำบล จะทิ้งพระ อำเภอ สทิงพระ สงขลา 90190</value>
          </Data>
          <Data name="เวลาทำการ">
            <value>00.00 น. - 24.00 น.</value>
          </Data>
          <Data name="Latitude:">
            <value>7.4858993</value>
          </Data>
          <Data name="Longitude:">
            <value>100.4358422</value>
          </Data>
          <Data name="Lat,long">
            <value>7.485878100.3617837</value>
          </Data>
        </ExtendedData>
        <Point>
          <coordinates>
            100.4358422,7.4858993,0
          </coordinates>
        </Point>
      </Placemark>
      <Placemark>
        <name>PEA VOLTA รัตภูมิ</name>
        <description><![CDATA[จังหวัด: สงขลา<br>ที่อยู่: 436 ถนน ยนตรการกำธร ตำบล ท่าชะมวง อำเภอรัตภูมิ สงขลา 90180<br>เวลาทำการ: 00.00 น. - 24.00 น.<br>Latitude:: 7.124785<br>Longitude:: 100.2378159<br>Lat,long: 7.1249958,100.23781586]]></description>
        <styleUrl>#icon-ci-2-labelson</styleUrl>
        <ExtendedData>
          <Data name="จังหวัด">
            <value>สงขลา</value>
          </Data>
          <Data name="ที่อยู่">
            <value>436 ถนน ยนตรการกำธร ตำบล ท่าชะมวง อำเภอรัตภูมิ สงขลา 90180</value>
          </Data>
          <Data name="เวลาทำการ">
            <value>00.00 น. - 24.00 น.</value>
          </Data>
          <Data name="Latitude:">
            <value>7.124785</value>
          </Data>
          <Data name="Longitude:">
            <value>100.2378159</value>
          </Data>
          <Data name="Lat,long">
            <value>7.1249958,100.23781586</value>
          </Data>
        </ExtendedData>
        <Point>
          <coordinates>
            100.2378159,7.124785,0
          </coordinates>
        </Point>
      </Placemark>
      <Placemark>
        <name>PEA VOLTA บันนังสตา</name>
        <description><![CDATA[จังหวัด: ยะลา<br>ที่อยู่: ตำบล บันนังสตา อำเภอ บันนังสตา ยะลา 95130<br>เวลาทำการ: 00.00 น. - 24.00 น.<br>Latitude:: 6.25653791<br>Longitude:: 101.24871063<br>Lat,long: 6.571186,100.643794]]></description>
        <styleUrl>#icon-ci-2-labelson</styleUrl>
        <ExtendedData>
          <Data name="จังหวัด">
            <value>ยะลา</value>
          </Data>
          <Data name="ที่อยู่">
            <value>ตำบล บันนังสตา อำเภอ บันนังสตา ยะลา 95130</value>
          </Data>
          <Data name="เวลาทำการ">
            <value>00.00 น. - 24.00 น.</value>
          </Data>
          <Data name="Latitude:">
            <value>6.25653791</value>
          </Data>
          <Data name="Longitude:">
            <value>101.24871063</value>
          </Data>
          <Data name="Lat,long">
            <value>6.571186,100.643794</value>
          </Data>
        </ExtendedData>
        <Point>
          <coordinates>
            101.24871063,6.25653791,0
          </coordinates>
        </Point>
      </Placemark>
      <Placemark>
        <name>PEA VOLTA ตากใบ</name>
        <description><![CDATA[จังหวัด: นราธิวาส<br>ที่อยู่: 29/14 ตำบล เจ๊ะเห อำเภอ ตากใบ นราธิวาส 96110<br>เวลาทำการ: 00.00 น. - 24.00 น.<br>Latitude:: 6.2548448<br>Longitude:: 102.0400167<br>Lat,long: 6.2548915102.0374069]]></description>
        <styleUrl>#icon-ci-2-labelson</styleUrl>
        <ExtendedData>
          <Data name="จังหวัด">
            <value>นราธิวาส</value>
          </Data>
          <Data name="ที่อยู่">
            <value>29/14 ตำบล เจ๊ะเห อำเภอ ตากใบ นราธิวาส 96110</value>
          </Data>
          <Data name="เวลาทำการ">
            <value>00.00 น. - 24.00 น.</value>
          </Data>
          <Data name="Latitude:">
            <value>6.2548448</value>
          </Data>
          <Data name="Longitude:">
            <value>102.0400167</value>
          </Data>
          <Data name="Lat,long">
            <value>6.2548915102.0374069</value>
          </Data>
        </ExtendedData>
        <Point>
          <coordinates>
            102.0400167,6.2548448,0
          </coordinates>
        </Point>
      </Placemark>
      <Placemark>
        <name>PEA VOLTA เลย</name>
        <description><![CDATA[จังหวัด: เลย<br>ที่อยู่: ตำบลกุดป่อง อำเภอเมืองเลย เลย 42000<br>เวลาทำการ: 00.00 น. - 24.00 น.<br>Latitude:: 17.4847555<br>Longitude:: 101.7272441<br>Lat,long: 17.4847555101.7272441]]></description>
        <styleUrl>#icon-ci-2-labelson</styleUrl>
        <ExtendedData>
          <Data name="จังหวัด">
            <value>เลย</value>
          </Data>
          <Data name="ที่อยู่">
            <value>ตำบลกุดป่อง อำเภอเมืองเลย เลย 42000</value>
          </Data>
          <Data name="เวลาทำการ">
            <value>00.00 น. - 24.00 น.</value>
          </Data>
          <Data name="Latitude:">
            <value>17.4847555</value>
          </Data>
          <Data name="Longitude:">
            <value>101.7272441</value>
          </Data>
          <Data name="Lat,long">
            <value>17.4847555101.7272441</value>
          </Data>
        </ExtendedData>
        <Point>
          <coordinates>
            101.7272441,17.4847555,0
          </coordinates>
        </Point>
      </Placemark>
      <Placemark>
        <name>PEA VOLTA จัตุรัส</name>
        <description><![CDATA[จังหวัด: ชัยภูมิ<br>ที่อยู่: ถนน ชัยภูมิ - สีคิ้ว ตำบล กุดน้ำใส อำเภอจัตุรัส ชัยภูมิ 36130<br>เวลาทำการ: 00.00 น. - 24.00 น.<br>Latitude:: 15.5447919<br>Longitude:: 101.8389257<br>Lat,long: 15.5447919101.8389257]]></description>
        <styleUrl>#icon-ci-2-labelson</styleUrl>
        <ExtendedData>
          <Data name="จังหวัด">
            <value>ชัยภูมิ</value>
          </Data>
          <Data name="ที่อยู่">
            <value>ถนน ชัยภูมิ - สีคิ้ว ตำบล กุดน้ำใส อำเภอจัตุรัส ชัยภูมิ 36130</value>
          </Data>
          <Data name="เวลาทำการ">
            <value>00.00 น. - 24.00 น.</value>
          </Data>
          <Data name="Latitude:">
            <value>15.5447919</value>
          </Data>
          <Data name="Longitude:">
            <value>101.8389257</value>
          </Data>
          <Data name="Lat,long">
            <value>15.5447919101.8389257</value>
          </Data>
        </ExtendedData>
        <Point>
          <coordinates>
            101.8389257,15.5447919,0
          </coordinates>
        </Point>
      </Placemark>
      <Placemark>
        <name>PEA VOLTA ประทาย</name>
        <description><![CDATA[จังหวัด: นครราชสีมา<br>ที่อยู่: ตำบล กระทุ่มราย อำเภอ ประทาย นครราชสีมา 30180<br>เวลาทำการ: 00.00 น. - 24.00 น.<br>Latitude:: 15.5253038<br>Longitude:: 102.7063217<br>Lat,long: 15.5253038102.7063217]]></description>
        <styleUrl>#icon-ci-2-labelson</styleUrl>
        <ExtendedData>
          <Data name="จังหวัด">
            <value>นครราชสีมา</value>
          </Data>
          <Data name="ที่อยู่">
            <value>ตำบล กระทุ่มราย อำเภอ ประทาย นครราชสีมา 30180</value>
          </Data>
          <Data name="เวลาทำการ">
            <value>00.00 น. - 24.00 น.</value>
          </Data>
          <Data name="Latitude:">
            <value>15.5253038</value>
          </Data>
          <Data name="Longitude:">
            <value>102.7063217</value>
          </Data>
          <Data name="Lat,long">
            <value>15.5253038102.7063217</value>
          </Data>
        </ExtendedData>
        <Point>
          <coordinates>
            102.7063217,15.5253038,0
          </coordinates>
        </Point>
      </Placemark>
      <Placemark>
        <name>PEA VOLTA ฝาง</name>
        <description><![CDATA[จังหวัด: เชียงใหม่<br>ที่อยู่: ตำบล สันทราย อำเภอ ฝาง เชียงใหม่ 50110<br>เวลาทำการ: 00.00 น. - 24.00 น.<br>Latitude:: 19.9206<br>Longitude:: 99.2092<br>Lat,long: 19.920699.2092]]></description>
        <styleUrl>#icon-ci-2-labelson</styleUrl>
        <ExtendedData>
          <Data name="จังหวัด">
            <value>เชียงใหม่</value>
          </Data>
          <Data name="ที่อยู่">
            <value>ตำบล สันทราย อำเภอ ฝาง เชียงใหม่ 50110</value>
          </Data>
          <Data name="เวลาทำการ">
            <value>00.00 น. - 24.00 น.</value>
          </Data>
          <Data name="Latitude:">
            <value>19.9206</value>
          </Data>
          <Data name="Longitude:">
            <value>99.2092</value>
          </Data>
          <Data name="Lat,long">
            <value>19.920699.2092</value>
          </Data>
        </ExtendedData>
        <Point>
          <coordinates>
            99.2092,19.9206,0
          </coordinates>
        </Point>
      </Placemark>
      <Placemark>
        <name>PEA VOLTA แม่อาย</name>
        <description><![CDATA[จังหวัด: เชียงใหม่<br>ที่อยู่: ตำบล แม่อาย อำเภอ แม่อาย เชียงใหม่ 50280<br>เวลาทำการ: 00.00 น. - 24.00 น.<br>Latitude:: 20.0416<br>Longitude:: 99.3295<br>Lat,long: 20.041699.3295]]></description>
        <styleUrl>#icon-ci-2-labelson</styleUrl>
        <ExtendedData>
          <Data name="จังหวัด">
            <value>เชียงใหม่</value>
          </Data>
          <Data name="ที่อยู่">
            <value>ตำบล แม่อาย อำเภอ แม่อาย เชียงใหม่ 50280</value>
          </Data>
          <Data name="เวลาทำการ">
            <value>00.00 น. - 24.00 น.</value>
          </Data>
          <Data name="Latitude:">
            <value>20.0416</value>
          </Data>
          <Data name="Longitude:">
            <value>99.3295</value>
          </Data>
          <Data name="Lat,long">
            <value>20.041699.3295</value>
          </Data>
        </ExtendedData>
        <Point>
          <coordinates>
            99.3295,20.0416,0
          </coordinates>
        </Point>
      </Placemark>
      <Placemark>
        <name>PEA VOLTA แม่จัน</name>
        <description><![CDATA[จังหวัด: เชียงราย<br>ที่อยู่: 161 1089 Tambon Pa Tueng, Amphoe Mae Chan, Chang Wat Chiang Rai 57110, Thailand<br>เวลาทำการ: 00.00 น. - 24.00 น.<br>Latitude:: 20.1382<br>Longitude:: 99.8425<br>Lat,long: 20.138299.8425]]></description>
        <styleUrl>#icon-ci-2-labelson</styleUrl>
        <ExtendedData>
          <Data name="จังหวัด">
            <value>เชียงราย</value>
          </Data>
          <Data name="ที่อยู่">
            <value>161 1089 Tambon Pa Tueng, Amphoe Mae Chan, Chang Wat Chiang Rai 57110, Thailand</value>
          </Data>
          <Data name="เวลาทำการ">
            <value>00.00 น. - 24.00 น.</value>
          </Data>
          <Data name="Latitude:">
            <value>20.1382</value>
          </Data>
          <Data name="Longitude:">
            <value>99.8425</value>
          </Data>
          <Data name="Lat,long">
            <value>20.138299.8425</value>
          </Data>
        </ExtendedData>
        <Point>
          <coordinates>
            99.8425,20.1382,0
          </coordinates>
        </Point>
      </Placemark>
      <Placemark>
        <name>PEA VOLTA เชียงราย</name>
        <description><![CDATA[จังหวัด: เชียงราย<br>ที่อยู่: 73 Soi Rat Det Damrong 3, Tambon Rop Wiang, Amphoe Mueang Chiang Rai, Chang Wat Chiang Rai 57000, Thailand<br>เวลาทำการ: 00.00 น. - 24.00 น.<br>Latitude:: 19.9115<br>Longitude:: 99.8233<br>Lat,long: 19.911599.8233]]></description>
        <styleUrl>#icon-ci-2-labelson</styleUrl>
        <ExtendedData>
          <Data name="จังหวัด">
            <value>เชียงราย</value>
          </Data>
          <Data name="ที่อยู่">
            <value>73 Soi Rat Det Damrong 3, Tambon Rop Wiang, Amphoe Mueang Chiang Rai, Chang Wat Chiang Rai 57000, Thailand</value>
          </Data>
          <Data name="เวลาทำการ">
            <value>00.00 น. - 24.00 น.</value>
          </Data>
          <Data name="Latitude:">
            <value>19.9115</value>
          </Data>
          <Data name="Longitude:">
            <value>99.8233</value>
          </Data>
          <Data name="Lat,long">
            <value>19.911599.8233</value>
          </Data>
        </ExtendedData>
        <Point>
          <coordinates>
            99.8233,19.9115,0
          </coordinates>
        </Point>
      </Placemark>
      <Placemark>
        <name>PEA VOLTA ทุ่งเสลี่ยม</name>
        <description><![CDATA[จังหวัด: สุโขทัย<br>ที่อยู่: 333 Soi 5 Mu 2, Tambon Klang Dong, Amphoe Thung Saliam, Chang Wat Sukhothai 64150, Thailand<br>เวลาทำการ: 00.00 น. - 24.00 น.<br>Latitude:: 17.3271<br>Longitude:: 99.526<br>Lat,long: 17.327199.526]]></description>
        <styleUrl>#icon-ci-2-labelson</styleUrl>
        <ExtendedData>
          <Data name="จังหวัด">
            <value>สุโขทัย</value>
          </Data>
          <Data name="ที่อยู่">
            <value>333 Soi 5 Mu 2, Tambon Klang Dong, Amphoe Thung Saliam, Chang Wat Sukhothai 64150, Thailand</value>
          </Data>
          <Data name="เวลาทำการ">
            <value>00.00 น. - 24.00 น.</value>
          </Data>
          <Data name="Latitude:">
            <value>17.3271</value>
          </Data>
          <Data name="Longitude:">
            <value>99.526</value>
          </Data>
          <Data name="Lat,long">
            <value>17.327199.526</value>
          </Data>
        </ExtendedData>
        <Point>
          <coordinates>
            99.526,17.3271,0
          </coordinates>
        </Point>
      </Placemark>
      <Placemark>
        <name>PEA VOLTA เชียงคาน</name>
        <description><![CDATA[จังหวัด: เลย<br>ที่อยู่: VMG4+H3G, 201, Tambon Chiang Khan, Amphoe Chiang Khan, Chang Wat Loei 42110, Thailand<br>เวลาทำการ: 00.00 น. - 24.00 น.<br>Latitude:: 17.8763<br>Longitude:: 101.655<br>Lat,long: 17.8763101.655]]></description>
        <styleUrl>#icon-ci-2-labelson</styleUrl>
        <ExtendedData>
          <Data name="จังหวัด">
            <value>เลย</value>
          </Data>
          <Data name="ที่อยู่">
            <value>VMG4+H3G, 201, Tambon Chiang Khan, Amphoe Chiang Khan, Chang Wat Loei 42110, Thailand</value>
          </Data>
          <Data name="เวลาทำการ">
            <value>00.00 น. - 24.00 น.</value>
          </Data>
          <Data name="Latitude:">
            <value>17.8763</value>
          </Data>
          <Data name="Longitude:">
            <value>101.655</value>
          </Data>
          <Data name="Lat,long">
            <value>17.8763101.655</value>
          </Data>
        </ExtendedData>
        <Point>
          <coordinates>
            101.655,17.8763,0
          </coordinates>
        </Point>
      </Placemark>
      <Placemark>
        <name>PEA VOLTA บ้านโป่ง</name>
        <description><![CDATA[จังหวัด: ราชบุรี<br>ที่อยู่: RVMC+X9 Pak Raet, Ban Pong District, Ratchaburi, Thailand<br>เวลาทำการ: 00.00 น. - 24.00 น.<br>Latitude:: 13.835<br>Longitude:: 99.871<br>Lat,long: 13.83599.871]]></description>
        <styleUrl>#icon-ci-2-labelson</styleUrl>
        <ExtendedData>
          <Data name="จังหวัด">
            <value>ราชบุรี</value>
          </Data>
          <Data name="ที่อยู่">
            <value>RVMC+X9 Pak Raet, Ban Pong District, Ratchaburi, Thailand</value>
          </Data>
          <Data name="เวลาทำการ">
            <value>00.00 น. - 24.00 น.</value>
          </Data>
          <Data name="Latitude:">
            <value>13.835</value>
          </Data>
          <Data name="Longitude:">
            <value>99.871</value>
          </Data>
          <Data name="Lat,long">
            <value>13.83599.871</value>
          </Data>
        </ExtendedData>
        <Point>
          <coordinates>
            99.871,13.835,0
          </coordinates>
        </Point>
      </Placemark>
      <Placemark>
        <name>PEA VOLTA สิชล</name>
        <description><![CDATA[จังหวัด: นครศรีธรรมราช<br>ที่อยู่: XVCV+9JQ, Thung Prang, Sichon District, Nakhon Si Thammarat 80120, Thailand<br>เวลาทำการ: 00.00 น. - 24.00 น.<br>Latitude:: 8.97098<br>Longitude:: 99.8941<br>Lat,long: 8.9709899.8941]]></description>
        <styleUrl>#icon-ci-2-labelson</styleUrl>
        <ExtendedData>
          <Data name="จังหวัด">
            <value>นครศรีธรรมราช</value>
          </Data>
          <Data name="ที่อยู่">
            <value>XVCV+9JQ, Thung Prang, Sichon District, Nakhon Si Thammarat 80120, Thailand</value>
          </Data>
          <Data name="เวลาทำการ">
            <value>00.00 น. - 24.00 น.</value>
          </Data>
          <Data name="Latitude:">
            <value>8.97098</value>
          </Data>
          <Data name="Longitude:">
            <value>99.8941</value>
          </Data>
          <Data name="Lat,long">
            <value>8.9709899.8941</value>
          </Data>
        </ExtendedData>
        <Point>
          <coordinates>
            99.8941,8.97098,0
          </coordinates>
        </Point>
      </Placemark>
      <Placemark>
        <name>PEA VOLTA ถลาง</name>
        <description><![CDATA[จังหวัด: ภูเก็ต<br>ที่อยู่: 12/29 Thep Krasattri Rd, Tambon Si Sunthon, Amphoe Thalang, Chang Wat Phuket 83110, Thailand<br>เวลาทำการ: 00.00 น. - 24.00 น.<br>Latitude:: 7.99269<br>Longitude:: 98.3541<br>Lat,long: 7.9926998.3541]]></description>
        <styleUrl>#icon-ci-2-labelson</styleUrl>
        <ExtendedData>
          <Data name="จังหวัด">
            <value>ภูเก็ต</value>
          </Data>
          <Data name="ที่อยู่">
            <value>12/29 Thep Krasattri Rd, Tambon Si Sunthon, Amphoe Thalang, Chang Wat Phuket 83110, Thailand</value>
          </Data>
          <Data name="เวลาทำการ">
            <value>00.00 น. - 24.00 น.</value>
          </Data>
          <Data name="Latitude:">
            <value>7.99269</value>
          </Data>
          <Data name="Longitude:">
            <value>98.3541</value>
          </Data>
          <Data name="Lat,long">
            <value>7.9926998.3541</value>
          </Data>
        </ExtendedData>
        <Point>
          <coordinates>
            98.3541,7.99269,0
          </coordinates>
        </Point>
      </Placemark>
      <Placemark>
        <name>PEA VOLTA ท่ามะกา</name>
        <description><![CDATA[จังหวัด: กาญจนบุรี<br>ที่อยู่: WP3W+C4P, Wai Nieo, Tha Maka District, Kanchanaburi 71120, Thailand<br>เวลาทำการ: 00.00 น. - 24.00 น.<br>Latitude:: 13.9037<br>Longitude:: 99.7456<br>Lat,long: 13.903799.7456]]></description>
        <styleUrl>#icon-ci-2-labelson</styleUrl>
        <ExtendedData>
          <Data name="จังหวัด">
            <value>กาญจนบุรี</value>
          </Data>
          <Data name="ที่อยู่">
            <value>WP3W+C4P, Wai Nieo, Tha Maka District, Kanchanaburi 71120, Thailand</value>
          </Data>
          <Data name="เวลาทำการ">
            <value>00.00 น. - 24.00 น.</value>
          </Data>
          <Data name="Latitude:">
            <value>13.9037</value>
          </Data>
          <Data name="Longitude:">
            <value>99.7456</value>
          </Data>
          <Data name="Lat,long">
            <value>13.903799.7456</value>
          </Data>
        </ExtendedData>
        <Point>
          <coordinates>
            99.7456,13.9037,0
          </coordinates>
        </Point>
      </Placemark>
      <Placemark>
        <name>PEA VOLTA แม่แตง</name>
        <description><![CDATA[จังหวัด: เชียงใหม่<br>ที่อยู่: 4W6Q+C5G 162 Tambon San Mahaphon, Amphoe Mae Taeng, Chang Wat Chiang Mai 50150, Thailand<br>เวลาทำการ: 00.00 น. - 24.00 น.<br>Latitude:: 19.1111<br>Longitude:: 98.938<br>Lat,long: 19.111198.938]]></description>
        <styleUrl>#icon-ci-2-labelson</styleUrl>
        <ExtendedData>
          <Data name="จังหวัด">
            <value>เชียงใหม่</value>
          </Data>
          <Data name="ที่อยู่">
            <value>4W6Q+C5G 162 Tambon San Mahaphon, Amphoe Mae Taeng, Chang Wat Chiang Mai 50150, Thailand</value>
          </Data>
          <Data name="เวลาทำการ">
            <value>00.00 น. - 24.00 น.</value>
          </Data>
          <Data name="Latitude:">
            <value>19.1111</value>
          </Data>
          <Data name="Longitude:">
            <value>98.938</value>
          </Data>
          <Data name="Lat,long">
            <value>19.111198.938</value>
          </Data>
        </ExtendedData>
        <Point>
          <coordinates>
            98.938,19.1111,0
          </coordinates>
        </Point>
      </Placemark>
      <Placemark>
        <name>PEA VOLTA ร้องกวาง</name>
        <description><![CDATA[จังหวัด: แพร่<br>ที่อยู่: 876X+WJ8 377 Tambon Rong Khem, Amphoe Rong Kwang, Chang Wat Phrae 54140, Thailand<br>เวลาทำการ: 00.00 น. - 24.00 น.<br>Latitude:: 18.3122<br>Longitude:: 100.299<br>Lat,long: 18.3122100.299]]></description>
        <styleUrl>#icon-ci-2-labelson</styleUrl>
        <ExtendedData>
          <Data name="จังหวัด">
            <value>แพร่</value>
          </Data>
          <Data name="ที่อยู่">
            <value>876X+WJ8 377 Tambon Rong Khem, Amphoe Rong Kwang, Chang Wat Phrae 54140, Thailand</value>
          </Data>
          <Data name="เวลาทำการ">
            <value>00.00 น. - 24.00 น.</value>
          </Data>
          <Data name="Latitude:">
            <value>18.3122</value>
          </Data>
          <Data name="Longitude:">
            <value>100.299</value>
          </Data>
          <Data name="Lat,long">
            <value>18.3122100.299</value>
          </Data>
        </ExtendedData>
        <Point>
          <coordinates>
            100.299,18.3122,0
          </coordinates>
        </Point>
      </Placemark>
      <Placemark>
        <name>PEA VOLTA กำแพงเพชร</name>
        <description><![CDATA[จังหวัด: กำแพงเพชร<br>ที่อยู่: 343 Tesa Rd 2, Tambon Nai Mueang, Amphoe Mueang Kamphaeng Phet, Chang Wat Kamphaeng Phet 62000, Thailand<br>เวลาทำการ: 00.00 น. - 24.00 น.<br>Latitude:: 16.4896<br>Longitude:: 99.511<br>Lat,long: 16.489699.511]]></description>
        <styleUrl>#icon-ci-2-labelson</styleUrl>
        <ExtendedData>
          <Data name="จังหวัด">
            <value>กำแพงเพชร</value>
          </Data>
          <Data name="ที่อยู่">
            <value>343 Tesa Rd 2, Tambon Nai Mueang, Amphoe Mueang Kamphaeng Phet, Chang Wat Kamphaeng Phet 62000, Thailand</value>
          </Data>
          <Data name="เวลาทำการ">
            <value>00.00 น. - 24.00 น.</value>
          </Data>
          <Data name="Latitude:">
            <value>16.4896</value>
          </Data>
          <Data name="Longitude:">
            <value>99.511</value>
          </Data>
          <Data name="Lat,long">
            <value>16.489699.511</value>
          </Data>
        </ExtendedData>
        <Point>
          <coordinates>
            99.511,16.4896,0
          </coordinates>
        </Point>
      </Placemark>
      <Placemark>
        <name>PEA VOLTA สวรรคโลก</name>
        <description><![CDATA[จังหวัด: สุโขทัย<br>ที่อยู่: 6, 4 ถนน Thetsaban Damri 3, Tambon Mueang Sawankhalok, Amphoe Sawankhalok, Chang Wat Sukhothai 64110, Thailand<br>เวลาทำการ: 00.00 น. - 24.00 น.<br>Latitude:: 17.3206<br>Longitude:: 99.8332<br>Lat,long: 17.320699.8332]]></description>
        <styleUrl>#icon-ci-2-labelson</styleUrl>
        <ExtendedData>
          <Data name="จังหวัด">
            <value>สุโขทัย</value>
          </Data>
          <Data name="ที่อยู่">
            <value>6, 4 ถนน Thetsaban Damri 3, Tambon Mueang Sawankhalok, Amphoe Sawankhalok, Chang Wat Sukhothai 64110, Thailand</value>
          </Data>
          <Data name="เวลาทำการ">
            <value>00.00 น. - 24.00 น.</value>
          </Data>
          <Data name="Latitude:">
            <value>17.3206</value>
          </Data>
          <Data name="Longitude:">
            <value>99.8332</value>
          </Data>
          <Data name="Lat,long">
            <value>17.320699.8332</value>
          </Data>
        </ExtendedData>
        <Point>
          <coordinates>
            99.8332,17.3206,0
          </coordinates>
        </Point>
      </Placemark>
      <Placemark>
        <name>PEA VOLTA ลาดยาว</name>
        <description><![CDATA[จังหวัด: นครสวรรค์<br>ที่อยู่: QQ38+RG Lat Yao, Lat Yao District, Nakhon Sawan, Thailand<br>เวลาทำการ: 00.00 น. - 24.00 น.<br>Latitude:: 15.7546<br>Longitude:: 99.7663<br>Lat,long: 15.754699.7663]]></description>
        <styleUrl>#icon-ci-2-labelson</styleUrl>
        <ExtendedData>
          <Data name="จังหวัด">
            <value>นครสวรรค์</value>
          </Data>
          <Data name="ที่อยู่">
            <value>QQ38+RG Lat Yao, Lat Yao District, Nakhon Sawan, Thailand</value>
          </Data>
          <Data name="เวลาทำการ">
            <value>00.00 น. - 24.00 น.</value>
          </Data>
          <Data name="Latitude:">
            <value>15.7546</value>
          </Data>
          <Data name="Longitude:">
            <value>99.7663</value>
          </Data>
          <Data name="Lat,long">
            <value>15.754699.7663</value>
          </Data>
        </ExtendedData>
        <Point>
          <coordinates>
            99.7663,15.7546,0
          </coordinates>
        </Point>
      </Placemark>
      <Placemark>
        <name>PEA VOLTA หนองบัว</name>
        <description><![CDATA[จังหวัด: นครสวรรค์<br>ที่อยู่: VJ7C+C55, Nong Klap, Nong Bua District, Nakhon Sawan 60110, Thailand<br>เวลาทำการ: 00.00 น. - 24.00 น.<br>Latitude:: 15.8635<br>Longitude:: 100.62<br>Lat,long: 15.8635100.62]]></description>
        <styleUrl>#icon-ci-2-labelson</styleUrl>
        <ExtendedData>
          <Data name="จังหวัด">
            <value>นครสวรรค์</value>
          </Data>
          <Data name="ที่อยู่">
            <value>VJ7C+C55, Nong Klap, Nong Bua District, Nakhon Sawan 60110, Thailand</value>
          </Data>
          <Data name="เวลาทำการ">
            <value>00.00 น. - 24.00 น.</value>
          </Data>
          <Data name="Latitude:">
            <value>15.8635</value>
          </Data>
          <Data name="Longitude:">
            <value>100.62</value>
          </Data>
          <Data name="Lat,long">
            <value>15.8635100.62</value>
          </Data>
        </ExtendedData>
        <Point>
          <coordinates>
            100.62,15.8635,0
          </coordinates>
        </Point>
      </Placemark>
      <Placemark>
        <name>PEA VOLTA นครสวรรค์</name>
        <description><![CDATA[จังหวัด: นครสวรรค์<br>ที่อยู่: P458+W77, Matulee Rd, Tambon Pak Nam Pho, Amphoe Mueang Nakhon Sawan, Chang Wat Nakhon Sawan 60000, Thailand<br>เวลาทำการ: 00.00 น. - 24.00 น.<br>Latitude:: 15.7099<br>Longitude:: 100.116<br>Lat,long: 15.7099100.116]]></description>
        <styleUrl>#icon-ci-2-labelson</styleUrl>
        <ExtendedData>
          <Data name="จังหวัด">
            <value>นครสวรรค์</value>
          </Data>
          <Data name="ที่อยู่">
            <value>P458+W77, Matulee Rd, Tambon Pak Nam Pho, Amphoe Mueang Nakhon Sawan, Chang Wat Nakhon Sawan 60000, Thailand</value>
          </Data>
          <Data name="เวลาทำการ">
            <value>00.00 น. - 24.00 น.</value>
          </Data>
          <Data name="Latitude:">
            <value>15.7099</value>
          </Data>
          <Data name="Longitude:">
            <value>100.116</value>
          </Data>
          <Data name="Lat,long">
            <value>15.7099100.116</value>
          </Data>
        </ExtendedData>
        <Point>
          <coordinates>
            100.116,15.7099,0
          </coordinates>
        </Point>
      </Placemark>
      <Placemark>
        <name>PEA VOLTA อู่ทอง</name>
        <description><![CDATA[จังหวัด: สุพรรณบุรี<br>ที่อยู่: 818 Malaiman Rd, Tambon U Thong, Amphoe U Thong, Chang Wat Suphan Buri 72160, Thailand<br>เวลาทำการ: 00.00 น. - 24.00 น.<br>Latitude:: 14.3546<br>Longitude:: 99.8777<br>Lat,long: 14.354699.8777]]></description>
        <styleUrl>#icon-ci-2-labelson</styleUrl>
        <ExtendedData>
          <Data name="จังหวัด">
            <value>สุพรรณบุรี</value>
          </Data>
          <Data name="ที่อยู่">
            <value>818 Malaiman Rd, Tambon U Thong, Amphoe U Thong, Chang Wat Suphan Buri 72160, Thailand</value>
          </Data>
          <Data name="เวลาทำการ">
            <value>00.00 น. - 24.00 น.</value>
          </Data>
          <Data name="Latitude:">
            <value>14.3546</value>
          </Data>
          <Data name="Longitude:">
            <value>99.8777</value>
          </Data>
          <Data name="Lat,long">
            <value>14.354699.8777</value>
          </Data>
        </ExtendedData>
        <Point>
          <coordinates>
            99.8777,14.3546,0
          </coordinates>
        </Point>
      </Placemark>
      <Placemark>
        <name>PEA VOLTA ปากพนัง</name>
        <description><![CDATA[จังหวัด: นครศรีธรรมราช<br>ที่อยู่: 86P2+WMM, Si Som Bru Rd., Pak Phanang, Amphoe Pak Phanang, Chang Wat Nakhon Si Thammarat 80140, Thailand<br>เวลาทำการ: 00.00 น. - 24.00 น.<br>Latitude:: 8.3377<br>Longitude:: 100.202<br>Lat,long: 8.3377100.202]]></description>
        <styleUrl>#icon-ci-2-labelson</styleUrl>
        <ExtendedData>
          <Data name="จังหวัด">
            <value>นครศรีธรรมราช</value>
          </Data>
          <Data name="ที่อยู่">
            <value>86P2+WMM, Si Som Bru Rd., Pak Phanang, Amphoe Pak Phanang, Chang Wat Nakhon Si Thammarat 80140, Thailand</value>
          </Data>
          <Data name="เวลาทำการ">
            <value>00.00 น. - 24.00 น.</value>
          </Data>
          <Data name="Latitude:">
            <value>8.3377</value>
          </Data>
          <Data name="Longitude:">
            <value>100.202</value>
          </Data>
          <Data name="Lat,long">
            <value>8.3377100.202</value>
          </Data>
        </ExtendedData>
        <Point>
          <coordinates>
            100.202,8.3377,0
          </coordinates>
        </Point>
      </Placemark>
      <Placemark>
        <name>PEA VOLTA จุน</name>
        <description><![CDATA[จังหวัด: พะเยา<br>ที่อยู่: 84VJ+PV8, Huai Khao Kam, Chun District, Phayao 56150, Thailand<br>เวลาทำการ: 00.00 น. - 24.00 น.<br>Latitude:: 19.3444<br>Longitude:: 100.131<br>Lat,long: 19.3444100.131]]></description>
        <styleUrl>#icon-ci-2-labelson</styleUrl>
        <ExtendedData>
          <Data name="จังหวัด">
            <value>พะเยา</value>
          </Data>
          <Data name="ที่อยู่">
            <value>84VJ+PV8, Huai Khao Kam, Chun District, Phayao 56150, Thailand</value>
          </Data>
          <Data name="เวลาทำการ">
            <value>00.00 น. - 24.00 น.</value>
          </Data>
          <Data name="Latitude:">
            <value>19.3444</value>
          </Data>
          <Data name="Longitude:">
            <value>100.131</value>
          </Data>
          <Data name="Lat,long">
            <value>19.3444100.131</value>
          </Data>
        </ExtendedData>
        <Point>
          <coordinates>
            100.131,19.3444,0
          </coordinates>
        </Point>
      </Placemark>
      <Placemark>
        <name>PEA VOLTA ฮอด</name>
        <description><![CDATA[จังหวัด: เชียงใหม่<br>ที่อยู่: 5JC6+X9 Hang Dong, Hot District, Chiang Mai, Thailand<br>เวลาทำการ: 00.00 น. - 24.00 น.<br>Latitude:: 18.1725<br>Longitude:: 98.6109<br>Lat,long: 18.172598.6109]]></description>
        <styleUrl>#icon-ci-2-labelson</styleUrl>
        <ExtendedData>
          <Data name="จังหวัด">
            <value>เชียงใหม่</value>
          </Data>
          <Data name="ที่อยู่">
            <value>5JC6+X9 Hang Dong, Hot District, Chiang Mai, Thailand</value>
          </Data>
          <Data name="เวลาทำการ">
            <value>00.00 น. - 24.00 น.</value>
          </Data>
          <Data name="Latitude:">
            <value>18.1725</value>
          </Data>
          <Data name="Longitude:">
            <value>98.6109</value>
          </Data>
          <Data name="Lat,long">
            <value>18.172598.6109</value>
          </Data>
        </ExtendedData>
        <Point>
          <coordinates>
            98.6109,18.1725,0
          </coordinates>
        </Point>
      </Placemark>
      <Placemark>
        <name>PEA VOLTA เชียงแสน</name>
        <description><![CDATA[จังหวัด: เชียงราย<br>ที่อยู่: 729/1 Nong Mut Rd, Tambon Wiang, Amphoe Chiang Saen, Chang Wat Chiang Rai 57150, Thailand<br>เวลาทำการ: 00.00 น. - 24.00 น.<br>Latitude:: 20.277<br>Longitude:: 100.08<br>Lat,long: 20.277100.08]]></description>
        <styleUrl>#icon-ci-2-labelson</styleUrl>
        <ExtendedData>
          <Data name="จังหวัด">
            <value>เชียงราย</value>
          </Data>
          <Data name="ที่อยู่">
            <value>729/1 Nong Mut Rd, Tambon Wiang, Amphoe Chiang Saen, Chang Wat Chiang Rai 57150, Thailand</value>
          </Data>
          <Data name="เวลาทำการ">
            <value>00.00 น. - 24.00 น.</value>
          </Data>
          <Data name="Latitude:">
            <value>20.277</value>
          </Data>
          <Data name="Longitude:">
            <value>100.08</value>
          </Data>
          <Data name="Lat,long">
            <value>20.277100.08</value>
          </Data>
        </ExtendedData>
        <Point>
          <coordinates>
            100.08,20.277,0
          </coordinates>
        </Point>
      </Placemark>
      <Placemark>
        <name>PEA VOLTA พาน</name>
        <description><![CDATA[จังหวัด: เชียงราย<br>ที่อยู่: 902 หมู่ 1 ต.เมืองพาน Tambon Mueang Phan, Amphoe Phan, Chang Wat Chiang Rai 57120, Thailand<br>เวลาทำการ: 00.00 น. - 24.00 น.<br>Latitude:: 19.5564<br>Longitude:: 99.7436<br>Lat,long: 19.556499.7436]]></description>
        <styleUrl>#icon-ci-2-labelson</styleUrl>
        <ExtendedData>
          <Data name="จังหวัด">
            <value>เชียงราย</value>
          </Data>
          <Data name="ที่อยู่">
            <value>902 หมู่ 1 ต.เมืองพาน Tambon Mueang Phan, Amphoe Phan, Chang Wat Chiang Rai 57120, Thailand</value>
          </Data>
          <Data name="เวลาทำการ">
            <value>00.00 น. - 24.00 น.</value>
          </Data>
          <Data name="Latitude:">
            <value>19.5564</value>
          </Data>
          <Data name="Longitude:">
            <value>99.7436</value>
          </Data>
          <Data name="Lat,long">
            <value>19.556499.7436</value>
          </Data>
        </ExtendedData>
        <Point>
          <coordinates>
            99.7436,19.5564,0
          </coordinates>
        </Point>
      </Placemark>
      <Placemark>
        <name>PEA VOLTA เชียงคำ</name>
        <description><![CDATA[จังหวัด: พะเยา<br>ที่อยู่: G8H6+2FV, Chedi Kham, Chiang Kham District, Phayao 56110, Thailand<br>เวลาทำการ: 00.00 น. - 24.00 น.<br>Latitude:: 19.5278<br>Longitude:: 100.311<br>Lat,long: 19.5278100.311]]></description>
        <styleUrl>#icon-ci-2-labelson</styleUrl>
        <ExtendedData>
          <Data name="จังหวัด">
            <value>พะเยา</value>
          </Data>
          <Data name="ที่อยู่">
            <value>G8H6+2FV, Chedi Kham, Chiang Kham District, Phayao 56110, Thailand</value>
          </Data>
          <Data name="เวลาทำการ">
            <value>00.00 น. - 24.00 น.</value>
          </Data>
          <Data name="Latitude:">
            <value>19.5278</value>
          </Data>
          <Data name="Longitude:">
            <value>100.311</value>
          </Data>
          <Data name="Lat,long">
            <value>19.5278100.311</value>
          </Data>
        </ExtendedData>
        <Point>
          <coordinates>
            100.311,19.5278,0
          </coordinates>
        </Point>
      </Placemark>
      <Placemark>
        <name>PEA VOLTA ลำปาง</name>
        <description><![CDATA[จังหวัด: ลำปาง<br>ที่อยู่: 456 หมู่ 1 Phahonyothin Rd, Tambon Chomphu, Amphoe Mueang Lampang, Chang Wat Lampang 52100, Thailand<br>เวลาทำการ: 00.00 น. - 24.00 น.<br>Latitude:: 18.251<br>Longitude:: 99.4552<br>Lat,long: 18.25199.4552]]></description>
        <styleUrl>#icon-ci-2-labelson</styleUrl>
        <ExtendedData>
          <Data name="จังหวัด">
            <value>ลำปาง</value>
          </Data>
          <Data name="ที่อยู่">
            <value>456 หมู่ 1 Phahonyothin Rd, Tambon Chomphu, Amphoe Mueang Lampang, Chang Wat Lampang 52100, Thailand</value>
          </Data>
          <Data name="เวลาทำการ">
            <value>00.00 น. - 24.00 น.</value>
          </Data>
          <Data name="Latitude:">
            <value>18.251</value>
          </Data>
          <Data name="Longitude:">
            <value>99.4552</value>
          </Data>
          <Data name="Lat,long">
            <value>18.25199.4552</value>
          </Data>
        </ExtendedData>
        <Point>
          <coordinates>
            99.4552,18.251,0
          </coordinates>
        </Point>
      </Placemark>
      <Placemark>
        <name>PEA VOLTA เชียงใหม่</name>
        <description><![CDATA[จังหวัด: เชียงใหม่<br>ที่อยู่: 208/1 วัดเกต เมืองเชียงใหม่, ตำบลวัดเกต อำเภอเมืองเชียงใหม่ เชียงใหม่ 50000, Thailand<br>เวลาทำการ: 00.00 น. - 24.00 น.<br>Latitude:: 18.7738<br>Longitude:: 99.0072<br>Lat,long: 18.773899.0072]]></description>
        <styleUrl>#icon-ci-2-labelson</styleUrl>
        <ExtendedData>
          <Data name="จังหวัด">
            <value>เชียงใหม่</value>
          </Data>
          <Data name="ที่อยู่">
            <value>208/1 วัดเกต เมืองเชียงใหม่, ตำบลวัดเกต อำเภอเมืองเชียงใหม่ เชียงใหม่ 50000, Thailand</value>
          </Data>
          <Data name="เวลาทำการ">
            <value>00.00 น. - 24.00 น.</value>
          </Data>
          <Data name="Latitude:">
            <value>18.7738</value>
          </Data>
          <Data name="Longitude:">
            <value>99.0072</value>
          </Data>
          <Data name="Lat,long">
            <value>18.773899.0072</value>
          </Data>
        </ExtendedData>
        <Point>
          <coordinates>
            99.0072,18.7738,0
          </coordinates>
        </Point>
      </Placemark>
      <Placemark>
        <name>PEA VOLTA ลำพูน</name>
        <description><![CDATA[จังหวัด: ลำพูน<br>ที่อยู่: 137 Lamphun-Pasang Rd, Nai Mueang, Amphoe Mueang Lamphun, Chang Wat Lamphun 51000, Thailand<br>เวลาทำการ: 00.00 น. - 24.00 น.<br>Latitude:: 18.5689<br>Longitude:: 98.9967<br>Lat,long: 18.568998.9967]]></description>
        <styleUrl>#icon-ci-2-labelson</styleUrl>
        <ExtendedData>
          <Data name="จังหวัด">
            <value>ลำพูน</value>
          </Data>
          <Data name="ที่อยู่">
            <value>137 Lamphun-Pasang Rd, Nai Mueang, Amphoe Mueang Lamphun, Chang Wat Lamphun 51000, Thailand</value>
          </Data>
          <Data name="เวลาทำการ">
            <value>00.00 น. - 24.00 น.</value>
          </Data>
          <Data name="Latitude:">
            <value>18.5689</value>
          </Data>
          <Data name="Longitude:">
            <value>98.9967</value>
          </Data>
          <Data name="Lat,long">
            <value>18.568998.9967</value>
          </Data>
        </ExtendedData>
        <Point>
          <coordinates>
            98.9967,18.5689,0
          </coordinates>
        </Point>
      </Placemark>
      <Placemark>
        <name>PEA VOLTA เพชรบูรณ์</name>
        <description><![CDATA[จังหวัด: เพชรบูรณ์<br>ที่อยู่: 2 Pratu Dao Alley, Tambon Sadiang, Amphoe Mueang Phetchabun, Chang Wat Phetchabun 67000, Thailand<br>เวลาทำการ: 00.00 น. - 24.00 น.<br>Latitude:: 16.4238<br>Longitude:: 101.163<br>Lat,long: 16.4238101.163]]></description>
        <styleUrl>#icon-ci-2-labelson</styleUrl>
        <ExtendedData>
          <Data name="จังหวัด">
            <value>เพชรบูรณ์</value>
          </Data>
          <Data name="ที่อยู่">
            <value>2 Pratu Dao Alley, Tambon Sadiang, Amphoe Mueang Phetchabun, Chang Wat Phetchabun 67000, Thailand</value>
          </Data>
          <Data name="เวลาทำการ">
            <value>00.00 น. - 24.00 น.</value>
          </Data>
          <Data name="Latitude:">
            <value>16.4238</value>
          </Data>
          <Data name="Longitude:">
            <value>101.163</value>
          </Data>
          <Data name="Lat,long">
            <value>16.4238101.163</value>
          </Data>
        </ExtendedData>
        <Point>
          <coordinates>
            101.163,16.4238,0
          </coordinates>
        </Point>
      </Placemark>
      <Placemark>
        <name>PEA VOLTA แคมป์สน</name>
        <description><![CDATA[จังหวัด: เพชรบูรณ์<br>ที่อยู่: Q25F+RW, Khaem Son, Khao Kho District, Phetchabun 67280, Thailand<br>เวลาทำการ: 00.00 น. - 24.00 น.<br>Latitude:: 16.7601<br>Longitude:: 101.025<br>Lat,long: 16.7601101.025]]></description>
        <styleUrl>#icon-ci-2-labelson</styleUrl>
        <ExtendedData>
          <Data name="จังหวัด">
            <value>เพชรบูรณ์</value>
          </Data>
          <Data name="ที่อยู่">
            <value>Q25F+RW, Khaem Son, Khao Kho District, Phetchabun 67280, Thailand</value>
          </Data>
          <Data name="เวลาทำการ">
            <value>00.00 น. - 24.00 น.</value>
          </Data>
          <Data name="Latitude:">
            <value>16.7601</value>
          </Data>
          <Data name="Longitude:">
            <value>101.025</value>
          </Data>
          <Data name="Lat,long">
            <value>16.7601101.025</value>
          </Data>
        </ExtendedData>
        <Point>
          <coordinates>
            101.025,16.7601,0
          </coordinates>
        </Point>
      </Placemark>
      <Placemark>
        <name>PEA VOLTA เขมราฐ</name>
        <description><![CDATA[จังหวัด: อุบลราชธานี<br>ที่อยู่: 129 Arun Prasert, Tambon Khemmarat, Amphoe Khemmarat, Chang Wat Ubon Ratchathani 34170, Thailand<br>เวลาทำการ: 00.00 น. - 24.00 น.<br>Latitude:: 16.0385<br>Longitude:: 105.216<br>Lat,long: 16.0385105.216]]></description>
        <styleUrl>#icon-ci-2-labelson</styleUrl>
        <ExtendedData>
          <Data name="จังหวัด">
            <value>อุบลราชธานี</value>
          </Data>
          <Data name="ที่อยู่">
            <value>129 Arun Prasert, Tambon Khemmarat, Amphoe Khemmarat, Chang Wat Ubon Ratchathani 34170, Thailand</value>
          </Data>
          <Data name="เวลาทำการ">
            <value>00.00 น. - 24.00 น.</value>
          </Data>
          <Data name="Latitude:">
            <value>16.0385</value>
          </Data>
          <Data name="Longitude:">
            <value>105.216</value>
          </Data>
          <Data name="Lat,long">
            <value>16.0385105.216</value>
          </Data>
        </ExtendedData>
        <Point>
          <coordinates>
            105.216,16.0385,0
          </coordinates>
        </Point>
      </Placemark>
      <Placemark>
        <name>PEA VOLTA สมเด็จ</name>
        <description><![CDATA[จังหวัด: กาฬสินธุ์<br>ที่อยู่: MPWX+2X5, Somdet, Somdet District, Kalasin 46150, Thailand<br>เวลาทำการ: 00.00 น. - 24.00 น.<br>Latitude:: 16.6951<br>Longitude:: 103.75<br>Lat,long: 16.6951103.75]]></description>
        <styleUrl>#icon-ci-2-labelson</styleUrl>
        <ExtendedData>
          <Data name="จังหวัด">
            <value>กาฬสินธุ์</value>
          </Data>
          <Data name="ที่อยู่">
            <value>MPWX+2X5, Somdet, Somdet District, Kalasin 46150, Thailand</value>
          </Data>
          <Data name="เวลาทำการ">
            <value>00.00 น. - 24.00 น.</value>
          </Data>
          <Data name="Latitude:">
            <value>16.6951</value>
          </Data>
          <Data name="Longitude:">
            <value>103.75</value>
          </Data>
          <Data name="Lat,long">
            <value>16.6951103.75</value>
          </Data>
        </ExtendedData>
        <Point>
          <coordinates>
            103.75,16.6951,0
          </coordinates>
        </Point>
      </Placemark>
      <Placemark>
        <name>PEA VOLTA สุวรรณภูมิ</name>
        <description><![CDATA[จังหวัด: ร้อยเอ็ด<br>ที่อยู่: JQ8R+V38, Sa Khu, Suwannaphum District, Roi Et 45130, Thailand<br>เวลาทำการ: 00.00 น. - 24.00 น.<br>Latitude:: 15.6172<br>Longitude:: 103.79<br>Lat,long: 15.6172103.79]]></description>
        <styleUrl>#icon-ci-2-labelson</styleUrl>
        <ExtendedData>
          <Data name="จังหวัด">
            <value>ร้อยเอ็ด</value>
          </Data>
          <Data name="ที่อยู่">
            <value>JQ8R+V38, Sa Khu, Suwannaphum District, Roi Et 45130, Thailand</value>
          </Data>
          <Data name="เวลาทำการ">
            <value>00.00 น. - 24.00 น.</value>
          </Data>
          <Data name="Latitude:">
            <value>15.6172</value>
          </Data>
          <Data name="Longitude:">
            <value>103.79</value>
          </Data>
          <Data name="Lat,long">
            <value>15.6172103.79</value>
          </Data>
        </ExtendedData>
        <Point>
          <coordinates>
            103.79,15.6172,0
          </coordinates>
        </Point>
      </Placemark>
      <Placemark>
        <name>PEA VOLTA วาปีปทุม</name>
        <description><![CDATA[จังหวัด: มหาสารคาม<br>ที่อยู่: 428 ม.1 หนองแสง Tambon Nong Saeng, Amphoe Wapi Pathum, Chang Wat Maha Sarakham 44120, Thailand<br>เวลาทำการ: 00.00 น. - 24.00 น.<br>Latitude:: 15.8498<br>Longitude:: 103.374<br>Lat,long: 15.8498103.374]]></description>
        <styleUrl>#icon-ci-2-labelson</styleUrl>
        <ExtendedData>
          <Data name="จังหวัด">
            <value>มหาสารคาม</value>
          </Data>
          <Data name="ที่อยู่">
            <value>428 ม.1 หนองแสง Tambon Nong Saeng, Amphoe Wapi Pathum, Chang Wat Maha Sarakham 44120, Thailand</value>
          </Data>
          <Data name="เวลาทำการ">
            <value>00.00 น. - 24.00 น.</value>
          </Data>
          <Data name="Latitude:">
            <value>15.8498</value>
          </Data>
          <Data name="Longitude:">
            <value>103.374</value>
          </Data>
          <Data name="Lat,long">
            <value>15.8498103.374</value>
          </Data>
        </ExtendedData>
        <Point>
          <coordinates>
            103.374,15.8498,0
          </coordinates>
        </Point>
      </Placemark>
      <Placemark>
        <name>PEA VOLTA เลิงนกทา</name>
        <description><![CDATA[จังหวัด: ยโสธร<br>ที่อยู่: 5, Tambon Sam Yaek, Amphoe Loeng Nok Tha, Chang Wat Yasothon 35120, Thailand<br>เวลาทำการ: 00.00 น. - 24.00 น.<br>Latitude:: 16.2016<br>Longitude:: 104.544<br>Lat,long: 16.2016104.544]]></description>
        <styleUrl>#icon-ci-2-labelson</styleUrl>
        <ExtendedData>
          <Data name="จังหวัด">
            <value>ยโสธร</value>
          </Data>
          <Data name="ที่อยู่">
            <value>5, Tambon Sam Yaek, Amphoe Loeng Nok Tha, Chang Wat Yasothon 35120, Thailand</value>
          </Data>
          <Data name="เวลาทำการ">
            <value>00.00 น. - 24.00 น.</value>
          </Data>
          <Data name="Latitude:">
            <value>16.2016</value>
          </Data>
          <Data name="Longitude:">
            <value>104.544</value>
          </Data>
          <Data name="Lat,long">
            <value>16.2016104.544</value>
          </Data>
        </ExtendedData>
        <Point>
          <coordinates>
            104.544,16.2016,0
          </coordinates>
        </Point>
      </Placemark>
      <Placemark>
        <name>PEA VOLTA อุบลราชธานี 2</name>
        <description><![CDATA[จังหวัด: อุบลราชธานี<br>ที่อยู่: 6 Soi Chayang Kun 42, ตำบลในเมือง, อำเภอเมือง, Chang Wat Ubon Ratchathani 34000, Thailand<br>เวลาทำการ: 00.00 น. - 24.00 น.<br>Latitude:: 15.27387598<br>Longitude:: 104.8502792<br>Lat,long: 15.2738759811091104.850279211638]]></description>
        <styleUrl>#icon-ci-2-labelson</styleUrl>
        <ExtendedData>
          <Data name="จังหวัด">
            <value>อุบลราชธานี</value>
          </Data>
          <Data name="ที่อยู่">
            <value>6 Soi Chayang Kun 42, ตำบลในเมือง, อำเภอเมือง, Chang Wat Ubon Ratchathani 34000, Thailand</value>
          </Data>
          <Data name="เวลาทำการ">
            <value>00.00 น. - 24.00 น.</value>
          </Data>
          <Data name="Latitude:">
            <value>15.27387598</value>
          </Data>
          <Data name="Longitude:">
            <value>104.8502792</value>
          </Data>
          <Data name="Lat,long">
            <value>15.2738759811091104.850279211638</value>
          </Data>
        </ExtendedData>
        <Point>
          <coordinates>
            104.8502792,15.27387598,0
          </coordinates>
        </Point>
      </Placemark>
      <Placemark>
        <name>PEA VOLTA จอมเทียน</name>
        <description><![CDATA[จังหวัด: ชลบุรี<br>ที่อยู่: VW5F+M5C 61 Muang Pattaya, Amphoe Bang Lamung, Chang Wat Chon Buri 20150, Thailand<br>เวลาทำการ: 00.00 น. - 24.00 น.<br>Latitude:: 12.85934429<br>Longitude:: 100.9229008<br>Lat,long: 12.8593442940068100.922900779059]]></description>
        <styleUrl>#icon-ci-2-labelson</styleUrl>
        <ExtendedData>
          <Data name="จังหวัด">
            <value>ชลบุรี</value>
          </Data>
          <Data name="ที่อยู่">
            <value>VW5F+M5C 61 Muang Pattaya, Amphoe Bang Lamung, Chang Wat Chon Buri 20150, Thailand</value>
          </Data>
          <Data name="เวลาทำการ">
            <value>00.00 น. - 24.00 น.</value>
          </Data>
          <Data name="Latitude:">
            <value>12.85934429</value>
          </Data>
          <Data name="Longitude:">
            <value>100.9229008</value>
          </Data>
          <Data name="Lat,long">
            <value>12.8593442940068100.922900779059</value>
          </Data>
        </ExtendedData>
        <Point>
          <coordinates>
            100.9229008,12.85934429,0
          </coordinates>
        </Point>
      </Placemark>
      <Placemark>
        <name>PEA VOLTA ภูเก็ต</name>
        <description><![CDATA[จังหวัด: ภูเก็ต<br>ที่อยู่: 15 Phangnga Rd, Tambon Talat Yai, Amphoe Mueang Phuket, Chang Wat Phuket 83000, Thailand<br>เวลาทำการ: 00.00 น. - 24.00 น.<br>Latitude:: 7.884087407<br>Longitude:: 98.39743137<br>Lat,long: 7.8840874072192898.3974313679032]]></description>
        <styleUrl>#icon-ci-2-labelson</styleUrl>
        <ExtendedData>
          <Data name="จังหวัด">
            <value>ภูเก็ต</value>
          </Data>
          <Data name="ที่อยู่">
            <value>15 Phangnga Rd, Tambon Talat Yai, Amphoe Mueang Phuket, Chang Wat Phuket 83000, Thailand</value>
          </Data>
          <Data name="เวลาทำการ">
            <value>00.00 น. - 24.00 น.</value>
          </Data>
          <Data name="Latitude:">
            <value>7.884087407</value>
          </Data>
          <Data name="Longitude:">
            <value>98.39743137</value>
          </Data>
          <Data name="Lat,long">
            <value>7.8840874072192898.3974313679032</value>
          </Data>
        </ExtendedData>
        <Point>
          <coordinates>
            98.39743137,7.884087407,0
          </coordinates>
        </Point>
      </Placemark>
      <Placemark>
        <name>PEA VOLTA ทุ่งสง</name>
        <description><![CDATA[จังหวัด: นครศรีธรรมราช<br>ที่อยู่: 4MMF+54Q, 403, Tambon Chamai, Amphoe Thung Song, Chang Wat Nakhon Si Thammarat 80110, Thailand<br>เวลาทำการ: 00.00 น. - 24.00 น.<br>Latitude:: 8.1329673<br>Longitude:: 99.6727595<br>Lat,long: 8.132967399.6727595]]></description>
        <styleUrl>#icon-ci-2-labelson</styleUrl>
        <ExtendedData>
          <Data name="จังหวัด">
            <value>นครศรีธรรมราช</value>
          </Data>
          <Data name="ที่อยู่">
            <value>4MMF+54Q, 403, Tambon Chamai, Amphoe Thung Song, Chang Wat Nakhon Si Thammarat 80110, Thailand</value>
          </Data>
          <Data name="เวลาทำการ">
            <value>00.00 น. - 24.00 น.</value>
          </Data>
          <Data name="Latitude:">
            <value>8.1329673</value>
          </Data>
          <Data name="Longitude:">
            <value>99.6727595</value>
          </Data>
          <Data name="Lat,long">
            <value>8.132967399.6727595</value>
          </Data>
        </ExtendedData>
        <Point>
          <coordinates>
            99.6727595,8.1329673,0
          </coordinates>
        </Point>
      </Placemark>
      <Placemark>
        <name>PEA VOLTA เกาะลันตา</name>
        <description><![CDATA[จังหวัด: กระบี่<br>ที่อยู่: G3HR+X6W, Ko Lanta Yai, Ko Lanta District, Krabi 81150, Thailand<br>เวลาทำการ: 00.00 น. - 24.00 น.<br>Latitude:: 7.5297501<br>Longitude:: 99.0910525<br>Lat,long: 7.529750199.0910525]]></description>
        <styleUrl>#icon-ci-2-labelson</styleUrl>
        <ExtendedData>
          <Data name="จังหวัด">
            <value>กระบี่</value>
          </Data>
          <Data name="ที่อยู่">
            <value>G3HR+X6W, Ko Lanta Yai, Ko Lanta District, Krabi 81150, Thailand</value>
          </Data>
          <Data name="เวลาทำการ">
            <value>00.00 น. - 24.00 น.</value>
          </Data>
          <Data name="Latitude:">
            <value>7.5297501</value>
          </Data>
          <Data name="Longitude:">
            <value>99.0910525</value>
          </Data>
          <Data name="Lat,long">
            <value>7.529750199.0910525</value>
          </Data>
        </ExtendedData>
        <Point>
          <coordinates>
            99.0910525,7.5297501,0
          </coordinates>
        </Point>
      </Placemark>
      <Placemark>
        <name>PEA VOLTA บ้านไร่</name>
        <description><![CDATA[จังหวัด: อุทัยธานี<br>ที่อยู่: 3HP2+CW5, 3011, Tambon Ban Bueng, Amphoe Ban Rai, Chang Wat Uthai Thani 61140, Thailand<br>เวลาทำการ: 00.00 น. - 24.00 น.<br>Latitude:: 15.0864885<br>Longitude:: 99.552961<br>Lat,long: 15.086488599.552961]]></description>
        <styleUrl>#icon-ci-2-labelson</styleUrl>
        <ExtendedData>
          <Data name="จังหวัด">
            <value>อุทัยธานี</value>
          </Data>
          <Data name="ที่อยู่">
            <value>3HP2+CW5, 3011, Tambon Ban Bueng, Amphoe Ban Rai, Chang Wat Uthai Thani 61140, Thailand</value>
          </Data>
          <Data name="เวลาทำการ">
            <value>00.00 น. - 24.00 น.</value>
          </Data>
          <Data name="Latitude:">
            <value>15.0864885</value>
          </Data>
          <Data name="Longitude:">
            <value>99.552961</value>
          </Data>
          <Data name="Lat,long">
            <value>15.086488599.552961</value>
          </Data>
        </ExtendedData>
        <Point>
          <coordinates>
            99.552961,15.0864885,0
          </coordinates>
        </Point>
      </Placemark>
      <Placemark>
        <name>PEA VOLTA สิงห์บุรี</name>
        <description><![CDATA[จังหวัด: สิงห์บุรี<br>ที่อยู่: WC46+R2 Bang Man, Mueang Sing Buri District, Sing Buri, Thailand<br>เวลาทำการ: 00.00 น. - 24.00 น.<br>Latitude:: 14.90705557<br>Longitude:: 100.4100578<br>Lat,long: 14.90705557100.4100578]]></description>
        <styleUrl>#icon-ci-2-labelson</styleUrl>
        <ExtendedData>
          <Data name="จังหวัด">
            <value>สิงห์บุรี</value>
          </Data>
          <Data name="ที่อยู่">
            <value>WC46+R2 Bang Man, Mueang Sing Buri District, Sing Buri, Thailand</value>
          </Data>
          <Data name="เวลาทำการ">
            <value>00.00 น. - 24.00 น.</value>
          </Data>
          <Data name="Latitude:">
            <value>14.90705557</value>
          </Data>
          <Data name="Longitude:">
            <value>100.4100578</value>
          </Data>
          <Data name="Lat,long">
            <value>14.90705557100.4100578</value>
          </Data>
        </ExtendedData>
        <Point>
          <coordinates>
            100.4100578,14.90705557,0
          </coordinates>
        </Point>
      </Placemark>
      <Placemark>
        <name>PEA VOLTA ลพบุรี</name>
        <description><![CDATA[จังหวัด: ลพบุรี<br>ที่อยู่: RM23+W5M, Thale Chup Son, Mueang Lop Buri District, Lopburi 15000, Thailand<br>เวลาทำการ: 00.00 น. - 24.00 น.<br>Latitude:: 14.8025195<br>Longitude:: 100.6533369<br>Lat,long: 14.8025195100.6533369]]></description>
        <styleUrl>#icon-ci-2-labelson</styleUrl>
        <ExtendedData>
          <Data name="จังหวัด">
            <value>ลพบุรี</value>
          </Data>
          <Data name="ที่อยู่">
            <value>RM23+W5M, Thale Chup Son, Mueang Lop Buri District, Lopburi 15000, Thailand</value>
          </Data>
          <Data name="เวลาทำการ">
            <value>00.00 น. - 24.00 น.</value>
          </Data>
          <Data name="Latitude:">
            <value>14.8025195</value>
          </Data>
          <Data name="Longitude:">
            <value>100.6533369</value>
          </Data>
          <Data name="Lat,long">
            <value>14.8025195100.6533369</value>
          </Data>
        </ExtendedData>
        <Point>
          <coordinates>
            100.6533369,14.8025195,0
          </coordinates>
        </Point>
      </Placemark>
    </Folder>
    <Folder>
      <name>120 kW</name>
      <Placemark>
        <name>PEA VOLTA สศช.</name>
        <description><![CDATA[จังหวัด: กทม.<br>ที่อยู่: สำนักงานสภาพัฒนาการเศรษฐกิจและสังคมแห่งชาติ<br>เวลาทำการ: 00:00 น. - 23:59 น.<br>Latitude:: 13.75735124<br>Longitude:: 100.5147776<br>Lat,long: 13.75735124100.5147776]]></description>
        <styleUrl>#icon-ci-3</styleUrl>
        <ExtendedData>
          <Data name="จังหวัด">
            <value>กทม.</value>
          </Data>
          <Data name="ที่อยู่">
            <value>สำนักงานสภาพัฒนาการเศรษฐกิจและสังคมแห่งชาติ</value>
          </Data>
          <Data name="เวลาทำการ">
            <value>00:00 น. - 23:59 น.</value>
          </Data>
          <Data name="Latitude:">
            <value>13.75735124</value>
          </Data>
          <Data name="Longitude:">
            <value>100.5147776</value>
          </Data>
          <Data name="Lat,long">
            <value>13.75735124100.5147776</value>
          </Data>
        </ExtendedData>
        <Point>
          <coordinates>
            100.5147776,13.75735124,0
          </coordinates>
        </Point>
      </Placemark>
      <Placemark>
        <name>PEA VOLTA จันทบุรี</name>
        <description><![CDATA[จังหวัด: จันทบุรี<br>ที่อยู่: การไฟฟ้าส่วนภูมิภาค กฟจ.จันทบุรี<br>เวลาทำการ: 00:00 น. - 23:59 น.<br>Latitude:: 12.596<br>Longitude:: 102.096<br>Lat,long: 12.596102.096]]></description>
        <styleUrl>#icon-ci-3</styleUrl>
        <ExtendedData>
          <Data name="จังหวัด">
            <value>จันทบุรี</value>
          </Data>
          <Data name="ที่อยู่">
            <value>การไฟฟ้าส่วนภูมิภาค กฟจ.จันทบุรี</value>
          </Data>
          <Data name="เวลาทำการ">
            <value>00:00 น. - 23:59 น.</value>
          </Data>
          <Data name="Latitude:">
            <value>12.596</value>
          </Data>
          <Data name="Longitude:">
            <value>102.096</value>
          </Data>
          <Data name="Lat,long">
            <value>12.596102.096</value>
          </Data>
        </ExtendedData>
        <Point>
          <coordinates>
            102.096,12.596,0
          </coordinates>
        </Point>
      </Placemark>
      <Placemark>
        <name>PEA VOLTA สุราษฎร์ธานี</name>
        <description><![CDATA[จังหวัด: สุราษฎร์ธานี<br>ที่อยู่: การไฟฟ้าส่วนภูมิภาค กฟจ.สุราษฎร์ธานี<br>เวลาทำการ: 00:00 น. - 23:59 น.<br>Latitude:: 9.13449<br>Longitude:: 99.3319<br>Lat,long: 9.1344999.3319]]></description>
        <styleUrl>#icon-ci-3</styleUrl>
        <ExtendedData>
          <Data name="จังหวัด">
            <value>สุราษฎร์ธานี</value>
          </Data>
          <Data name="ที่อยู่">
            <value>การไฟฟ้าส่วนภูมิภาค กฟจ.สุราษฎร์ธานี</value>
          </Data>
          <Data name="เวลาทำการ">
            <value>00:00 น. - 23:59 น.</value>
          </Data>
          <Data name="Latitude:">
            <value>9.13449</value>
          </Data>
          <Data name="Longitude:">
            <value>99.3319</value>
          </Data>
          <Data name="Lat,long">
            <value>9.1344999.3319</value>
          </Data>
        </ExtendedData>
        <Point>
          <coordinates>
            99.3319,9.13449,0
          </coordinates>
        </Point>
      </Placemark>
      <Placemark>
        <name>PEA VOLTA ตรัง</name>
        <description><![CDATA[จังหวัด: ตรัง<br>ที่อยู่: การไฟฟ้าส่วนภูมิภาค กฟจ.ตรัง<br>เวลาทำการ: 00:00 น. - 23:59 น.<br>Latitude:: 7.60705233<br>Longitude:: 99.59906769<br>Lat,long: 7.6070599.5991]]></description>
        <styleUrl>#icon-ci-3</styleUrl>
        <ExtendedData>
          <Data name="จังหวัด">
            <value>ตรัง</value>
          </Data>
          <Data name="ที่อยู่">
            <value>การไฟฟ้าส่วนภูมิภาค กฟจ.ตรัง</value>
          </Data>
          <Data name="เวลาทำการ">
            <value>00:00 น. - 23:59 น.</value>
          </Data>
          <Data name="Latitude:">
            <value>7.60705233</value>
          </Data>
          <Data name="Longitude:">
            <value>99.59906769</value>
          </Data>
          <Data name="Lat,long">
            <value>7.6070599.5991</value>
          </Data>
        </ExtendedData>
        <Point>
          <coordinates>
            99.59906769,7.60705233,0
          </coordinates>
        </Point>
      </Placemark>
      <Placemark>
        <name>PEA VOLTA 7-Eleven พรหมพิราม</name>
        <description><![CDATA[จังหวัด: พิษณุโลก<br>ที่อยู่: 7-11 สาขา ดงประคำ<br>เวลาทำการ: 00:00 น. - 23:59 น.<br>Latitude:: 17.197<br>Longitude:: 100.265<br>Lat,long: 17.197100.265]]></description>
        <styleUrl>#icon-ci-3</styleUrl>
        <ExtendedData>
          <Data name="จังหวัด">
            <value>พิษณุโลก</value>
          </Data>
          <Data name="ที่อยู่">
            <value>7-11 สาขา ดงประคำ</value>
          </Data>
          <Data name="เวลาทำการ">
            <value>00:00 น. - 23:59 น.</value>
          </Data>
          <Data name="Latitude:">
            <value>17.197</value>
          </Data>
          <Data name="Longitude:">
            <value>100.265</value>
          </Data>
          <Data name="Lat,long">
            <value>17.197100.265</value>
          </Data>
        </ExtendedData>
        <Point>
          <coordinates>
            100.265,17.197,0
          </coordinates>
        </Point>
      </Placemark>
      <Placemark>
        <name>PEA VOLTA คาลเท็กซ์ ขาณุวรลักษบุรี</name>
        <description><![CDATA[จังหวัด: กำแพงเพชร<br>ที่อยู่: สถานีบริการน้ำมัน - CALTEX ใต้ฟ้าปิโตรเลียม<br>เวลาทำการ: 00:00 น. - 23:59 น.<br>Latitude:: 16.0071<br>Longitude:: 99.7977<br>Lat,long: 16.007199.7977]]></description>
        <styleUrl>#icon-ci-3</styleUrl>
        <ExtendedData>
          <Data name="จังหวัด">
            <value>กำแพงเพชร</value>
          </Data>
          <Data name="ที่อยู่">
            <value>สถานีบริการน้ำมัน - CALTEX ใต้ฟ้าปิโตรเลียม</value>
          </Data>
          <Data name="เวลาทำการ">
            <value>00:00 น. - 23:59 น.</value>
          </Data>
          <Data name="Latitude:">
            <value>16.0071</value>
          </Data>
          <Data name="Longitude:">
            <value>99.7977</value>
          </Data>
          <Data name="Lat,long">
            <value>16.007199.7977</value>
          </Data>
        </ExtendedData>
        <Point>
          <coordinates>
            99.7977,16.0071,0
          </coordinates>
        </Point>
      </Placemark>
      <Placemark>
        <name>PEA VOLTA 7-Eleven ตะพานหิน</name>
        <description><![CDATA[จังหวัด: พิจิตร<br>ที่อยู่: 7-11 สาขา หน้าโรงพยาบาลสมเด็จพยุพราชตะพานหิน<br>เวลาทำการ: 00:00 น. - 23:59 น.<br>Latitude:: 16.2159<br>Longitude:: 100.439<br>Lat,long: 16.2159100.439]]></description>
        <styleUrl>#icon-ci-3</styleUrl>
        <ExtendedData>
          <Data name="จังหวัด">
            <value>พิจิตร</value>
          </Data>
          <Data name="ที่อยู่">
            <value>7-11 สาขา หน้าโรงพยาบาลสมเด็จพยุพราชตะพานหิน</value>
          </Data>
          <Data name="เวลาทำการ">
            <value>00:00 น. - 23:59 น.</value>
          </Data>
          <Data name="Latitude:">
            <value>16.2159</value>
          </Data>
          <Data name="Longitude:">
            <value>100.439</value>
          </Data>
          <Data name="Lat,long">
            <value>16.2159100.439</value>
          </Data>
        </ExtendedData>
        <Point>
          <coordinates>
            100.439,16.2159,0
          </coordinates>
        </Point>
      </Placemark>
      <Placemark>
        <name>PEA VOLTA คาลเท็กซ์ โนนศิลา</name>
        <description><![CDATA[จังหวัด: ขอนแก่น<br>ที่อยู่: สถานีบริการน้ำมัน - CALTEX ช.วิบูลย์ บ้านไผ่<br>เวลาทำการ: 00:00 น. - 23:59 น.<br>Latitude:: 16.0096<br>Longitude:: 102.704<br>Lat,long: 16.0096102.704]]></description>
        <styleUrl>#icon-ci-3</styleUrl>
        <ExtendedData>
          <Data name="จังหวัด">
            <value>ขอนแก่น</value>
          </Data>
          <Data name="ที่อยู่">
            <value>สถานีบริการน้ำมัน - CALTEX ช.วิบูลย์ บ้านไผ่</value>
          </Data>
          <Data name="เวลาทำการ">
            <value>00:00 น. - 23:59 น.</value>
          </Data>
          <Data name="Latitude:">
            <value>16.0096</value>
          </Data>
          <Data name="Longitude:">
            <value>102.704</value>
          </Data>
          <Data name="Lat,long">
            <value>16.0096102.704</value>
          </Data>
        </ExtendedData>
        <Point>
          <coordinates>
            102.704,16.0096,0
          </coordinates>
        </Point>
      </Placemark>
      <Placemark>
        <name>PEA VOLTA คาลเท็กซ์ เมืองขอนแก่น</name>
        <description><![CDATA[จังหวัด: ขอนแก่น<br>ที่อยู่: สถานีบริการน้ำมัน - CALTEX บจก. ทีอาร์ที เชน คอร์ปอเรชั่น<br>เวลาทำการ: 00:00 น. - 23:59 น.<br>Latitude:: 16.438<br>Longitude:: 102.926<br>Lat,long: 16.438102.926]]></description>
        <styleUrl>#icon-ci-3</styleUrl>
        <ExtendedData>
          <Data name="จังหวัด">
            <value>ขอนแก่น</value>
          </Data>
          <Data name="ที่อยู่">
            <value>สถานีบริการน้ำมัน - CALTEX บจก. ทีอาร์ที เชน คอร์ปอเรชั่น</value>
          </Data>
          <Data name="เวลาทำการ">
            <value>00:00 น. - 23:59 น.</value>
          </Data>
          <Data name="Latitude:">
            <value>16.438</value>
          </Data>
          <Data name="Longitude:">
            <value>102.926</value>
          </Data>
          <Data name="Lat,long">
            <value>16.438102.926</value>
          </Data>
        </ExtendedData>
        <Point>
          <coordinates>
            102.926,16.438,0
          </coordinates>
        </Point>
      </Placemark>
      <Placemark>
        <name>PEA VOLTA คาลเท็กซ์ โนนสะอาด</name>
        <description><![CDATA[จังหวัด: อุดรธานี<br>ที่อยู่: สถานีบริการน้ำมัน - CALTEX หจก. ช.วิบูลย์โนนสะอาด<br>เวลาทำการ: 00:00 น. - 23:59 น.<br>Latitude:: 16.9908<br>Longitude:: 102.893<br>Lat,long: 16.9908102.893]]></description>
        <styleUrl>#icon-ci-3</styleUrl>
        <ExtendedData>
          <Data name="จังหวัด">
            <value>อุดรธานี</value>
          </Data>
          <Data name="ที่อยู่">
            <value>สถานีบริการน้ำมัน - CALTEX หจก. ช.วิบูลย์โนนสะอาด</value>
          </Data>
          <Data name="เวลาทำการ">
            <value>00:00 น. - 23:59 น.</value>
          </Data>
          <Data name="Latitude:">
            <value>16.9908</value>
          </Data>
          <Data name="Longitude:">
            <value>102.893</value>
          </Data>
          <Data name="Lat,long">
            <value>16.9908102.893</value>
          </Data>
        </ExtendedData>
        <Point>
          <coordinates>
            102.893,16.9908,0
          </coordinates>
        </Point>
      </Placemark>
      <Placemark>
        <name>PEA VOLTA คาลเท็กซ์ หนองหาน</name>
        <description><![CDATA[จังหวัด: อุดรธานี<br>ที่อยู่: สถานีบริการน้ำมัน - CALTEX หจก. ช.วิบูลย์หนองหาน<br>เวลาทำการ: 00:00 น. - 23:59 น.<br>Latitude:: 17.3624<br>Longitude:: 103.152<br>Lat,long: 17.3624103.152]]></description>
        <styleUrl>#icon-ci-3</styleUrl>
        <ExtendedData>
          <Data name="จังหวัด">
            <value>อุดรธานี</value>
          </Data>
          <Data name="ที่อยู่">
            <value>สถานีบริการน้ำมัน - CALTEX หจก. ช.วิบูลย์หนองหาน</value>
          </Data>
          <Data name="เวลาทำการ">
            <value>00:00 น. - 23:59 น.</value>
          </Data>
          <Data name="Latitude:">
            <value>17.3624</value>
          </Data>
          <Data name="Longitude:">
            <value>103.152</value>
          </Data>
          <Data name="Lat,long">
            <value>17.3624103.152</value>
          </Data>
        </ExtendedData>
        <Point>
          <coordinates>
            103.152,17.3624,0
          </coordinates>
        </Point>
      </Placemark>
      <Placemark>
        <name>PEA VOLTA บางจาก เมืองขอนแก่น (หน้า มข.)</name>
        <description><![CDATA[จังหวัด: ขอนแก่น<br>ที่อยู่: BCP - ขอนแก่น(หน้า มข.)<br>เวลาทำการ: 00:00 น. - 23:59 น.<br>Latitude:: 16.4611<br>Longitude:: 102.832<br>Lat,long: 16.4611102.832]]></description>
        <styleUrl>#icon-ci-3</styleUrl>
        <ExtendedData>
          <Data name="จังหวัด">
            <value>ขอนแก่น</value>
          </Data>
          <Data name="ที่อยู่">
            <value>BCP - ขอนแก่น(หน้า มข.)</value>
          </Data>
          <Data name="เวลาทำการ">
            <value>00:00 น. - 23:59 น.</value>
          </Data>
          <Data name="Latitude:">
            <value>16.4611</value>
          </Data>
          <Data name="Longitude:">
            <value>102.832</value>
          </Data>
          <Data name="Lat,long">
            <value>16.4611102.832</value>
          </Data>
        </ExtendedData>
        <Point>
          <coordinates>
            102.832,16.4611,0
          </coordinates>
        </Point>
      </Placemark>
      <Placemark>
        <name>PEA VOLTA ศูนย์การค้าอยุธยาซิตี้พาร์ค</name>
        <description><![CDATA[จังหวัด: พระนครศรีอยุธยา<br>ที่อยู่: ศูนย์การค้าอยุธยาซิตี้พาร์ค<br>เวลาทำการ: 00:00 น. - 23:59 น.<br>Latitude:: 14.3368<br>Longitude:: 100.61<br>Lat,long: 14.3368100.61]]></description>
        <styleUrl>#icon-ci-3</styleUrl>
        <ExtendedData>
          <Data name="จังหวัด">
            <value>พระนครศรีอยุธยา</value>
          </Data>
          <Data name="ที่อยู่">
            <value>ศูนย์การค้าอยุธยาซิตี้พาร์ค</value>
          </Data>
          <Data name="เวลาทำการ">
            <value>00:00 น. - 23:59 น.</value>
          </Data>
          <Data name="Latitude:">
            <value>14.3368</value>
          </Data>
          <Data name="Longitude:">
            <value>100.61</value>
          </Data>
          <Data name="Lat,long">
            <value>14.3368100.61</value>
          </Data>
        </ExtendedData>
        <Point>
          <coordinates>
            100.61,14.3368,0
          </coordinates>
        </Point>
      </Placemark>
      <Placemark>
        <name>PEA VOLTA บางจาก คลองหลวง</name>
        <description><![CDATA[จังหวัด: ปทุมธานี<br>ที่อยู่: BCP - ถ.พหลโยธิน กม.33 (ขาออก)<br>เวลาทำการ: 00:00 น. - 23:59 น.<br>Latitude:: 14.0005<br>Longitude:: 100.613<br>Lat,long: 14.0005100.613]]></description>
        <styleUrl>#icon-ci-3</styleUrl>
        <ExtendedData>
          <Data name="จังหวัด">
            <value>ปทุมธานี</value>
          </Data>
          <Data name="ที่อยู่">
            <value>BCP - ถ.พหลโยธิน กม.33 (ขาออก)</value>
          </Data>
          <Data name="เวลาทำการ">
            <value>00:00 น. - 23:59 น.</value>
          </Data>
          <Data name="Latitude:">
            <value>14.0005</value>
          </Data>
          <Data name="Longitude:">
            <value>100.613</value>
          </Data>
          <Data name="Lat,long">
            <value>14.0005100.613</value>
          </Data>
        </ExtendedData>
        <Point>
          <coordinates>
            100.613,14.0005,0
          </coordinates>
        </Point>
      </Placemark>
      <Placemark>
        <name>PEA VOLTA 7-Eleven ลาดบัวหลวง</name>
        <description><![CDATA[จังหวัด: พระนครศรีอยุธยา<br>ที่อยู่: 7-11 สาขา ถนน 340 ลาดบัวหลวง<br>เวลาทำการ: 00:00 น. - 23:59 น.<br>Latitude:: 14.1571<br>Longitude:: 100.29<br>Lat,long: 14.1571100.29]]></description>
        <styleUrl>#icon-ci-3</styleUrl>
        <ExtendedData>
          <Data name="จังหวัด">
            <value>พระนครศรีอยุธยา</value>
          </Data>
          <Data name="ที่อยู่">
            <value>7-11 สาขา ถนน 340 ลาดบัวหลวง</value>
          </Data>
          <Data name="เวลาทำการ">
            <value>00:00 น. - 23:59 น.</value>
          </Data>
          <Data name="Latitude:">
            <value>14.1571</value>
          </Data>
          <Data name="Longitude:">
            <value>100.29</value>
          </Data>
          <Data name="Lat,long">
            <value>14.1571100.29</value>
          </Data>
        </ExtendedData>
        <Point>
          <coordinates>
            100.29,14.1571,0
          </coordinates>
        </Point>
      </Placemark>
      <Placemark>
        <name>PEA VOLTA คาลเท็กซ์ ศรีราชา (เขาคันทรง)</name>
        <description><![CDATA[จังหวัด: ชลบุรี<br>ที่อยู่: สถานีบริการน้ำมัน - CALTEX บจก. ซุปเปอร์สตาร์ ปิโตรเลียม<br>เวลาทำการ: 00:00 น. - 23:59 น.<br>Latitude:: 13.1076<br>Longitude:: 101.145<br>Lat,long: 13.1076101.145]]></description>
        <styleUrl>#icon-ci-3</styleUrl>
        <ExtendedData>
          <Data name="จังหวัด">
            <value>ชลบุรี</value>
          </Data>
          <Data name="ที่อยู่">
            <value>สถานีบริการน้ำมัน - CALTEX บจก. ซุปเปอร์สตาร์ ปิโตรเลียม</value>
          </Data>
          <Data name="เวลาทำการ">
            <value>00:00 น. - 23:59 น.</value>
          </Data>
          <Data name="Latitude:">
            <value>13.1076</value>
          </Data>
          <Data name="Longitude:">
            <value>101.145</value>
          </Data>
          <Data name="Lat,long">
            <value>13.1076101.145</value>
          </Data>
        </ExtendedData>
        <Point>
          <coordinates>
            101.145,13.1076,0
          </coordinates>
        </Point>
      </Placemark>
      <Placemark>
        <name>PEA VOLTA คาลเท็กซ์ ศรีราชา 2 (หนองขาม)</name>
        <description><![CDATA[จังหวัด: ชลบุรี<br>ที่อยู่: สถานีบริการน้ำมัน - CALTEX บจก. เต็กย้ง เพิ่มพูนทรัพย์<br>เวลาทำการ: 00:00 น. - 23:59 น.<br>Latitude:: 13.118<br>Longitude:: 101.031<br>Lat,long: 13.118101.031]]></description>
        <styleUrl>#icon-ci-3</styleUrl>
        <ExtendedData>
          <Data name="จังหวัด">
            <value>ชลบุรี</value>
          </Data>
          <Data name="ที่อยู่">
            <value>สถานีบริการน้ำมัน - CALTEX บจก. เต็กย้ง เพิ่มพูนทรัพย์</value>
          </Data>
          <Data name="เวลาทำการ">
            <value>00:00 น. - 23:59 น.</value>
          </Data>
          <Data name="Latitude:">
            <value>13.118</value>
          </Data>
          <Data name="Longitude:">
            <value>101.031</value>
          </Data>
          <Data name="Lat,long">
            <value>13.118101.031</value>
          </Data>
        </ExtendedData>
        <Point>
          <coordinates>
            101.031,13.118,0
          </coordinates>
        </Point>
      </Placemark>
      <Placemark>
        <name>PEA VOLTA บางจาก พนัสนิคม</name>
        <description><![CDATA[จังหวัด: ชลบุรี<br>ที่อยู่: BCP - บริษัท ยูนิตี้ ปิโตรเลียม จำกัด<br>เวลาทำการ: 00:00 น. - 23:59 น.<br>Latitude:: 13.4357<br>Longitude:: 101.283<br>Lat,long: 13.4357101.283]]></description>
        <styleUrl>#icon-ci-3</styleUrl>
        <ExtendedData>
          <Data name="จังหวัด">
            <value>ชลบุรี</value>
          </Data>
          <Data name="ที่อยู่">
            <value>BCP - บริษัท ยูนิตี้ ปิโตรเลียม จำกัด</value>
          </Data>
          <Data name="เวลาทำการ">
            <value>00:00 น. - 23:59 น.</value>
          </Data>
          <Data name="Latitude:">
            <value>13.4357</value>
          </Data>
          <Data name="Longitude:">
            <value>101.283</value>
          </Data>
          <Data name="Lat,long">
            <value>13.4357101.283</value>
          </Data>
        </ExtendedData>
        <Point>
          <coordinates>
            101.283,13.4357,0
          </coordinates>
        </Point>
      </Placemark>
      <Placemark>
        <name>PEA VOLTA คาลเท็กซ์ บ้านฉาง</name>
        <description><![CDATA[จังหวัด: ระยอง<br>ที่อยู่: สถานีบริการน้ำมัน - CALTEX พรมยุรี<br>เวลาทำการ: 00:00 น. - 23:59 น.<br>Latitude:: 12.7468<br>Longitude:: 101.099<br>Lat,long: 12.7468101.099]]></description>
        <styleUrl>#icon-ci-3</styleUrl>
        <ExtendedData>
          <Data name="จังหวัด">
            <value>ระยอง</value>
          </Data>
          <Data name="ที่อยู่">
            <value>สถานีบริการน้ำมัน - CALTEX พรมยุรี</value>
          </Data>
          <Data name="เวลาทำการ">
            <value>00:00 น. - 23:59 น.</value>
          </Data>
          <Data name="Latitude:">
            <value>12.7468</value>
          </Data>
          <Data name="Longitude:">
            <value>101.099</value>
          </Data>
          <Data name="Lat,long">
            <value>12.7468101.099</value>
          </Data>
        </ExtendedData>
        <Point>
          <coordinates>
            101.099,12.7468,0
          </coordinates>
        </Point>
      </Placemark>
      <Placemark>
        <name>PEA VOLTA คาลเท็กซ์ นิคมพัฒนา</name>
        <description><![CDATA[จังหวัด: ระยอง<br>ที่อยู่: สถานีบริการน้ำมัน - CALTEX บจก. ชานนท์ ปิโตรเลียม 2020<br>เวลาทำการ: 00:00 น. - 23:59 น.<br>Latitude:: 12.8421<br>Longitude:: 101.119<br>Lat,long: 12.8421101.119]]></description>
        <styleUrl>#icon-ci-3</styleUrl>
        <ExtendedData>
          <Data name="จังหวัด">
            <value>ระยอง</value>
          </Data>
          <Data name="ที่อยู่">
            <value>สถานีบริการน้ำมัน - CALTEX บจก. ชานนท์ ปิโตรเลียม 2020</value>
          </Data>
          <Data name="เวลาทำการ">
            <value>00:00 น. - 23:59 น.</value>
          </Data>
          <Data name="Latitude:">
            <value>12.8421</value>
          </Data>
          <Data name="Longitude:">
            <value>101.119</value>
          </Data>
          <Data name="Lat,long">
            <value>12.8421101.119</value>
          </Data>
        </ExtendedData>
        <Point>
          <coordinates>
            101.119,12.8421,0
          </coordinates>
        </Point>
      </Placemark>
      <Placemark>
        <name>PEA VOLTA เอสโซ่ สอยดาว</name>
        <description><![CDATA[จังหวัด: จันทบุรี<br>ที่อยู่: สถานีบริการน้ำมันน้ำมัน - ESSO สาขาสอยดาว<br>เวลาทำการ: 00:00 น. - 23:59 น.<br>Latitude:: 13.1106<br>Longitude:: 102.225<br>Lat,long: 13.1106102.225]]></description>
        <styleUrl>#icon-ci-3</styleUrl>
        <ExtendedData>
          <Data name="จังหวัด">
            <value>จันทบุรี</value>
          </Data>
          <Data name="ที่อยู่">
            <value>สถานีบริการน้ำมันน้ำมัน - ESSO สาขาสอยดาว</value>
          </Data>
          <Data name="เวลาทำการ">
            <value>00:00 น. - 23:59 น.</value>
          </Data>
          <Data name="Latitude:">
            <value>13.1106</value>
          </Data>
          <Data name="Longitude:">
            <value>102.225</value>
          </Data>
          <Data name="Lat,long">
            <value>13.1106102.225</value>
          </Data>
        </ExtendedData>
        <Point>
          <coordinates>
            102.225,13.1106,0
          </coordinates>
        </Point>
      </Placemark>
      <Placemark>
        <name>PEA VOLTA บางจาก ปราณบุรี</name>
        <description><![CDATA[จังหวัด: ประจวบคีรีขันธ์<br>ที่อยู่: BCP - หจก.ไทยแก๊สปิโตรเลียม<br>เวลาทำการ: 00:00 น. - 23:59 น.<br>Latitude:: 12.3786<br>Longitude:: 99.8914<br>Lat,long: 12.378699.8914]]></description>
        <styleUrl>#icon-ci-3</styleUrl>
        <ExtendedData>
          <Data name="จังหวัด">
            <value>ประจวบคีรีขันธ์</value>
          </Data>
          <Data name="ที่อยู่">
            <value>BCP - หจก.ไทยแก๊สปิโตรเลียม</value>
          </Data>
          <Data name="เวลาทำการ">
            <value>00:00 น. - 23:59 น.</value>
          </Data>
          <Data name="Latitude:">
            <value>12.3786</value>
          </Data>
          <Data name="Longitude:">
            <value>99.8914</value>
          </Data>
          <Data name="Lat,long">
            <value>12.378699.8914</value>
          </Data>
        </ExtendedData>
        <Point>
          <coordinates>
            99.8914,12.3786,0
          </coordinates>
        </Point>
      </Placemark>
      <Placemark>
        <name>PEA VOLTA คาลเท็กซ์ เขาย้อย</name>
        <description><![CDATA[จังหวัด: เพชรบุรี<br>ที่อยู่: สถานีบริการน้ำมัน - CALTEX บจก. สตาร์โกลด์ปิโตรเลียม<br>เวลาทำการ: 00:00 น. - 23:59 น.<br>Latitude:: 13.283<br>Longitude:: 99.8201<br>Lat,long: 13.28399.8201]]></description>
        <styleUrl>#icon-ci-3</styleUrl>
        <ExtendedData>
          <Data name="จังหวัด">
            <value>เพชรบุรี</value>
          </Data>
          <Data name="ที่อยู่">
            <value>สถานีบริการน้ำมัน - CALTEX บจก. สตาร์โกลด์ปิโตรเลียม</value>
          </Data>
          <Data name="เวลาทำการ">
            <value>00:00 น. - 23:59 น.</value>
          </Data>
          <Data name="Latitude:">
            <value>13.283</value>
          </Data>
          <Data name="Longitude:">
            <value>99.8201</value>
          </Data>
          <Data name="Lat,long">
            <value>13.28399.8201</value>
          </Data>
        </ExtendedData>
        <Point>
          <coordinates>
            99.8201,13.283,0
          </coordinates>
        </Point>
      </Placemark>
      <Placemark>
        <name>PEA VOLTA คาลเท็กซ์ บ้านนาเดิม</name>
        <description><![CDATA[จังหวัด: สุราษฎร์ธานี<br>ที่อยู่: สถานีบริการน้ำมัน - CALTEX บจก. พี.เอ็ม. ออยล์<br>เวลาทำการ: 00:00 น. - 23:59 น.<br>Latitude:: 8.8834<br>Longitude:: 99.2945<br>Lat,long: 8.883499.2945]]></description>
        <styleUrl>#icon-ci-3</styleUrl>
        <ExtendedData>
          <Data name="จังหวัด">
            <value>สุราษฎร์ธานี</value>
          </Data>
          <Data name="ที่อยู่">
            <value>สถานีบริการน้ำมัน - CALTEX บจก. พี.เอ็ม. ออยล์</value>
          </Data>
          <Data name="เวลาทำการ">
            <value>00:00 น. - 23:59 น.</value>
          </Data>
          <Data name="Latitude:">
            <value>8.8834</value>
          </Data>
          <Data name="Longitude:">
            <value>99.2945</value>
          </Data>
          <Data name="Lat,long">
            <value>8.883499.2945</value>
          </Data>
        </ExtendedData>
        <Point>
          <coordinates>
            99.2945,8.8834,0
          </coordinates>
        </Point>
      </Placemark>
      <Placemark>
        <name>PEA VOLTA คาลเท็กซ์ ตะกั่วทุ่ง</name>
        <description><![CDATA[จังหวัด: พังงา<br>ที่อยู่: สถานีบริการน้ำมัน - CALTEX บจก. เดอะ บลู สเตชั่น สาขา 0001<br>เวลาทำการ: 00:00 น. - 23:59 น.<br>Latitude:: 8.26801<br>Longitude:: 98.3332<br>Lat,long: 8.2680198.3332]]></description>
        <styleUrl>#icon-ci-3</styleUrl>
        <ExtendedData>
          <Data name="จังหวัด">
            <value>พังงา</value>
          </Data>
          <Data name="ที่อยู่">
            <value>สถานีบริการน้ำมัน - CALTEX บจก. เดอะ บลู สเตชั่น สาขา 0001</value>
          </Data>
          <Data name="เวลาทำการ">
            <value>00:00 น. - 23:59 น.</value>
          </Data>
          <Data name="Latitude:">
            <value>8.26801</value>
          </Data>
          <Data name="Longitude:">
            <value>98.3332</value>
          </Data>
          <Data name="Lat,long">
            <value>8.2680198.3332</value>
          </Data>
        </ExtendedData>
        <Point>
          <coordinates>
            98.3332,8.26801,0
          </coordinates>
        </Point>
      </Placemark>
      <Placemark>
        <name>PEA VOLTA คาลเท็กซ์ ทับปุด</name>
        <description><![CDATA[จังหวัด: พังงา<br>ที่อยู่: สถานีบริการน้ำมัน - CALTEX บริษัท จันตนาและบุตร จำกัด สาขา 00001<br>เวลาทำการ: 00:00 น. - 23:59 น.<br>Latitude:: 8.47639<br>Longitude:: 98.6056<br>Lat,long: 8.4763998.6056]]></description>
        <styleUrl>#icon-ci-3</styleUrl>
        <ExtendedData>
          <Data name="จังหวัด">
            <value>พังงา</value>
          </Data>
          <Data name="ที่อยู่">
            <value>สถานีบริการน้ำมัน - CALTEX บริษัท จันตนาและบุตร จำกัด สาขา 00001</value>
          </Data>
          <Data name="เวลาทำการ">
            <value>00:00 น. - 23:59 น.</value>
          </Data>
          <Data name="Latitude:">
            <value>8.47639</value>
          </Data>
          <Data name="Longitude:">
            <value>98.6056</value>
          </Data>
          <Data name="Lat,long">
            <value>8.4763998.6056</value>
          </Data>
        </ExtendedData>
        <Point>
          <coordinates>
            98.6056,8.47639,0
          </coordinates>
        </Point>
      </Placemark>
      <Placemark>
        <name>PEA VOLTA 7-Eleven ปลายพระยา</name>
        <description><![CDATA[จังหวัด: กระบี่<br>ที่อยู่: 7-11 สาขา ถนนเซาเทิร์นกระบี่-สุราษฎร์ฯ<br>เวลาทำการ: 00:00 น. - 23:59 น.<br>Latitude:: 8.49899<br>Longitude:: 98.882<br>Lat,long: 8.4989998.882]]></description>
        <styleUrl>#icon-ci-3</styleUrl>
        <ExtendedData>
          <Data name="จังหวัด">
            <value>กระบี่</value>
          </Data>
          <Data name="ที่อยู่">
            <value>7-11 สาขา ถนนเซาเทิร์นกระบี่-สุราษฎร์ฯ</value>
          </Data>
          <Data name="เวลาทำการ">
            <value>00:00 น. - 23:59 น.</value>
          </Data>
          <Data name="Latitude:">
            <value>8.49899</value>
          </Data>
          <Data name="Longitude:">
            <value>98.882</value>
          </Data>
          <Data name="Lat,long">
            <value>8.4989998.882</value>
          </Data>
        </ExtendedData>
        <Point>
          <coordinates>
            98.882,8.49899,0
          </coordinates>
        </Point>
      </Placemark>
      <Placemark>
        <name>PEA VOLTA เชียงใหม่ #2</name>
        <description><![CDATA[จังหวัด: เชียงใหม่<br>ที่อยู่: การไฟฟ้าส่วนภูมิภาค กฟจ.เชียงใหม่<br>เวลาทำการ: 00:00 น. - 23:59 น.<br>Latitude:: 18.77393304<br>Longitude:: 99.00753287<br>Lat,long: 18.773933040689899.0075328736491]]></description>
        <styleUrl>#icon-ci-3</styleUrl>
        <ExtendedData>
          <Data name="จังหวัด">
            <value>เชียงใหม่</value>
          </Data>
          <Data name="ที่อยู่">
            <value>การไฟฟ้าส่วนภูมิภาค กฟจ.เชียงใหม่</value>
          </Data>
          <Data name="เวลาทำการ">
            <value>00:00 น. - 23:59 น.</value>
          </Data>
          <Data name="Latitude:">
            <value>18.77393304</value>
          </Data>
          <Data name="Longitude:">
            <value>99.00753287</value>
          </Data>
          <Data name="Lat,long">
            <value>18.773933040689899.0075328736491</value>
          </Data>
        </ExtendedData>
        <Point>
          <coordinates>
            99.00753287,18.77393304,0
          </coordinates>
        </Point>
      </Placemark>
      <Placemark>
        <name>PEA VOLTA ปาย</name>
        <description><![CDATA[จังหวัด: แม่ฮ่องสอน<br>ที่อยู่: การไฟฟ้าส่วนภูมิภาค กฟอ.ปาย<br>เวลาทำการ: 00:00 น. - 23:59 น.<br>Latitude:: 19.35856819<br>Longitude:: 98.43426733<br>Lat,long: 19.358568187300298.4342673258001]]></description>
        <styleUrl>#icon-ci-3</styleUrl>
        <ExtendedData>
          <Data name="จังหวัด">
            <value>แม่ฮ่องสอน</value>
          </Data>
          <Data name="ที่อยู่">
            <value>การไฟฟ้าส่วนภูมิภาค กฟอ.ปาย</value>
          </Data>
          <Data name="เวลาทำการ">
            <value>00:00 น. - 23:59 น.</value>
          </Data>
          <Data name="Latitude:">
            <value>19.35856819</value>
          </Data>
          <Data name="Longitude:">
            <value>98.43426733</value>
          </Data>
          <Data name="Lat,long">
            <value>19.358568187300298.4342673258001</value>
          </Data>
        </ExtendedData>
        <Point>
          <coordinates>
            98.43426733,19.35856819,0
          </coordinates>
        </Point>
      </Placemark>
      <Placemark>
        <name>PEA VOLTA พิษณุโลก</name>
        <description><![CDATA[จังหวัด: พิษณุโลก<br>ที่อยู่: การไฟฟ้าส่วนภูมิภาค กฟจ.พิษณุโลก <br>เวลาทำการ: 00:00 น. - 23:59 น.<br>Latitude:: 16.81764502<br>Longitude:: 100.3222451<br>Lat,long: 16.8176450246871100.322245090517]]></description>
        <styleUrl>#icon-ci-3</styleUrl>
        <ExtendedData>
          <Data name="จังหวัด">
            <value>พิษณุโลก</value>
          </Data>
          <Data name="ที่อยู่">
            <value>การไฟฟ้าส่วนภูมิภาค กฟจ.พิษณุโลก </value>
          </Data>
          <Data name="เวลาทำการ">
            <value>00:00 น. - 23:59 น.</value>
          </Data>
          <Data name="Latitude:">
            <value>16.81764502</value>
          </Data>
          <Data name="Longitude:">
            <value>100.3222451</value>
          </Data>
          <Data name="Lat,long">
            <value>16.8176450246871100.322245090517</value>
          </Data>
        </ExtendedData>
        <Point>
          <coordinates>
            100.3222451,16.81764502,0
          </coordinates>
        </Point>
      </Placemark>
      <Placemark>
        <name>PEA VOLTA เขตลพบุรี</name>
        <description><![CDATA[จังหวัด: ลพบุรี<br>ที่อยู่: การไฟฟ้าส่วนภูมิภาค เขต 3 (ภาคเหนือ) จังหวัดลพบุรี<br>เวลาทำการ: 00:00 น. - 23:59 น.<br>Latitude:: 14.80246541<br>Longitude:: 100.653408<br>Lat,long: 14.8024654085289100.653407995242]]></description>
        <styleUrl>#icon-ci-3</styleUrl>
        <ExtendedData>
          <Data name="จังหวัด">
            <value>ลพบุรี</value>
          </Data>
          <Data name="ที่อยู่">
            <value>การไฟฟ้าส่วนภูมิภาค เขต 3 (ภาคเหนือ) จังหวัดลพบุรี</value>
          </Data>
          <Data name="เวลาทำการ">
            <value>00:00 น. - 23:59 น.</value>
          </Data>
          <Data name="Latitude:">
            <value>14.80246541</value>
          </Data>
          <Data name="Longitude:">
            <value>100.653408</value>
          </Data>
          <Data name="Lat,long">
            <value>14.8024654085289100.653407995242</value>
          </Data>
        </ExtendedData>
        <Point>
          <coordinates>
            100.653408,14.80246541,0
          </coordinates>
        </Point>
      </Placemark>
      <Placemark>
        <name>PEA VOLTA เขตนครราชสีมา</name>
        <description><![CDATA[จังหวัด: นครราชสีมา<br>ที่อยู่: การไฟฟ้าส่วนภูมิภาค เขต 3 (ภาคตะวันออกฉียงเหนือ) จังหวัดนครราชสีมา<br>เวลาทำการ: 00:00 น. - 23:59 น.<br>Latitude:: 14.95043011<br>Longitude:: 102.018446<br>Lat,long: 14.9504301058466102.018445954189]]></description>
        <styleUrl>#icon-ci-3</styleUrl>
        <ExtendedData>
          <Data name="จังหวัด">
            <value>นครราชสีมา</value>
          </Data>
          <Data name="ที่อยู่">
            <value>การไฟฟ้าส่วนภูมิภาค เขต 3 (ภาคตะวันออกฉียงเหนือ) จังหวัดนครราชสีมา</value>
          </Data>
          <Data name="เวลาทำการ">
            <value>00:00 น. - 23:59 น.</value>
          </Data>
          <Data name="Latitude:">
            <value>14.95043011</value>
          </Data>
          <Data name="Longitude:">
            <value>102.018446</value>
          </Data>
          <Data name="Lat,long">
            <value>14.9504301058466102.018445954189</value>
          </Data>
        </ExtendedData>
        <Point>
          <coordinates>
            102.018446,14.95043011,0
          </coordinates>
        </Point>
      </Placemark>
      <Placemark>
        <name>PEA VOLTA เขตพระนครศรีอยุธยา </name>
        <description><![CDATA[จังหวัด: พระนครศรีอยุธยา<br>ที่อยู่: การไฟฟ้าส่วนภูมิภาค เขต 1 (ภาคกลาง) จังหวัดอยุธยา<br>เวลาทำการ: 00:00 น. - 23:59 น.<br>Latitude:: 14.38348198<br>Longitude:: 100.6033554<br>Lat,long: 14.38348198100.6033554]]></description>
        <styleUrl>#icon-ci-3</styleUrl>
        <ExtendedData>
          <Data name="จังหวัด">
            <value>พระนครศรีอยุธยา</value>
          </Data>
          <Data name="ที่อยู่">
            <value>การไฟฟ้าส่วนภูมิภาค เขต 1 (ภาคกลาง) จังหวัดอยุธยา</value>
          </Data>
          <Data name="เวลาทำการ">
            <value>00:00 น. - 23:59 น.</value>
          </Data>
          <Data name="Latitude:">
            <value>14.38348198</value>
          </Data>
          <Data name="Longitude:">
            <value>100.6033554</value>
          </Data>
          <Data name="Lat,long">
            <value>14.38348198100.6033554</value>
          </Data>
        </ExtendedData>
        <Point>
          <coordinates>
            100.6033554,14.38348198,0
          </coordinates>
        </Point>
      </Placemark>
      <Placemark>
        <name>PEA VOLTA เขตนครศรีธรรมราช</name>
        <description><![CDATA[จังหวัด: นครศรีธรรมราช<br>ที่อยู่: การไฟฟ้าส่วนภูมิภาค เขต 2 (ภาคใต้) จังหวัดนครศรีธรรมราช<br>เวลาทำการ: 00:00 น. - 23:59 น.<br>Latitude:: 8.356713427<br>Longitude:: 99.91892605<br>Lat,long: 8.3567134268404599.91892605242]]></description>
        <styleUrl>#icon-ci-3</styleUrl>
        <ExtendedData>
          <Data name="จังหวัด">
            <value>นครศรีธรรมราช</value>
          </Data>
          <Data name="ที่อยู่">
            <value>การไฟฟ้าส่วนภูมิภาค เขต 2 (ภาคใต้) จังหวัดนครศรีธรรมราช</value>
          </Data>
          <Data name="เวลาทำการ">
            <value>00:00 น. - 23:59 น.</value>
          </Data>
          <Data name="Latitude:">
            <value>8.356713427</value>
          </Data>
          <Data name="Longitude:">
            <value>99.91892605</value>
          </Data>
          <Data name="Lat,long">
            <value>8.3567134268404599.91892605242</value>
          </Data>
        </ExtendedData>
        <Point>
          <coordinates>
            99.91892605,8.356713427,0
          </coordinates>
        </Point>
      </Placemark>
      <Placemark>
        <name>PEA VOLTA ป่าตอง</name>
        <description><![CDATA[จังหวัด: ภูเก็ต<br>ที่อยู่: การไฟฟ้าส่วนภูมิภาค กฟฟ.ป่าตอง<br>เวลาทำการ: 00:00 น. - 23:59 น.<br>Latitude:: 7.8910939<br>Longitude:: 98.2979604<br>Lat,long: 7.891093998.2979604]]></description>
        <styleUrl>#icon-ci-3</styleUrl>
        <ExtendedData>
          <Data name="จังหวัด">
            <value>ภูเก็ต</value>
          </Data>
          <Data name="ที่อยู่">
            <value>การไฟฟ้าส่วนภูมิภาค กฟฟ.ป่าตอง</value>
          </Data>
          <Data name="เวลาทำการ">
            <value>00:00 น. - 23:59 น.</value>
          </Data>
          <Data name="Latitude:">
            <value>7.8910939</value>
          </Data>
          <Data name="Longitude:">
            <value>98.2979604</value>
          </Data>
          <Data name="Lat,long">
            <value>7.891093998.2979604</value>
          </Data>
        </ExtendedData>
        <Point>
          <coordinates>
            98.2979604,7.8910939,0
          </coordinates>
        </Point>
      </Placemark>
      <Placemark>
        <name>PEA VOLTA พังงา</name>
        <description><![CDATA[จังหวัด: พังงา<br>ที่อยู่: การไฟฟ้าส่วนภูมิภาค กฟจ.พังงา<br>เวลาทำการ: 00:00 น. - 23:59 น.<br>Latitude:: 8.447943<br>Longitude:: 98.5326289<br>Lat,long: 8.44794398.5326289]]></description>
        <styleUrl>#icon-ci-3</styleUrl>
        <ExtendedData>
          <Data name="จังหวัด">
            <value>พังงา</value>
          </Data>
          <Data name="ที่อยู่">
            <value>การไฟฟ้าส่วนภูมิภาค กฟจ.พังงา</value>
          </Data>
          <Data name="เวลาทำการ">
            <value>00:00 น. - 23:59 น.</value>
          </Data>
          <Data name="Latitude:">
            <value>8.447943</value>
          </Data>
          <Data name="Longitude:">
            <value>98.5326289</value>
          </Data>
          <Data name="Lat,long">
            <value>8.44794398.5326289</value>
          </Data>
        </ExtendedData>
        <Point>
          <coordinates>
            98.5326289,8.447943,0
          </coordinates>
        </Point>
      </Placemark>
      <Placemark>
        <name>PEA VOLTA สุไหงโก-ลก</name>
        <description><![CDATA[จังหวัด: นราธิวาส<br>ที่อยู่: การไฟฟ้าส่วนภูมิภาค กฟอ.สุไหงโก-ลก<br>เวลาทำการ: 00:00 น. - 23:59 น.<br>Latitude:: 6.0203806<br>Longitude:: 101.9430141<br>Lat,long: 6.0204913067427101.944391389113]]></description>
        <styleUrl>#icon-ci-3</styleUrl>
        <ExtendedData>
          <Data name="จังหวัด">
            <value>นราธิวาส</value>
          </Data>
          <Data name="ที่อยู่">
            <value>การไฟฟ้าส่วนภูมิภาค กฟอ.สุไหงโก-ลก</value>
          </Data>
          <Data name="เวลาทำการ">
            <value>00:00 น. - 23:59 น.</value>
          </Data>
          <Data name="Latitude:">
            <value>6.0203806</value>
          </Data>
          <Data name="Longitude:">
            <value>101.9430141</value>
          </Data>
          <Data name="Lat,long">
            <value>6.0204913067427101.944391389113</value>
          </Data>
        </ExtendedData>
        <Point>
          <coordinates>
            101.9430141,6.0203806,0
          </coordinates>
        </Point>
      </Placemark>
      <Placemark>
        <name>PEA VOLTA คาลเท็กซ์ แม่แตง</name>
        <description><![CDATA[จังหวัด: เชียงใหม่<br>ที่อยู่: สถานีบริการน้ำมัน - CALTEX  ส. สายปายปิโตรเลียม<br>เวลาทำการ: 00:00 น. - 23:59 น.<br>Latitude:: 19.094717<br>Longitude:: 98.852197<br>Lat,long: 19.09471798.852197]]></description>
        <styleUrl>#icon-ci-3</styleUrl>
        <ExtendedData>
          <Data name="จังหวัด">
            <value>เชียงใหม่</value>
          </Data>
          <Data name="ที่อยู่">
            <value>สถานีบริการน้ำมัน - CALTEX  ส. สายปายปิโตรเลียม</value>
          </Data>
          <Data name="เวลาทำการ">
            <value>00:00 น. - 23:59 น.</value>
          </Data>
          <Data name="Latitude:">
            <value>19.094717</value>
          </Data>
          <Data name="Longitude:">
            <value>98.852197</value>
          </Data>
          <Data name="Lat,long">
            <value>19.09471798.852197</value>
          </Data>
        </ExtendedData>
        <Point>
          <coordinates>
            98.852197,19.094717,0
          </coordinates>
        </Point>
      </Placemark>
      <Placemark>
        <name>PEA VOLTA บางจาก หางดง</name>
        <description><![CDATA[จังหวัด: เชียงใหม่<br>ที่อยู่: BCP - บริษัท จิน สเตชั่น จำกัด<br>เวลาทำการ: 00:00 น. - 23:59 น.<br>Latitude:: 18.713031<br>Longitude:: 98.925565<br>Lat,long: 18.71303198.925565]]></description>
        <styleUrl>#icon-ci-3</styleUrl>
        <ExtendedData>
          <Data name="จังหวัด">
            <value>เชียงใหม่</value>
          </Data>
          <Data name="ที่อยู่">
            <value>BCP - บริษัท จิน สเตชั่น จำกัด</value>
          </Data>
          <Data name="เวลาทำการ">
            <value>00:00 น. - 23:59 น.</value>
          </Data>
          <Data name="Latitude:">
            <value>18.713031</value>
          </Data>
          <Data name="Longitude:">
            <value>98.925565</value>
          </Data>
          <Data name="Lat,long">
            <value>18.71303198.925565</value>
          </Data>
        </ExtendedData>
        <Point>
          <coordinates>
            98.925565,18.713031,0
          </coordinates>
        </Point>
      </Placemark>
      <Placemark>
        <name>PEA VOLTA บางจาก เมืองเชียงใหม่ (แม่เหียะ)</name>
        <description><![CDATA[จังหวัด: เชียงใหม่<br>ที่อยู่: BCP - ตนุภัท<br>เวลาทำการ: 00:00 น. - 23:59 น.<br>Latitude:: 18.740546<br>Longitude:: 98.965061<br>Lat,long: 18.74054698.965061]]></description>
        <styleUrl>#icon-ci-3</styleUrl>
        <ExtendedData>
          <Data name="จังหวัด">
            <value>เชียงใหม่</value>
          </Data>
          <Data name="ที่อยู่">
            <value>BCP - ตนุภัท</value>
          </Data>
          <Data name="เวลาทำการ">
            <value>00:00 น. - 23:59 น.</value>
          </Data>
          <Data name="Latitude:">
            <value>18.740546</value>
          </Data>
          <Data name="Longitude:">
            <value>98.965061</value>
          </Data>
          <Data name="Lat,long">
            <value>18.74054698.965061</value>
          </Data>
        </ExtendedData>
        <Point>
          <coordinates>
            98.965061,18.740546,0
          </coordinates>
        </Point>
      </Placemark>
      <Placemark>
        <name>PEA VOLTA คาลเท็กซ์ เมืองเชียงราย (รอบเวียง)</name>
        <description><![CDATA[จังหวัด: เชียงราย<br>ที่อยู่: สถานีบริการน้ำมัน - CALTEX  เค พาวเวอร์ เชียงราย (CALTEX)<br>เวลาทำการ: 00:00 น. - 23:59 น.<br>Latitude:: 19.9133378<br>Longitude:: 99.8602391<br>Lat,long: 19.913337899.8602391]]></description>
        <styleUrl>#icon-ci-3</styleUrl>
        <ExtendedData>
          <Data name="จังหวัด">
            <value>เชียงราย</value>
          </Data>
          <Data name="ที่อยู่">
            <value>สถานีบริการน้ำมัน - CALTEX  เค พาวเวอร์ เชียงราย (CALTEX)</value>
          </Data>
          <Data name="เวลาทำการ">
            <value>00:00 น. - 23:59 น.</value>
          </Data>
          <Data name="Latitude:">
            <value>19.9133378</value>
          </Data>
          <Data name="Longitude:">
            <value>99.8602391</value>
          </Data>
          <Data name="Lat,long">
            <value>19.913337899.8602391</value>
          </Data>
        </ExtendedData>
        <Point>
          <coordinates>
            99.8602391,19.9133378,0
          </coordinates>
        </Point>
      </Placemark>
      <Placemark>
        <name>PEA VOLTA คาลเท็กซ์ เมืองเชียงราย 2 (ป่าอ้อดอนไชย)</name>
        <description><![CDATA[จังหวัด: เชียงราย<br>ที่อยู่: สถานีบริการน้ำมัน - CALTEX   เค พาวเวอร์ ป่าอ้อดอนชัย (CALTEX)<br>เวลาทำการ: 00:00 น. - 23:59 น.<br>Latitude:: 19.8605969<br>Longitude:: 99.7842518<br>Lat,long: 19.860596999.7842518]]></description>
        <styleUrl>#icon-ci-3</styleUrl>
        <ExtendedData>
          <Data name="จังหวัด">
            <value>เชียงราย</value>
          </Data>
          <Data name="ที่อยู่">
            <value>สถานีบริการน้ำมัน - CALTEX   เค พาวเวอร์ ป่าอ้อดอนชัย (CALTEX)</value>
          </Data>
          <Data name="เวลาทำการ">
            <value>00:00 น. - 23:59 น.</value>
          </Data>
          <Data name="Latitude:">
            <value>19.8605969</value>
          </Data>
          <Data name="Longitude:">
            <value>99.7842518</value>
          </Data>
          <Data name="Lat,long">
            <value>19.860596999.7842518</value>
          </Data>
        </ExtendedData>
        <Point>
          <coordinates>
            99.7842518,19.8605969,0
          </coordinates>
        </Point>
      </Placemark>
      <Placemark>
        <name>PEA VOLTA คาลเท็กซ์ เทิง</name>
        <description><![CDATA[จังหวัด: เชียงราย<br>ที่อยู่: สถานีบริการน้ำมัน - CALTEX ธีร์ เทิง<br>เวลาทำการ: 00:00 น. - 23:59 น.<br>Latitude:: 19.69167<br>Longitude:: 100.160259<br>Lat,long: 19.69167100.160259]]></description>
        <styleUrl>#icon-ci-3</styleUrl>
        <ExtendedData>
          <Data name="จังหวัด">
            <value>เชียงราย</value>
          </Data>
          <Data name="ที่อยู่">
            <value>สถานีบริการน้ำมัน - CALTEX ธีร์ เทิง</value>
          </Data>
          <Data name="เวลาทำการ">
            <value>00:00 น. - 23:59 น.</value>
          </Data>
          <Data name="Latitude:">
            <value>19.69167</value>
          </Data>
          <Data name="Longitude:">
            <value>100.160259</value>
          </Data>
          <Data name="Lat,long">
            <value>19.69167100.160259</value>
          </Data>
        </ExtendedData>
        <Point>
          <coordinates>
            100.160259,19.69167,0
          </coordinates>
        </Point>
      </Placemark>
      <Placemark>
        <name>PEA VOLTA คาลเท็กซ์ เวียงป่าเป้า</name>
        <description><![CDATA[จังหวัด: เชียงราย<br>ที่อยู่: สถานีบริการน้ำมัน - CALTEX อเมริกัน แทรกเตอร์<br>เวลาทำการ: 00:00 น. - 23:59 น.<br>Latitude:: 19.270362<br>Longitude:: 99.511703<br>Lat,long: 19.27036299.511703]]></description>
        <styleUrl>#icon-ci-3</styleUrl>
        <ExtendedData>
          <Data name="จังหวัด">
            <value>เชียงราย</value>
          </Data>
          <Data name="ที่อยู่">
            <value>สถานีบริการน้ำมัน - CALTEX อเมริกัน แทรกเตอร์</value>
          </Data>
          <Data name="เวลาทำการ">
            <value>00:00 น. - 23:59 น.</value>
          </Data>
          <Data name="Latitude:">
            <value>19.270362</value>
          </Data>
          <Data name="Longitude:">
            <value>99.511703</value>
          </Data>
          <Data name="Lat,long">
            <value>19.27036299.511703</value>
          </Data>
        </ExtendedData>
        <Point>
          <coordinates>
            99.511703,19.270362,0
          </coordinates>
        </Point>
      </Placemark>
      <Placemark>
        <name>PEA VOLTA คาลเท็กซ์ สบปราบ</name>
        <description><![CDATA[จังหวัด: ลำปาง<br>ที่อยู่: สถานีบริการน้ำมัน - CALTEX บจก. สเต๊ป ไนซ์ เทรดดิ้ง สาขาที่ 00001<br>เวลาทำการ: 00:00 น. - 23:59 น.<br>Latitude:: 17.907056<br>Longitude:: 99.341963<br>Lat,long: 17.90705699.341963]]></description>
        <styleUrl>#icon-ci-3</styleUrl>
        <ExtendedData>
          <Data name="จังหวัด">
            <value>ลำปาง</value>
          </Data>
          <Data name="ที่อยู่">
            <value>สถานีบริการน้ำมัน - CALTEX บจก. สเต๊ป ไนซ์ เทรดดิ้ง สาขาที่ 00001</value>
          </Data>
          <Data name="เวลาทำการ">
            <value>00:00 น. - 23:59 น.</value>
          </Data>
          <Data name="Latitude:">
            <value>17.907056</value>
          </Data>
          <Data name="Longitude:">
            <value>99.341963</value>
          </Data>
          <Data name="Lat,long">
            <value>17.90705699.341963</value>
          </Data>
        </ExtendedData>
        <Point>
          <coordinates>
            99.341963,17.907056,0
          </coordinates>
        </Point>
      </Placemark>
      <Placemark>
        <name>PEA VOLTA แจ่มฟ้า เมืองลำพูน</name>
        <description><![CDATA[จังหวัด: ลำพูน<br>ที่อยู่: แจ่มฟ้าช๊อปปิ้งมอลล์ ลำพูน<br>เวลาทำการ: 00:00 น. - 23:59 น.<br>Latitude:: 18.560082<br>Longitude:: 99.040796<br>Lat,long: 18.56008299.040796]]></description>
        <styleUrl>#icon-ci-3</styleUrl>
        <ExtendedData>
          <Data name="จังหวัด">
            <value>ลำพูน</value>
          </Data>
          <Data name="ที่อยู่">
            <value>แจ่มฟ้าช๊อปปิ้งมอลล์ ลำพูน</value>
          </Data>
          <Data name="เวลาทำการ">
            <value>00:00 น. - 23:59 น.</value>
          </Data>
          <Data name="Latitude:">
            <value>18.560082</value>
          </Data>
          <Data name="Longitude:">
            <value>99.040796</value>
          </Data>
          <Data name="Lat,long">
            <value>18.56008299.040796</value>
          </Data>
        </ExtendedData>
        <Point>
          <coordinates>
            99.040796,18.560082,0
          </coordinates>
        </Point>
      </Placemark>
      <Placemark>
        <name>PEA VOLTA 7-Eleven เชียงม่วน</name>
        <description><![CDATA[จังหวัด: พะเยา<br>ที่อยู่: 7-11 สาขา เชียงม่วน<br>เวลาทำการ: 00:00 น. - 23:59 น.<br>Latitude:: 18.88798015<br>Longitude:: 100.2857376<br>Lat,long: 18.88798015100.2857376]]></description>
        <styleUrl>#icon-ci-3</styleUrl>
        <ExtendedData>
          <Data name="จังหวัด">
            <value>พะเยา</value>
          </Data>
          <Data name="ที่อยู่">
            <value>7-11 สาขา เชียงม่วน</value>
          </Data>
          <Data name="เวลาทำการ">
            <value>00:00 น. - 23:59 น.</value>
          </Data>
          <Data name="Latitude:">
            <value>18.88798015</value>
          </Data>
          <Data name="Longitude:">
            <value>100.2857376</value>
          </Data>
          <Data name="Lat,long">
            <value>18.88798015100.2857376</value>
          </Data>
        </ExtendedData>
        <Point>
          <coordinates>
            100.2857376,18.88798015,0
          </coordinates>
        </Point>
      </Placemark>
      <Placemark>
        <name>PEA VOLTA คาลเท็กซ์ บางระกำ</name>
        <description><![CDATA[จังหวัด: พิษณุโลก<br>ที่อยู่: สถานีบริการน้ำมัน - CALTEX บจก. บ่อทองก้าวหน้า<br>เวลาทำการ: 00:00 น. - 23:59 น.<br>Latitude:: 16.63413<br>Longitude:: 100.14861<br>Lat,long: 16.63413100.14861]]></description>
        <styleUrl>#icon-ci-3</styleUrl>
        <ExtendedData>
          <Data name="จังหวัด">
            <value>พิษณุโลก</value>
          </Data>
          <Data name="ที่อยู่">
            <value>สถานีบริการน้ำมัน - CALTEX บจก. บ่อทองก้าวหน้า</value>
          </Data>
          <Data name="เวลาทำการ">
            <value>00:00 น. - 23:59 น.</value>
          </Data>
          <Data name="Latitude:">
            <value>16.63413</value>
          </Data>
          <Data name="Longitude:">
            <value>100.14861</value>
          </Data>
          <Data name="Lat,long">
            <value>16.63413100.14861</value>
          </Data>
        </ExtendedData>
        <Point>
          <coordinates>
            100.14861,16.63413,0
          </coordinates>
        </Point>
      </Placemark>
      <Placemark>
        <name>PEA VOLTA คาลเท็กซ์ นาแก</name>
        <description><![CDATA[จังหวัด: นครพนม<br>ที่อยู่: สถานีบริการน้ำมัน - CALTEX หจก. สุวรรณเอสแอลเคบริการ<br>เวลาทำการ: 00:00 น. - 23:59 น.<br>Latitude:: 16.95017<br>Longitude:: 104.50222<br>Lat,long: 16.95017104.50222]]></description>
        <styleUrl>#icon-ci-3</styleUrl>
        <ExtendedData>
          <Data name="จังหวัด">
            <value>นครพนม</value>
          </Data>
          <Data name="ที่อยู่">
            <value>สถานีบริการน้ำมัน - CALTEX หจก. สุวรรณเอสแอลเคบริการ</value>
          </Data>
          <Data name="เวลาทำการ">
            <value>00:00 น. - 23:59 น.</value>
          </Data>
          <Data name="Latitude:">
            <value>16.95017</value>
          </Data>
          <Data name="Longitude:">
            <value>104.50222</value>
          </Data>
          <Data name="Lat,long">
            <value>16.95017104.50222</value>
          </Data>
        </ExtendedData>
        <Point>
          <coordinates>
            104.50222,16.95017,0
          </coordinates>
        </Point>
      </Placemark>
      <Placemark>
        <name>PEA VOLTA 7-Eleven เมืองนครพนม</name>
        <description><![CDATA[จังหวัด: นครพนม<br>ที่อยู่: 7-11 สาขา ศรีเทพนตรพนม<br>เวลาทำการ: 00:00 น. - 23:59 น.<br>Latitude:: 17.397716<br>Longitude:: 104.789079<br>Lat,long: 17.397716104.789079]]></description>
        <styleUrl>#icon-ci-3</styleUrl>
        <ExtendedData>
          <Data name="จังหวัด">
            <value>นครพนม</value>
          </Data>
          <Data name="ที่อยู่">
            <value>7-11 สาขา ศรีเทพนตรพนม</value>
          </Data>
          <Data name="เวลาทำการ">
            <value>00:00 น. - 23:59 น.</value>
          </Data>
          <Data name="Latitude:">
            <value>17.397716</value>
          </Data>
          <Data name="Longitude:">
            <value>104.789079</value>
          </Data>
          <Data name="Lat,long">
            <value>17.397716104.789079</value>
          </Data>
        </ExtendedData>
        <Point>
          <coordinates>
            104.789079,17.397716,0
          </coordinates>
        </Point>
      </Placemark>
      <Placemark>
        <name>PEA VOLTA คาลเท็กซ์ นากลาง</name>
        <description><![CDATA[จังหวัด: หนองบัวลำภู<br>ที่อยู่: สถานีบริการน้ำมัน - CALTEX ช วิบูลย์ นากลาง<br>เวลาทำการ: 00:00 น. - 23:59 น.<br>Latitude:: 17.292825<br>Longitude:: 102.24266<br>Lat,long: 17.292825102.24266]]></description>
        <styleUrl>#icon-ci-3</styleUrl>
        <ExtendedData>
          <Data name="จังหวัด">
            <value>หนองบัวลำภู</value>
          </Data>
          <Data name="ที่อยู่">
            <value>สถานีบริการน้ำมัน - CALTEX ช วิบูลย์ นากลาง</value>
          </Data>
          <Data name="เวลาทำการ">
            <value>00:00 น. - 23:59 น.</value>
          </Data>
          <Data name="Latitude:">
            <value>17.292825</value>
          </Data>
          <Data name="Longitude:">
            <value>102.24266</value>
          </Data>
          <Data name="Lat,long">
            <value>17.292825102.24266</value>
          </Data>
        </ExtendedData>
        <Point>
          <coordinates>
            102.24266,17.292825,0
          </coordinates>
        </Point>
      </Placemark>
      <Placemark>
        <name>PEA VOLTA บางจาก เมืองอุบลราชธานี 3 (ขามใหญ่)</name>
        <description><![CDATA[จังหวัด: อุบลราชธานี<br>ที่อยู่: BCP - บริษัท ดีเยี่ยมอุบล คนรักดี จำกัด<br>เวลาทำการ: 00:00 น. - 23:59 น.<br>Latitude:: 15.298462<br>Longitude:: 104.837555<br>Lat,long: 15.298462104.837555]]></description>
        <styleUrl>#icon-ci-3</styleUrl>
        <ExtendedData>
          <Data name="จังหวัด">
            <value>อุบลราชธานี</value>
          </Data>
          <Data name="ที่อยู่">
            <value>BCP - บริษัท ดีเยี่ยมอุบล คนรักดี จำกัด</value>
          </Data>
          <Data name="เวลาทำการ">
            <value>00:00 น. - 23:59 น.</value>
          </Data>
          <Data name="Latitude:">
            <value>15.298462</value>
          </Data>
          <Data name="Longitude:">
            <value>104.837555</value>
          </Data>
          <Data name="Lat,long">
            <value>15.298462104.837555</value>
          </Data>
        </ExtendedData>
        <Point>
          <coordinates>
            104.837555,15.298462,0
          </coordinates>
        </Point>
      </Placemark>
      <Placemark>
        <name>PEA VOLTA โรงพยาบาลพริ้นซ์ ศรีสะเกษ </name>
        <description><![CDATA[จังหวัด: ศรีสะเกษ<br>ที่อยู่: โรงพยาบาลพริ้นซ์ศรีสะเกษ<br>เวลาทำการ: 00:00 น. - 23:59 น.<br>Latitude:: 15.1210497<br>Longitude:: 104.3031462<br>Lat,long: 15.1210497104.3031462]]></description>
        <styleUrl>#icon-ci-3</styleUrl>
        <ExtendedData>
          <Data name="จังหวัด">
            <value>ศรีสะเกษ</value>
          </Data>
          <Data name="ที่อยู่">
            <value>โรงพยาบาลพริ้นซ์ศรีสะเกษ</value>
          </Data>
          <Data name="เวลาทำการ">
            <value>00:00 น. - 23:59 น.</value>
          </Data>
          <Data name="Latitude:">
            <value>15.1210497</value>
          </Data>
          <Data name="Longitude:">
            <value>104.3031462</value>
          </Data>
          <Data name="Lat,long">
            <value>15.1210497104.3031462</value>
          </Data>
        </ExtendedData>
        <Point>
          <coordinates>
            104.3031462,15.1210497,0
          </coordinates>
        </Point>
      </Placemark>
      <Placemark>
        <name>PEA VOLTA บางจาก สูงเนิน</name>
        <description><![CDATA[จังหวัด: นครราชสีมา<br>ที่อยู่: BCP - บริษัท สงวนพงษ์ออยล์ จำกัด<br>เวลาทำการ: 00:00 น. - 23:59 น.<br>Latitude:: 14.901577<br>Longitude:: 101.907522<br>Lat,long: 14.901577101.907522]]></description>
        <styleUrl>#icon-ci-3</styleUrl>
        <ExtendedData>
          <Data name="จังหวัด">
            <value>นครราชสีมา</value>
          </Data>
          <Data name="ที่อยู่">
            <value>BCP - บริษัท สงวนพงษ์ออยล์ จำกัด</value>
          </Data>
          <Data name="เวลาทำการ">
            <value>00:00 น. - 23:59 น.</value>
          </Data>
          <Data name="Latitude:">
            <value>14.901577</value>
          </Data>
          <Data name="Longitude:">
            <value>101.907522</value>
          </Data>
          <Data name="Lat,long">
            <value>14.901577101.907522</value>
          </Data>
        </ExtendedData>
        <Point>
          <coordinates>
            101.907522,14.901577,0
          </coordinates>
        </Point>
      </Placemark>
      <Placemark>
        <name>PEA VOLTA คาลเท็กซ์ พระทองคำ</name>
        <description><![CDATA[จังหวัด: นครราชสีมา<br>ที่อยู่: สถานีบริการน้ำมัน - CALTEX บจก. บีบี ทวีพลังงาน<br>เวลาทำการ: 00:00 น. - 23:59 น.<br>Latitude:: 15.303415<br>Longitude:: 101.975673<br>Lat,long: 15.303415101.975673]]></description>
        <styleUrl>#icon-ci-3</styleUrl>
        <ExtendedData>
          <Data name="จังหวัด">
            <value>นครราชสีมา</value>
          </Data>
          <Data name="ที่อยู่">
            <value>สถานีบริการน้ำมัน - CALTEX บจก. บีบี ทวีพลังงาน</value>
          </Data>
          <Data name="เวลาทำการ">
            <value>00:00 น. - 23:59 น.</value>
          </Data>
          <Data name="Latitude:">
            <value>15.303415</value>
          </Data>
          <Data name="Longitude:">
            <value>101.975673</value>
          </Data>
          <Data name="Lat,long">
            <value>15.303415101.975673</value>
          </Data>
        </ExtendedData>
        <Point>
          <coordinates>
            101.975673,15.303415,0
          </coordinates>
        </Point>
      </Placemark>
      <Placemark>
        <name>PEA VOLTA 7-Eleven สตึก</name>
        <description><![CDATA[จังหวัด: บุรีรัมย์<br>ที่อยู่: 7-11 สาขา สตึก-บุรีรีมย์<br>เวลาทำการ: 00:00 น. - 23:59 น.<br>Latitude:: 15.294972<br>Longitude:: 103.2951042<br>Lat,long: 15.294972103.2951042]]></description>
        <styleUrl>#icon-ci-3</styleUrl>
        <ExtendedData>
          <Data name="จังหวัด">
            <value>บุรีรัมย์</value>
          </Data>
          <Data name="ที่อยู่">
            <value>7-11 สาขา สตึก-บุรีรีมย์</value>
          </Data>
          <Data name="เวลาทำการ">
            <value>00:00 น. - 23:59 น.</value>
          </Data>
          <Data name="Latitude:">
            <value>15.294972</value>
          </Data>
          <Data name="Longitude:">
            <value>103.2951042</value>
          </Data>
          <Data name="Lat,long">
            <value>15.294972103.2951042</value>
          </Data>
        </ExtendedData>
        <Point>
          <coordinates>
            103.2951042,15.294972,0
          </coordinates>
        </Point>
      </Placemark>
      <Placemark>
        <name>PEA VOLTA เอสโซ่ เมืองบุรีรัมย์</name>
        <description><![CDATA[จังหวัด: บุรีรัมย์<br>ที่อยู่: สถานีบริการน้ำมันน้ำมัน - ESSO วีวราออยล์ สำนักงานใหญ่<br>เวลาทำการ: 00:00 น. - 23:59 น.<br>Latitude:: 14.98347432<br>Longitude:: 103.078817<br>Lat,long: 14.9834743238768103.078816980987]]></description>
        <styleUrl>#icon-ci-3</styleUrl>
        <ExtendedData>
          <Data name="จังหวัด">
            <value>บุรีรัมย์</value>
          </Data>
          <Data name="ที่อยู่">
            <value>สถานีบริการน้ำมันน้ำมัน - ESSO วีวราออยล์ สำนักงานใหญ่</value>
          </Data>
          <Data name="เวลาทำการ">
            <value>00:00 น. - 23:59 น.</value>
          </Data>
          <Data name="Latitude:">
            <value>14.98347432</value>
          </Data>
          <Data name="Longitude:">
            <value>103.078817</value>
          </Data>
          <Data name="Lat,long">
            <value>14.9834743238768103.078816980987</value>
          </Data>
        </ExtendedData>
        <Point>
          <coordinates>
            103.078817,14.98347432,0
          </coordinates>
        </Point>
      </Placemark>
      <Placemark>
        <name>PEA VOLTA คาลเท็กซ์ เมืองนครนายก</name>
        <description><![CDATA[จังหวัด: นครนายก<br>ที่อยู่: สถานีบริการน้ำมัน - CALTEX ชัยเจริญออยล์ สาริกา<br>เวลาทำการ: 00:00 น. - 23:59 น.<br>Latitude:: 14.269972<br>Longitude:: 101.273278<br>Lat,long: 14.269972101.273278]]></description>
        <styleUrl>#icon-ci-3</styleUrl>
        <ExtendedData>
          <Data name="จังหวัด">
            <value>นครนายก</value>
          </Data>
          <Data name="ที่อยู่">
            <value>สถานีบริการน้ำมัน - CALTEX ชัยเจริญออยล์ สาริกา</value>
          </Data>
          <Data name="เวลาทำการ">
            <value>00:00 น. - 23:59 น.</value>
          </Data>
          <Data name="Latitude:">
            <value>14.269972</value>
          </Data>
          <Data name="Longitude:">
            <value>101.273278</value>
          </Data>
          <Data name="Lat,long">
            <value>14.269972101.273278</value>
          </Data>
        </ExtendedData>
        <Point>
          <coordinates>
            101.273278,14.269972,0
          </coordinates>
        </Point>
      </Placemark>
      <Placemark>
        <name>PEA VOLTA บางจาก วิหารแดง</name>
        <description><![CDATA[จังหวัด: สระบุรี<br>ที่อยู่: BCP - บริษัท พี พลัส พาวเวอร์ จำกัด<br>เวลาทำการ: 00:00 น. - 23:59 น.<br>Latitude:: 14.379639<br>Longitude:: 100.956698<br>Lat,long: 14.379639100.956698]]></description>
        <styleUrl>#icon-ci-3</styleUrl>
        <ExtendedData>
          <Data name="จังหวัด">
            <value>สระบุรี</value>
          </Data>
          <Data name="ที่อยู่">
            <value>BCP - บริษัท พี พลัส พาวเวอร์ จำกัด</value>
          </Data>
          <Data name="เวลาทำการ">
            <value>00:00 น. - 23:59 น.</value>
          </Data>
          <Data name="Latitude:">
            <value>14.379639</value>
          </Data>
          <Data name="Longitude:">
            <value>100.956698</value>
          </Data>
          <Data name="Lat,long">
            <value>14.379639100.956698</value>
          </Data>
        </ExtendedData>
        <Point>
          <coordinates>
            100.956698,14.379639,0
          </coordinates>
        </Point>
      </Placemark>
      <Placemark>
        <name>PEA VOLTA คาลเท็กซ์ เมืองชลบุรี</name>
        <description><![CDATA[จังหวัด: ชลบุรี<br>ที่อยู่: สถานีบริการน้ำมัน - CALTEX บริษัท ภัทรพงศ์ปิโตรเลียม จำกัด) (บายพาสชลบุรี)<br>เวลาทำการ: 00:00 น. - 23:59 น.<br>Latitude:: 13.342126<br>Longitude:: 100.995532<br>Lat,long: 13.342126100.995532]]></description>
        <styleUrl>#icon-ci-3</styleUrl>
        <ExtendedData>
          <Data name="จังหวัด">
            <value>ชลบุรี</value>
          </Data>
          <Data name="ที่อยู่">
            <value>สถานีบริการน้ำมัน - CALTEX บริษัท ภัทรพงศ์ปิโตรเลียม จำกัด) (บายพาสชลบุรี)</value>
          </Data>
          <Data name="เวลาทำการ">
            <value>00:00 น. - 23:59 น.</value>
          </Data>
          <Data name="Latitude:">
            <value>13.342126</value>
          </Data>
          <Data name="Longitude:">
            <value>100.995532</value>
          </Data>
          <Data name="Lat,long">
            <value>13.342126100.995532</value>
          </Data>
        </ExtendedData>
        <Point>
          <coordinates>
            100.995532,13.342126,0
          </coordinates>
        </Point>
      </Placemark>
      <Placemark>
        <name>PEA VOLTA คาลเท็กซ์ พนัสนิคม</name>
        <description><![CDATA[จังหวัด: ชลบุรี<br>ที่อยู่: สถานีบริการน้ำมัน - CALTEX บจก. ฐาอนันต์<br>เวลาทำการ: 00:00 น. - 23:59 น.<br>Latitude:: 13.463228<br>Longitude:: 101.172584<br>Lat,long: 13.463228101.172584]]></description>
        <styleUrl>#icon-ci-3</styleUrl>
        <ExtendedData>
          <Data name="จังหวัด">
            <value>ชลบุรี</value>
          </Data>
          <Data name="ที่อยู่">
            <value>สถานีบริการน้ำมัน - CALTEX บจก. ฐาอนันต์</value>
          </Data>
          <Data name="เวลาทำการ">
            <value>00:00 น. - 23:59 น.</value>
          </Data>
          <Data name="Latitude:">
            <value>13.463228</value>
          </Data>
          <Data name="Longitude:">
            <value>101.172584</value>
          </Data>
          <Data name="Lat,long">
            <value>13.463228101.172584</value>
          </Data>
        </ExtendedData>
        <Point>
          <coordinates>
            101.172584,13.463228,0
          </coordinates>
        </Point>
      </Placemark>
      <Placemark>
        <name>PEA VOLTA บางจาก หนองใหญ่</name>
        <description><![CDATA[จังหวัด: ชลบุรี<br>ที่อยู่: BCP - บริษัท สิริกรโกศล ออยล์ จำกัด<br>เวลาทำการ: 00:00 น. - 23:59 น.<br>Latitude:: 13.126197<br>Longitude:: 101.359475<br>Lat,long: 13.126197101.359475]]></description>
        <styleUrl>#icon-ci-3</styleUrl>
        <ExtendedData>
          <Data name="จังหวัด">
            <value>ชลบุรี</value>
          </Data>
          <Data name="ที่อยู่">
            <value>BCP - บริษัท สิริกรโกศล ออยล์ จำกัด</value>
          </Data>
          <Data name="เวลาทำการ">
            <value>00:00 น. - 23:59 น.</value>
          </Data>
          <Data name="Latitude:">
            <value>13.126197</value>
          </Data>
          <Data name="Longitude:">
            <value>101.359475</value>
          </Data>
          <Data name="Lat,long">
            <value>13.126197101.359475</value>
          </Data>
        </ExtendedData>
        <Point>
          <coordinates>
            101.359475,13.126197,0
          </coordinates>
        </Point>
      </Placemark>
      <Placemark>
        <name>PEA VOLTA บางจาก ศรีราชา 2 (ทุ่งสุขลา)</name>
        <description><![CDATA[จังหวัด: ชลบุรี<br>ที่อยู่: BCP - บริษัท แหลมฉบัง ซีพอท 2021 จำกัด<br>เวลาทำการ: 00:00 น. - 23:59 น.<br>Latitude:: 13.074291<br>Longitude:: 100.92089<br>Lat,long: 13.074291100.92089]]></description>
        <styleUrl>#icon-ci-3</styleUrl>
        <ExtendedData>
          <Data name="จังหวัด">
            <value>ชลบุรี</value>
          </Data>
          <Data name="ที่อยู่">
            <value>BCP - บริษัท แหลมฉบัง ซีพอท 2021 จำกัด</value>
          </Data>
          <Data name="เวลาทำการ">
            <value>00:00 น. - 23:59 น.</value>
          </Data>
          <Data name="Latitude:">
            <value>13.074291</value>
          </Data>
          <Data name="Longitude:">
            <value>100.92089</value>
          </Data>
          <Data name="Lat,long">
            <value>13.074291100.92089</value>
          </Data>
        </ExtendedData>
        <Point>
          <coordinates>
            100.92089,13.074291,0
          </coordinates>
        </Point>
      </Placemark>
      <Placemark>
        <name>PEA VOLTA บางจาก เมืองชลบุรี 3 (แสนสุข)</name>
        <description><![CDATA[จังหวัด: ชลบุรี<br>ที่อยู่: BCP - บริษัท บีเอ็มพี แมนเนจเมนท์<br>เวลาทำการ: 00:00 น. - 23:59 น.<br>Latitude:: 13.26177<br>Longitude:: 100.94085<br>Lat,long: 13.26177100.94085]]></description>
        <styleUrl>#icon-ci-3</styleUrl>
        <ExtendedData>
          <Data name="จังหวัด">
            <value>ชลบุรี</value>
          </Data>
          <Data name="ที่อยู่">
            <value>BCP - บริษัท บีเอ็มพี แมนเนจเมนท์</value>
          </Data>
          <Data name="เวลาทำการ">
            <value>00:00 น. - 23:59 น.</value>
          </Data>
          <Data name="Latitude:">
            <value>13.26177</value>
          </Data>
          <Data name="Longitude:">
            <value>100.94085</value>
          </Data>
          <Data name="Lat,long">
            <value>13.26177100.94085</value>
          </Data>
        </ExtendedData>
        <Point>
          <coordinates>
            100.94085,13.26177,0
          </coordinates>
        </Point>
      </Placemark>
      <Placemark>
        <name>PEA VOLTA คาลเท็กซ์ บ้านค่าย</name>
        <description><![CDATA[จังหวัด: ระยอง<br>ที่อยู่: สถานีบริการน้ำมัน - CALTEX หจก. ดาวไฮเท็กซ์<br>เวลาทำการ: 00:00 น. - 23:59 น.<br>Latitude:: 12.805125<br>Longitude:: 101.301526<br>Lat,long: 12.805125101.301526]]></description>
        <styleUrl>#icon-ci-3</styleUrl>
        <ExtendedData>
          <Data name="จังหวัด">
            <value>ระยอง</value>
          </Data>
          <Data name="ที่อยู่">
            <value>สถานีบริการน้ำมัน - CALTEX หจก. ดาวไฮเท็กซ์</value>
          </Data>
          <Data name="เวลาทำการ">
            <value>00:00 น. - 23:59 น.</value>
          </Data>
          <Data name="Latitude:">
            <value>12.805125</value>
          </Data>
          <Data name="Longitude:">
            <value>101.301526</value>
          </Data>
          <Data name="Lat,long">
            <value>12.805125101.301526</value>
          </Data>
        </ExtendedData>
        <Point>
          <coordinates>
            101.301526,12.805125,0
          </coordinates>
        </Point>
      </Placemark>
      <Placemark>
        <name>PEA VOLTA คาลเท็กซ์ วังจันทร์</name>
        <description><![CDATA[จังหวัด: ระยอง<br>ที่อยู่: สถานีบริการน้ำมัน - CALTEX 9 Infinity Wangchan <br>เวลาทำการ: 00:00 น. - 23:59 น.<br>Latitude:: 12.9186<br>Longitude:: 101.53024<br>Lat,long: 12.9186101.53024]]></description>
        <styleUrl>#icon-ci-3</styleUrl>
        <ExtendedData>
          <Data name="จังหวัด">
            <value>ระยอง</value>
          </Data>
          <Data name="ที่อยู่">
            <value>สถานีบริการน้ำมัน - CALTEX 9 Infinity Wangchan </value>
          </Data>
          <Data name="เวลาทำการ">
            <value>00:00 น. - 23:59 น.</value>
          </Data>
          <Data name="Latitude:">
            <value>12.9186</value>
          </Data>
          <Data name="Longitude:">
            <value>101.53024</value>
          </Data>
          <Data name="Lat,long">
            <value>12.9186101.53024</value>
          </Data>
        </ExtendedData>
        <Point>
          <coordinates>
            101.53024,12.9186,0
          </coordinates>
        </Point>
      </Placemark>
      <Placemark>
        <name>PEA VOLTA เชลล์ ปลวกแดง</name>
        <description><![CDATA[จังหวัด: ระยอง<br>ที่อยู่: สถานีบริการน้ำมัน - SHELL แม่น้ำคู้ ปลวกแดง ระยอง<br>เวลาทำการ: 00:00 น. - 23:59 น.<br>Latitude:: 12.9252767<br>Longitude:: 101.2495056<br>Lat,long: 12.9252766963051101.24950563767]]></description>
        <styleUrl>#icon-ci-3</styleUrl>
        <ExtendedData>
          <Data name="จังหวัด">
            <value>ระยอง</value>
          </Data>
          <Data name="ที่อยู่">
            <value>สถานีบริการน้ำมัน - SHELL แม่น้ำคู้ ปลวกแดง ระยอง</value>
          </Data>
          <Data name="เวลาทำการ">
            <value>00:00 น. - 23:59 น.</value>
          </Data>
          <Data name="Latitude:">
            <value>12.9252767</value>
          </Data>
          <Data name="Longitude:">
            <value>101.2495056</value>
          </Data>
          <Data name="Lat,long">
            <value>12.9252766963051101.24950563767</value>
          </Data>
        </ExtendedData>
        <Point>
          <coordinates>
            101.2495056,12.9252767,0
          </coordinates>
        </Point>
      </Placemark>
      <Placemark>
        <name>PEA VOLTA 7-Eleven บางสะพานน้อย</name>
        <description><![CDATA[จังหวัด: ประจวบคีรีขันธ์<br>ที่อยู่: 7-11 สาขา สามแยกบางสะพานน้อย<br>เวลาทำการ: 00:00 น. - 23:59 น.<br>Latitude:: 11.072344<br>Longitude:: 99.374487<br>Lat,long: 11.07234499.374487]]></description>
        <styleUrl>#icon-ci-3</styleUrl>
        <ExtendedData>
          <Data name="จังหวัด">
            <value>ประจวบคีรีขันธ์</value>
          </Data>
          <Data name="ที่อยู่">
            <value>7-11 สาขา สามแยกบางสะพานน้อย</value>
          </Data>
          <Data name="เวลาทำการ">
            <value>00:00 น. - 23:59 น.</value>
          </Data>
          <Data name="Latitude:">
            <value>11.072344</value>
          </Data>
          <Data name="Longitude:">
            <value>99.374487</value>
          </Data>
          <Data name="Lat,long">
            <value>11.07234499.374487</value>
          </Data>
        </ExtendedData>
        <Point>
          <coordinates>
            99.374487,11.072344,0
          </coordinates>
        </Point>
      </Placemark>
      <Placemark>
        <name>PEA VOLTA คาลเท็กซ์ ชะอวด</name>
        <description><![CDATA[จังหวัด: นครศรีธรรมราช<br>ที่อยู่: สถานีบริการน้ำมัน - CALTEX หจก. อุทัยทิพย์ปิโตรเลียม<br>เวลาทำการ: 00:00 น. - 23:59 น.<br>Latitude:: 7.960882<br>Longitude:: 99.9129<br>Lat,long: 7.96088299.9129]]></description>
        <styleUrl>#icon-ci-3</styleUrl>
        <ExtendedData>
          <Data name="จังหวัด">
            <value>นครศรีธรรมราช</value>
          </Data>
          <Data name="ที่อยู่">
            <value>สถานีบริการน้ำมัน - CALTEX หจก. อุทัยทิพย์ปิโตรเลียม</value>
          </Data>
          <Data name="เวลาทำการ">
            <value>00:00 น. - 23:59 น.</value>
          </Data>
          <Data name="Latitude:">
            <value>7.960882</value>
          </Data>
          <Data name="Longitude:">
            <value>99.9129</value>
          </Data>
          <Data name="Lat,long">
            <value>7.96088299.9129</value>
          </Data>
        </ExtendedData>
        <Point>
          <coordinates>
            99.9129,7.960882,0
          </coordinates>
        </Point>
      </Placemark>
      <Placemark>
        <name>PEA VOLTA คาลเท็กซ์ เมืองนครศรีธรรมราช</name>
        <description><![CDATA[จังหวัด: นครศรีธรรมราช<br>ที่อยู่: สถานีบริการน้ำมัน - CALTEX หจก. ดาวสันติออยล์<br>เวลาทำการ: 00:00 น. - 23:59 น.<br>Latitude:: 8.496343<br>Longitude:: 99.927692<br>Lat,long: 8.49634399.927692]]></description>
        <styleUrl>#icon-ci-3</styleUrl>
        <ExtendedData>
          <Data name="จังหวัด">
            <value>นครศรีธรรมราช</value>
          </Data>
          <Data name="ที่อยู่">
            <value>สถานีบริการน้ำมัน - CALTEX หจก. ดาวสันติออยล์</value>
          </Data>
          <Data name="เวลาทำการ">
            <value>00:00 น. - 23:59 น.</value>
          </Data>
          <Data name="Latitude:">
            <value>8.496343</value>
          </Data>
          <Data name="Longitude:">
            <value>99.927692</value>
          </Data>
          <Data name="Lat,long">
            <value>8.49634399.927692</value>
          </Data>
        </ExtendedData>
        <Point>
          <coordinates>
            99.927692,8.496343,0
          </coordinates>
        </Point>
      </Placemark>
      <Placemark>
        <name>PEA VOLTA คาลเท็กซ์ คุระบุรี</name>
        <description><![CDATA[จังหวัด: พังงา<br>ที่อยู่: สถานีบริการน้ำมัน - CALTEX บจก. พัฒน์ดาพล<br>เวลาทำการ: 00:00 น. - 23:59 น.<br>Latitude:: 9.22582<br>Longitude:: 98.38581<br>Lat,long: 9.2258298.38581]]></description>
        <styleUrl>#icon-ci-3</styleUrl>
        <ExtendedData>
          <Data name="จังหวัด">
            <value>พังงา</value>
          </Data>
          <Data name="ที่อยู่">
            <value>สถานีบริการน้ำมัน - CALTEX บจก. พัฒน์ดาพล</value>
          </Data>
          <Data name="เวลาทำการ">
            <value>00:00 น. - 23:59 น.</value>
          </Data>
          <Data name="Latitude:">
            <value>9.22582</value>
          </Data>
          <Data name="Longitude:">
            <value>98.38581</value>
          </Data>
          <Data name="Lat,long">
            <value>9.2258298.38581</value>
          </Data>
        </ExtendedData>
        <Point>
          <coordinates>
            98.38581,9.22582,0
          </coordinates>
        </Point>
      </Placemark>
      <Placemark>
        <name>PEA VOLTA คาลเท็กซ์ เมืองตรัง</name>
        <description><![CDATA[จังหวัด: ตรัง<br>ที่อยู่: สถานีบริการน้ำมัน - CALTEX บจก. ท่ากลางปิโตรเลียม<br>เวลาทำการ: 00:00 น. - 23:59 น.<br>Latitude:: 7.560788<br>Longitude:: 99.5943465<br>Lat,long: 7.56078899.5943465]]></description>
        <styleUrl>#icon-ci-3</styleUrl>
        <ExtendedData>
          <Data name="จังหวัด">
            <value>ตรัง</value>
          </Data>
          <Data name="ที่อยู่">
            <value>สถานีบริการน้ำมัน - CALTEX บจก. ท่ากลางปิโตรเลียม</value>
          </Data>
          <Data name="เวลาทำการ">
            <value>00:00 น. - 23:59 น.</value>
          </Data>
          <Data name="Latitude:">
            <value>7.560788</value>
          </Data>
          <Data name="Longitude:">
            <value>99.5943465</value>
          </Data>
          <Data name="Lat,long">
            <value>7.56078899.5943465</value>
          </Data>
        </ExtendedData>
        <Point>
          <coordinates>
            99.5943465,7.560788,0
          </coordinates>
        </Point>
      </Placemark>
      <Placemark>
        <name>PEA VOLTA 7-Eleven ย่านตาขาว</name>
        <description><![CDATA[จังหวัด: ตรัง<br>ที่อยู่: 7-11 สาขา อ.ย่านตาขาว <br>เวลาทำการ: 00:00 น. - 23:59 น.<br>Latitude:: 7.3782428<br>Longitude:: 99.6748379<br>Lat,long: 7.378242899.6748379]]></description>
        <styleUrl>#icon-ci-3</styleUrl>
        <ExtendedData>
          <Data name="จังหวัด">
            <value>ตรัง</value>
          </Data>
          <Data name="ที่อยู่">
            <value>7-11 สาขา อ.ย่านตาขาว </value>
          </Data>
          <Data name="เวลาทำการ">
            <value>00:00 น. - 23:59 น.</value>
          </Data>
          <Data name="Latitude:">
            <value>7.3782428</value>
          </Data>
          <Data name="Longitude:">
            <value>99.6748379</value>
          </Data>
          <Data name="Lat,long">
            <value>7.378242899.6748379</value>
          </Data>
        </ExtendedData>
        <Point>
          <coordinates>
            99.6748379,7.3782428,0
          </coordinates>
        </Point>
      </Placemark>
      <Placemark>
        <name>PEA VOLTA บางจาก เมืองนครศรีธรรมราช 2 (นาทราย)</name>
        <description><![CDATA[จังหวัด: นครศรีธรรมราช<br>ที่อยู่: BCP - หจก.น้องเก้า<br>เวลาทำการ: 00:00 น. - 23:59 น.<br>Latitude:: 8.48398<br>Longitude:: 99.925309<br>Lat,long: 8.4839899.925309]]></description>
        <styleUrl>#icon-ci-3</styleUrl>
        <ExtendedData>
          <Data name="จังหวัด">
            <value>นครศรีธรรมราช</value>
          </Data>
          <Data name="ที่อยู่">
            <value>BCP - หจก.น้องเก้า</value>
          </Data>
          <Data name="เวลาทำการ">
            <value>00:00 น. - 23:59 น.</value>
          </Data>
          <Data name="Latitude:">
            <value>8.48398</value>
          </Data>
          <Data name="Longitude:">
            <value>99.925309</value>
          </Data>
          <Data name="Lat,long">
            <value>8.4839899.925309</value>
          </Data>
        </ExtendedData>
        <Point>
          <coordinates>
            99.925309,8.48398,0
          </coordinates>
        </Point>
      </Placemark>
      <Placemark>
        <name>PEA VOLTA บางจาก ถลาง 2 (ไม้ขาว)</name>
        <description><![CDATA[จังหวัด: ภูเก็ต<br>ที่อยู่: BCP - บจก. อนุภาษภูเก็ตสปอร์ต เซ็นเตอร์ (สาขา 1) <br>เวลาทำการ: 00:00 น. - 23:59 น.<br>Latitude:: 8.171811<br>Longitude:: 98.2989722<br>Lat,long: 8.17181198.2989722]]></description>
        <styleUrl>#icon-ci-3</styleUrl>
        <ExtendedData>
          <Data name="จังหวัด">
            <value>ภูเก็ต</value>
          </Data>
          <Data name="ที่อยู่">
            <value>BCP - บจก. อนุภาษภูเก็ตสปอร์ต เซ็นเตอร์ (สาขา 1) </value>
          </Data>
          <Data name="เวลาทำการ">
            <value>00:00 น. - 23:59 น.</value>
          </Data>
          <Data name="Latitude:">
            <value>8.171811</value>
          </Data>
          <Data name="Longitude:">
            <value>98.2989722</value>
          </Data>
          <Data name="Lat,long">
            <value>8.17181198.2989722</value>
          </Data>
        </ExtendedData>
        <Point>
          <coordinates>
            98.2989722,8.171811,0
          </coordinates>
        </Point>
      </Placemark>
      <Placemark>
        <name>PEA VOLTA บางจาก หนองจิก</name>
        <description><![CDATA[จังหวัด: ปัตตานี<br>ที่อยู่: BCP - หจก.วัชระปิโตรเลียม<br>เวลาทำการ: 00:00 น. - 23:59 น.<br>Latitude:: 6.80326<br>Longitude:: 101.140374<br>Lat,long: 6.80326101.140374]]></description>
        <styleUrl>#icon-ci-3</styleUrl>
        <ExtendedData>
          <Data name="จังหวัด">
            <value>ปัตตานี</value>
          </Data>
          <Data name="ที่อยู่">
            <value>BCP - หจก.วัชระปิโตรเลียม</value>
          </Data>
          <Data name="เวลาทำการ">
            <value>00:00 น. - 23:59 น.</value>
          </Data>
          <Data name="Latitude:">
            <value>6.80326</value>
          </Data>
          <Data name="Longitude:">
            <value>101.140374</value>
          </Data>
          <Data name="Lat,long">
            <value>6.80326101.140374</value>
          </Data>
        </ExtendedData>
        <Point>
          <coordinates>
            101.140374,6.80326,0
          </coordinates>
        </Point>
      </Placemark>
      <Placemark>
        <name>PEA VOLTA ปากช่อง</name>
        <description><![CDATA[จังหวัด: นครราชสีมา<br>ที่อยู่: การไฟฟ้าส่วนภูมิภาค กฟอ.ปากช่อง<br>เวลาทำการ: 00:00 น. - 23:59 น.<br>Latitude:: 14.69263268<br>Longitude:: 101.4057312<br>Lat,long: 14.69263268101.4057312]]></description>
        <styleUrl>#icon-ci-3</styleUrl>
        <ExtendedData>
          <Data name="จังหวัด">
            <value>นครราชสีมา</value>
          </Data>
          <Data name="ที่อยู่">
            <value>การไฟฟ้าส่วนภูมิภาค กฟอ.ปากช่อง</value>
          </Data>
          <Data name="เวลาทำการ">
            <value>00:00 น. - 23:59 น.</value>
          </Data>
          <Data name="Latitude:">
            <value>14.69263268</value>
          </Data>
          <Data name="Longitude:">
            <value>101.4057312</value>
          </Data>
          <Data name="Lat,long">
            <value>14.69263268101.4057312</value>
          </Data>
        </ExtendedData>
        <Point>
          <coordinates>
            101.4057312,14.69263268,0
          </coordinates>
        </Point>
      </Placemark>
      <Placemark>
        <name>PEA VOLTA เขตอุดรธานี</name>
        <description><![CDATA[จังหวัด: อุดรธานี<br>ที่อยู่: การไฟฟ้าส่วนภูมิภาค เขต 1 (ภาคตะวันออกฉียงเหนือ) จังหวัดอุดรธานี<br>เวลาทำการ: 00:00 น. - 23:59 น.<br>Latitude:: 17.36828531<br>Longitude:: 102.7606178<br>Lat,long: 17.36828531102.7606178]]></description>
        <styleUrl>#icon-ci-3</styleUrl>
        <ExtendedData>
          <Data name="จังหวัด">
            <value>อุดรธานี</value>
          </Data>
          <Data name="ที่อยู่">
            <value>การไฟฟ้าส่วนภูมิภาค เขต 1 (ภาคตะวันออกฉียงเหนือ) จังหวัดอุดรธานี</value>
          </Data>
          <Data name="เวลาทำการ">
            <value>00:00 น. - 23:59 น.</value>
          </Data>
          <Data name="Latitude:">
            <value>17.36828531</value>
          </Data>
          <Data name="Longitude:">
            <value>102.7606178</value>
          </Data>
          <Data name="Lat,long">
            <value>17.36828531102.7606178</value>
          </Data>
        </ExtendedData>
        <Point>
          <coordinates>
            102.7606178,17.36828531,0
          </coordinates>
        </Point>
      </Placemark>
      <Placemark>
        <name>PEA VOLTA เขตเพชรบุรี</name>
        <description><![CDATA[จังหวัด: เพชรบุรี<br>ที่อยู่: การไฟฟ้าส่วนภูมิภาค เขต 1 (ภาคใต้) จังหวัดเพชรบุรี<br>เวลาทำการ: 00:00 น. - 23:59 น.<br>Latitude:: 13.06028912<br>Longitude:: 99.98330333<br>Lat,long: 13.0602891299.98330333]]></description>
        <styleUrl>#icon-ci-3</styleUrl>
        <ExtendedData>
          <Data name="จังหวัด">
            <value>เพชรบุรี</value>
          </Data>
          <Data name="ที่อยู่">
            <value>การไฟฟ้าส่วนภูมิภาค เขต 1 (ภาคใต้) จังหวัดเพชรบุรี</value>
          </Data>
          <Data name="เวลาทำการ">
            <value>00:00 น. - 23:59 น.</value>
          </Data>
          <Data name="Latitude:">
            <value>13.06028912</value>
          </Data>
          <Data name="Longitude:">
            <value>99.98330333</value>
          </Data>
          <Data name="Lat,long">
            <value>13.0602891299.98330333</value>
          </Data>
        </ExtendedData>
        <Point>
          <coordinates>
            99.98330333,13.06028912,0
          </coordinates>
        </Point>
      </Placemark>
      <Placemark>
        <name>PEA VOLTA เขาค้อ</name>
        <description><![CDATA[จังหวัด: เพชรบูรณ์<br>ที่อยู่: การไฟฟ้าส่วนภูมิภาค กฟอ.เขาค้อ<br>เวลาทำการ: 00:00 น. - 23:59 น.<br>Latitude:: 16.6322874<br>Longitude:: 100.9975571<br>Lat,long: 16.6322874100.9975571]]></description>
        <styleUrl>#icon-ci-3</styleUrl>
        <ExtendedData>
          <Data name="จังหวัด">
            <value>เพชรบูรณ์</value>
          </Data>
          <Data name="ที่อยู่">
            <value>การไฟฟ้าส่วนภูมิภาค กฟอ.เขาค้อ</value>
          </Data>
          <Data name="เวลาทำการ">
            <value>00:00 น. - 23:59 น.</value>
          </Data>
          <Data name="Latitude:">
            <value>16.6322874</value>
          </Data>
          <Data name="Longitude:">
            <value>100.9975571</value>
          </Data>
          <Data name="Lat,long">
            <value>16.6322874100.9975571</value>
          </Data>
        </ExtendedData>
        <Point>
          <coordinates>
            100.9975571,16.6322874,0
          </coordinates>
        </Point>
      </Placemark>
      <Placemark>
        <name>PEA VOLTA บางจาก ชัยบาดาล</name>
        <description><![CDATA[จังหวัด: ลพบุรี<br>ที่อยู่: BCP - บริษัท รูท ทเวนตี้วัน สเตชั่น จำกัด<br>เวลาทำการ: 00:00 น. - 23:59 น.<br>Latitude:: 15.226005<br>Longitude:: 101.127494<br>Lat,long: 15.226005101.127494]]></description>
        <styleUrl>#icon-ci-3</styleUrl>
        <ExtendedData>
          <Data name="จังหวัด">
            <value>ลพบุรี</value>
          </Data>
          <Data name="ที่อยู่">
            <value>BCP - บริษัท รูท ทเวนตี้วัน สเตชั่น จำกัด</value>
          </Data>
          <Data name="เวลาทำการ">
            <value>00:00 น. - 23:59 น.</value>
          </Data>
          <Data name="Latitude:">
            <value>15.226005</value>
          </Data>
          <Data name="Longitude:">
            <value>101.127494</value>
          </Data>
          <Data name="Lat,long">
            <value>15.226005101.127494</value>
          </Data>
        </ExtendedData>
        <Point>
          <coordinates>
            101.127494,15.226005,0
          </coordinates>
        </Point>
      </Placemark>
      <Placemark>
        <name>PEA VOLTA บางจาก เมืองนครสวรรค์</name>
        <description><![CDATA[จังหวัด: นครสวรรค์<br>ที่อยู่: BCP - บริษัท ไทย เพาเวอร์ กู๊ดส์ จำกัด<br>เวลาทำการ: 00:00 น. - 23:59 น.<br>Latitude:: 15.707573<br>Longitude:: 100.088074<br>Lat,long: 15.707573100.088074]]></description>
        <styleUrl>#icon-ci-3</styleUrl>
        <ExtendedData>
          <Data name="จังหวัด">
            <value>นครสวรรค์</value>
          </Data>
          <Data name="ที่อยู่">
            <value>BCP - บริษัท ไทย เพาเวอร์ กู๊ดส์ จำกัด</value>
          </Data>
          <Data name="เวลาทำการ">
            <value>00:00 น. - 23:59 น.</value>
          </Data>
          <Data name="Latitude:">
            <value>15.707573</value>
          </Data>
          <Data name="Longitude:">
            <value>100.088074</value>
          </Data>
          <Data name="Lat,long">
            <value>15.707573100.088074</value>
          </Data>
        </ExtendedData>
        <Point>
          <coordinates>
            100.088074,15.707573,0
          </coordinates>
        </Point>
      </Placemark>
      <Placemark>
        <name>PEA VOLTA บางจาก กุมภวาปี</name>
        <description><![CDATA[จังหวัด: อุดรธานี<br>ที่อยู่: BCP - บริษัท ฑีฆเจริญค้าน้ำมัน จำกัด<br>เวลาทำการ: 00:00 น. - 23:59 น.<br>Latitude:: 17.119794<br>Longitude:: 102.988851<br>Lat,long: 17.119794102.988851]]></description>
        <styleUrl>#icon-ci-3</styleUrl>
        <ExtendedData>
          <Data name="จังหวัด">
            <value>อุดรธานี</value>
          </Data>
          <Data name="ที่อยู่">
            <value>BCP - บริษัท ฑีฆเจริญค้าน้ำมัน จำกัด</value>
          </Data>
          <Data name="เวลาทำการ">
            <value>00:00 น. - 23:59 น.</value>
          </Data>
          <Data name="Latitude:">
            <value>17.119794</value>
          </Data>
          <Data name="Longitude:">
            <value>102.988851</value>
          </Data>
          <Data name="Lat,long">
            <value>17.119794102.988851</value>
          </Data>
        </ExtendedData>
        <Point>
          <coordinates>
            102.988851,17.119794,0
          </coordinates>
        </Point>
      </Placemark>
      <Placemark>
        <name>PEA VOLTA โรงแรมริเวอร์ทรีรีสอร์ท เชียงคาน</name>
        <description><![CDATA[จังหวัด: เลย<br>ที่อยู่: โรงแรม ริเวอร์ทรี รีสอร์ท<br>เวลาทำการ: 00:00 น. - 23:59 น.<br>Latitude:: 17.891755<br>Longitude:: 101.6433863<br>Lat,long: 17.891755101.6433863]]></description>
        <styleUrl>#icon-ci-3</styleUrl>
        <ExtendedData>
          <Data name="จังหวัด">
            <value>เลย</value>
          </Data>
          <Data name="ที่อยู่">
            <value>โรงแรม ริเวอร์ทรี รีสอร์ท</value>
          </Data>
          <Data name="เวลาทำการ">
            <value>00:00 น. - 23:59 น.</value>
          </Data>
          <Data name="Latitude:">
            <value>17.891755</value>
          </Data>
          <Data name="Longitude:">
            <value>101.6433863</value>
          </Data>
          <Data name="Lat,long">
            <value>17.891755101.6433863</value>
          </Data>
        </ExtendedData>
        <Point>
          <coordinates>
            101.6433863,17.891755,0
          </coordinates>
        </Point>
      </Placemark>
      <Placemark>
        <name>PEA VOLTA บางจาก เมืองหนองคาย 2 (โพธิ์ชัย)</name>
        <description><![CDATA[จังหวัด: หนองคาย<br>ที่อยู่: BCP - บริษัท เลิศพัฒนาปิโตรเลียม จำกัด<br>เวลาทำการ: 00:00 น. - 23:59 น.<br>Latitude:: 17.862053<br>Longitude:: 102.749375<br>Lat,long: 17.862053102.749375]]></description>
        <styleUrl>#icon-ci-3</styleUrl>
        <ExtendedData>
          <Data name="จังหวัด">
            <value>หนองคาย</value>
          </Data>
          <Data name="ที่อยู่">
            <value>BCP - บริษัท เลิศพัฒนาปิโตรเลียม จำกัด</value>
          </Data>
          <Data name="เวลาทำการ">
            <value>00:00 น. - 23:59 น.</value>
          </Data>
          <Data name="Latitude:">
            <value>17.862053</value>
          </Data>
          <Data name="Longitude:">
            <value>102.749375</value>
          </Data>
          <Data name="Lat,long">
            <value>17.862053102.749375</value>
          </Data>
        </ExtendedData>
        <Point>
          <coordinates>
            102.749375,17.862053,0
          </coordinates>
        </Point>
      </Placemark>
      <Placemark>
        <name>PEA VOLTA คาลเท็กซ์ พนมสารคาม</name>
        <description><![CDATA[จังหวัด: ฉะเชิงเทรา<br>ที่อยู่: สถานีบริการน้ำมัน - CALTEX บจก. ดาวพนมเทรดดิ้ง<br>เวลาทำการ: 00:00 น. - 23:59 น.<br>Latitude:: 13.721765<br>Longitude:: 101.317872<br>Lat,long: 13.721765101.317872]]></description>
        <styleUrl>#icon-ci-3</styleUrl>
        <ExtendedData>
          <Data name="จังหวัด">
            <value>ฉะเชิงเทรา</value>
          </Data>
          <Data name="ที่อยู่">
            <value>สถานีบริการน้ำมัน - CALTEX บจก. ดาวพนมเทรดดิ้ง</value>
          </Data>
          <Data name="เวลาทำการ">
            <value>00:00 น. - 23:59 น.</value>
          </Data>
          <Data name="Latitude:">
            <value>13.721765</value>
          </Data>
          <Data name="Longitude:">
            <value>101.317872</value>
          </Data>
          <Data name="Lat,long">
            <value>13.721765101.317872</value>
          </Data>
        </ExtendedData>
        <Point>
          <coordinates>
            101.317872,13.721765,0
          </coordinates>
        </Point>
      </Placemark>
      <Placemark>
        <name>PEA VOLTA คาลเท็กซ์ กระทุ่มแบน</name>
        <description><![CDATA[จังหวัด: สมุทรสาคร<br>ที่อยู่: สถานีบริการน้ำมัน - CALTEX บจก. ชัยพฤกษ์ปิโตรเลี่ยม 1959<br>เวลาทำการ: 00:00 น. - 23:59 น.<br>Latitude:: 13.705175<br>Longitude:: 100.317018<br>Lat,long: 13.705175100.317018]]></description>
        <styleUrl>#icon-ci-3</styleUrl>
        <ExtendedData>
          <Data name="จังหวัด">
            <value>สมุทรสาคร</value>
          </Data>
          <Data name="ที่อยู่">
            <value>สถานีบริการน้ำมัน - CALTEX บจก. ชัยพฤกษ์ปิโตรเลี่ยม 1959</value>
          </Data>
          <Data name="เวลาทำการ">
            <value>00:00 น. - 23:59 น.</value>
          </Data>
          <Data name="Latitude:">
            <value>13.705175</value>
          </Data>
          <Data name="Longitude:">
            <value>100.317018</value>
          </Data>
          <Data name="Lat,long">
            <value>13.705175100.317018</value>
          </Data>
        </ExtendedData>
        <Point>
          <coordinates>
            100.317018,13.705175,0
          </coordinates>
        </Point>
      </Placemark>
      <Placemark>
        <name>PEA VOLTA บางจาก เมืองสมุทรสาคร 2 (บางกระเจ้า)</name>
        <description><![CDATA[จังหวัด: สมุทรสาคร<br>ที่อยู่: BCP - บริษัท ชิดบุญ จำกัด<br>เวลาทำการ: 00:00 น. - 23:59 น.<br>Latitude:: 13.539376<br>Longitude:: 100.230024<br>Lat,long: 13.539376100.230024]]></description>
        <styleUrl>#icon-ci-3</styleUrl>
        <ExtendedData>
          <Data name="จังหวัด">
            <value>สมุทรสาคร</value>
          </Data>
          <Data name="ที่อยู่">
            <value>BCP - บริษัท ชิดบุญ จำกัด</value>
          </Data>
          <Data name="เวลาทำการ">
            <value>00:00 น. - 23:59 น.</value>
          </Data>
          <Data name="Latitude:">
            <value>13.539376</value>
          </Data>
          <Data name="Longitude:">
            <value>100.230024</value>
          </Data>
          <Data name="Lat,long">
            <value>13.539376100.230024</value>
          </Data>
        </ExtendedData>
        <Point>
          <coordinates>
            100.230024,13.539376,0
          </coordinates>
        </Point>
      </Placemark>
      <Placemark>
        <name>PEA VOLTA บางจาก สามพราน 2 (บางกระทึก)</name>
        <description><![CDATA[จังหวัด: นครปฐม<br>ที่อยู่: BCP - บริษัท 1.8 ดีเวล็อปเม้นต์ จำกัด<br>เวลาทำการ: 00:00 น. - 23:59 น.<br>Latitude:: 13.759246<br>Longitude:: 100.301677<br>Lat,long: 13.759246100.301677]]></description>
        <styleUrl>#icon-ci-3</styleUrl>
        <ExtendedData>
          <Data name="จังหวัด">
            <value>นครปฐม</value>
          </Data>
          <Data name="ที่อยู่">
            <value>BCP - บริษัท 1.8 ดีเวล็อปเม้นต์ จำกัด</value>
          </Data>
          <Data name="เวลาทำการ">
            <value>00:00 น. - 23:59 น.</value>
          </Data>
          <Data name="Latitude:">
            <value>13.759246</value>
          </Data>
          <Data name="Longitude:">
            <value>100.301677</value>
          </Data>
          <Data name="Lat,long">
            <value>13.759246100.301677</value>
          </Data>
        </ExtendedData>
        <Point>
          <coordinates>
            100.301677,13.759246,0
          </coordinates>
        </Point>
      </Placemark>
      <Placemark>
        <name>PEA VOLTA เอสโซ่ เมืองกาญจนบุรี</name>
        <description><![CDATA[จังหวัด: กาญจนบุรี<br>ที่อยู่: ทีเอ็มเค พาร์ค กาญจนบุรี (ESSO)<br>เวลาทำการ: 00:00 น. - 23:59 น.<br>Latitude:: 14.05179581<br>Longitude:: 99.50488109<br>Lat,long: 14.0517958199.50488109]]></description>
        <styleUrl>#icon-ci-3</styleUrl>
        <ExtendedData>
          <Data name="จังหวัด">
            <value>กาญจนบุรี</value>
          </Data>
          <Data name="ที่อยู่">
            <value>ทีเอ็มเค พาร์ค กาญจนบุรี (ESSO)</value>
          </Data>
          <Data name="เวลาทำการ">
            <value>00:00 น. - 23:59 น.</value>
          </Data>
          <Data name="Latitude:">
            <value>14.05179581</value>
          </Data>
          <Data name="Longitude:">
            <value>99.50488109</value>
          </Data>
          <Data name="Lat,long">
            <value>14.0517958199.50488109</value>
          </Data>
        </ExtendedData>
        <Point>
          <coordinates>
            99.50488109,14.05179581,0
          </coordinates>
        </Point>
      </Placemark>
      <Placemark>
        <name>PEA VOLTA มหาวิทยาลัยมหิดล วิทยาเขตกาญจนบุรี</name>
        <description><![CDATA[จังหวัด: กาญจนบุรี<br>ที่อยู่: มหาวิทยาลัยมหิดล วิทยาเขตกาญจนบุรี<br>เวลาทำการ: 00:00 น. - 23:59 น.<br>Latitude:: 14.130229<br>Longitude:: 99.159679<br>Lat,long: 14.13022999.159679]]></description>
        <styleUrl>#icon-ci-3</styleUrl>
        <ExtendedData>
          <Data name="จังหวัด">
            <value>กาญจนบุรี</value>
          </Data>
          <Data name="ที่อยู่">
            <value>มหาวิทยาลัยมหิดล วิทยาเขตกาญจนบุรี</value>
          </Data>
          <Data name="เวลาทำการ">
            <value>00:00 น. - 23:59 น.</value>
          </Data>
          <Data name="Latitude:">
            <value>14.130229</value>
          </Data>
          <Data name="Longitude:">
            <value>99.159679</value>
          </Data>
          <Data name="Lat,long">
            <value>14.13022999.159679</value>
          </Data>
        </ExtendedData>
        <Point>
          <coordinates>
            99.159679,14.130229,0
          </coordinates>
        </Point>
      </Placemark>
      <Placemark>
        <name>PEA VOLTA บางจาก ไทรโยค</name>
        <description><![CDATA[จังหวัด: กาญจนบุรี<br>ที่อยู่: BCP - บริษัท แอล.อาร์.เซอร์วิส จำกัด<br>เวลาทำการ: 00:00 น. - 23:59 น.<br>Latitude:: 14.089515<br>Longitude:: 99.280542<br>Lat,long: 14.08951599.280542]]></description>
        <styleUrl>#icon-ci-3</styleUrl>
        <ExtendedData>
          <Data name="จังหวัด">
            <value>กาญจนบุรี</value>
          </Data>
          <Data name="ที่อยู่">
            <value>BCP - บริษัท แอล.อาร์.เซอร์วิส จำกัด</value>
          </Data>
          <Data name="เวลาทำการ">
            <value>00:00 น. - 23:59 น.</value>
          </Data>
          <Data name="Latitude:">
            <value>14.089515</value>
          </Data>
          <Data name="Longitude:">
            <value>99.280542</value>
          </Data>
          <Data name="Lat,long">
            <value>14.08951599.280542</value>
          </Data>
        </ExtendedData>
        <Point>
          <coordinates>
            99.280542,14.089515,0
          </coordinates>
        </Point>
      </Placemark>
      <Placemark>
        <name>PEA VOLTA บางจาก ละแม 2 (สวนแตง)</name>
        <description><![CDATA[จังหวัด: ชุมพร<br>ที่อยู่: BCP - บริษัท เอส.พี.ปิโตรเลียม อินเตอร์ กรุ๊ป จำกัด<br>เวลาทำการ: 00:00 น. - 23:59 น.<br>Latitude:: 9.74023<br>Longitude:: 99.1022<br>Lat,long: 9.7402399.1022]]></description>
        <styleUrl>#icon-ci-3</styleUrl>
        <ExtendedData>
          <Data name="จังหวัด">
            <value>ชุมพร</value>
          </Data>
          <Data name="ที่อยู่">
            <value>BCP - บริษัท เอส.พี.ปิโตรเลียม อินเตอร์ กรุ๊ป จำกัด</value>
          </Data>
          <Data name="เวลาทำการ">
            <value>00:00 น. - 23:59 น.</value>
          </Data>
          <Data name="Latitude:">
            <value>9.74023</value>
          </Data>
          <Data name="Longitude:">
            <value>99.1022</value>
          </Data>
          <Data name="Lat,long">
            <value>9.7402399.1022</value>
          </Data>
        </ExtendedData>
        <Point>
          <coordinates>
            99.1022,9.74023,0
          </coordinates>
        </Point>
      </Placemark>
      <Placemark>
        <name>PEA VOLTA บางจาก ทุ่งตะโก</name>
        <description><![CDATA[จังหวัด: ชุมพร<br>ที่อยู่: BCP - บริษัท เอพีสุราษฎร์เทรดดิ้ง จำกัด<br>เวลาทำการ: 00:00 น. - 23:59 น.<br>Latitude:: 10.155019<br>Longitude:: 99.096189<br>Lat,long: 10.15501999.096189]]></description>
        <styleUrl>#icon-ci-3</styleUrl>
        <ExtendedData>
          <Data name="จังหวัด">
            <value>ชุมพร</value>
          </Data>
          <Data name="ที่อยู่">
            <value>BCP - บริษัท เอพีสุราษฎร์เทรดดิ้ง จำกัด</value>
          </Data>
          <Data name="เวลาทำการ">
            <value>00:00 น. - 23:59 น.</value>
          </Data>
          <Data name="Latitude:">
            <value>10.155019</value>
          </Data>
          <Data name="Longitude:">
            <value>99.096189</value>
          </Data>
          <Data name="Lat,long">
            <value>10.15501999.096189</value>
          </Data>
        </ExtendedData>
        <Point>
          <coordinates>
            99.096189,10.155019,0
          </coordinates>
        </Point>
      </Placemark>
      <Placemark>
        <name>PEA VOLTA คาลเท็กซ์ เมืองชุมพร</name>
        <description><![CDATA[จังหวัด: ชุมพร<br>ที่อยู่: สถานีบริการน้ำมัน - CALTEX บจก. เจทีทีบีซซ์ สาขา 00001<br>เวลาทำการ: 00:00 น. - 23:59 น.<br>Latitude:: 10.35662<br>Longitude:: 99.11654<br>Lat,long: 10.3566299.11654]]></description>
        <styleUrl>#icon-ci-3</styleUrl>
        <ExtendedData>
          <Data name="จังหวัด">
            <value>ชุมพร</value>
          </Data>
          <Data name="ที่อยู่">
            <value>สถานีบริการน้ำมัน - CALTEX บจก. เจทีทีบีซซ์ สาขา 00001</value>
          </Data>
          <Data name="เวลาทำการ">
            <value>00:00 น. - 23:59 น.</value>
          </Data>
          <Data name="Latitude:">
            <value>10.35662</value>
          </Data>
          <Data name="Longitude:">
            <value>99.11654</value>
          </Data>
          <Data name="Lat,long">
            <value>10.3566299.11654</value>
          </Data>
        </ExtendedData>
        <Point>
          <coordinates>
            99.11654,10.35662,0
          </coordinates>
        </Point>
      </Placemark>
      <Placemark>
        <name>PEA VOLTA บางจาก จอมบึง</name>
        <description><![CDATA[จังหวัด: ราชบุรี<br>ที่อยู่: BCP - บริษัท เอสเจซี เพาเวอร์ จำกัด<br>เวลาทำการ: 00:00 น. - 23:59 น.<br>Latitude:: 13.626285<br>Longitude:: 99.614588<br>Lat,long: 13.62628599.614588]]></description>
        <styleUrl>#icon-ci-3</styleUrl>
        <ExtendedData>
          <Data name="จังหวัด">
            <value>ราชบุรี</value>
          </Data>
          <Data name="ที่อยู่">
            <value>BCP - บริษัท เอสเจซี เพาเวอร์ จำกัด</value>
          </Data>
          <Data name="เวลาทำการ">
            <value>00:00 น. - 23:59 น.</value>
          </Data>
          <Data name="Latitude:">
            <value>13.626285</value>
          </Data>
          <Data name="Longitude:">
            <value>99.614588</value>
          </Data>
          <Data name="Lat,long">
            <value>13.62628599.614588</value>
          </Data>
        </ExtendedData>
        <Point>
          <coordinates>
            99.614588,13.626285,0
          </coordinates>
        </Point>
      </Placemark>
      <Placemark>
        <name>PEA VOLTA 7-Eleven เมืองประจวบคีรีขันธ์</name>
        <description><![CDATA[จังหวัด: ประจวบคีรีขันธ์<br>ที่อยู่: 7-11 สาขา ถนนสุขใจ ซอย 14<br>เวลาทำการ: 00:00 น. - 23:59 น.<br>Latitude:: 11.80022<br>Longitude:: 99.792221<br>Lat,long: 11.8002299.792221]]></description>
        <styleUrl>#icon-ci-3</styleUrl>
        <ExtendedData>
          <Data name="จังหวัด">
            <value>ประจวบคีรีขันธ์</value>
          </Data>
          <Data name="ที่อยู่">
            <value>7-11 สาขา ถนนสุขใจ ซอย 14</value>
          </Data>
          <Data name="เวลาทำการ">
            <value>00:00 น. - 23:59 น.</value>
          </Data>
          <Data name="Latitude:">
            <value>11.80022</value>
          </Data>
          <Data name="Longitude:">
            <value>99.792221</value>
          </Data>
          <Data name="Lat,long">
            <value>11.8002299.792221</value>
          </Data>
        </ExtendedData>
        <Point>
          <coordinates>
            99.792221,11.80022,0
          </coordinates>
        </Point>
      </Placemark>
      <Placemark>
        <name>PEA VOLTA คาลเท็กซ์ ปราณบุรี</name>
        <description><![CDATA[จังหวัด: ประจวบคีรีขันธ์<br>ที่อยู่: สถานีบริการน้ำมัน - CALTEX พีเอส ปราณบุรี<br>เวลาทำการ: 00:00 น. - 23:59 น.<br>Latitude:: 12.357784<br>Longitude:: 99.88494<br>Lat,long: 12.35778499.88494]]></description>
        <styleUrl>#icon-ci-3</styleUrl>
        <ExtendedData>
          <Data name="จังหวัด">
            <value>ประจวบคีรีขันธ์</value>
          </Data>
          <Data name="ที่อยู่">
            <value>สถานีบริการน้ำมัน - CALTEX พีเอส ปราณบุรี</value>
          </Data>
          <Data name="เวลาทำการ">
            <value>00:00 น. - 23:59 น.</value>
          </Data>
          <Data name="Latitude:">
            <value>12.357784</value>
          </Data>
          <Data name="Longitude:">
            <value>99.88494</value>
          </Data>
          <Data name="Lat,long">
            <value>12.35778499.88494</value>
          </Data>
        </ExtendedData>
        <Point>
          <coordinates>
            99.88494,12.357784,0
          </coordinates>
        </Point>
      </Placemark>
      <Placemark>
        <name>PEA VOLTA เอสโซ่ เขาย้อย</name>
        <description><![CDATA[จังหวัด: เพชรบุรี<br>ที่อยู่: สถานีบริการน้ำมันน้ำมัน - ESSO วัฒนา-วังมะนาว<br>เวลาทำการ: 00:00 น. - 23:59 น.<br>Latitude:: 13.30283829<br>Longitude:: 99.82495446<br>Lat,long: 13.3028382999.82495446]]></description>
        <styleUrl>#icon-ci-3</styleUrl>
        <ExtendedData>
          <Data name="จังหวัด">
            <value>เพชรบุรี</value>
          </Data>
          <Data name="ที่อยู่">
            <value>สถานีบริการน้ำมันน้ำมัน - ESSO วัฒนา-วังมะนาว</value>
          </Data>
          <Data name="เวลาทำการ">
            <value>00:00 น. - 23:59 น.</value>
          </Data>
          <Data name="Latitude:">
            <value>13.30283829</value>
          </Data>
          <Data name="Longitude:">
            <value>99.82495446</value>
          </Data>
          <Data name="Lat,long">
            <value>13.3028382999.82495446</value>
          </Data>
        </ExtendedData>
        <Point>
          <coordinates>
            99.82495446,13.30283829,0
          </coordinates>
        </Point>
      </Placemark>
      <Placemark>
        <name>PEA VOLTA บางจาก หาดใหญ่ 2 (คอหงส์)</name>
        <description><![CDATA[จังหวัด: สงขลา<br>ที่อยู่: BCP - บริษัท เซาท์เทอร์น ยูเนี่ยน กรุ๊ป จำกัด สาขานวลแก้วอุทิศ<br>เวลาทำการ: 00:00 น. - 23:59 น.<br>Latitude:: 7.0299856<br>Longitude:: 100.499546<br>Lat,long: 7.0299856100.499546]]></description>
        <styleUrl>#icon-ci-3</styleUrl>
        <ExtendedData>
          <Data name="จังหวัด">
            <value>สงขลา</value>
          </Data>
          <Data name="ที่อยู่">
            <value>BCP - บริษัท เซาท์เทอร์น ยูเนี่ยน กรุ๊ป จำกัด สาขานวลแก้วอุทิศ</value>
          </Data>
          <Data name="เวลาทำการ">
            <value>00:00 น. - 23:59 น.</value>
          </Data>
          <Data name="Latitude:">
            <value>7.0299856</value>
          </Data>
          <Data name="Longitude:">
            <value>100.499546</value>
          </Data>
          <Data name="Lat,long">
            <value>7.0299856100.499546</value>
          </Data>
        </ExtendedData>
        <Point>
          <coordinates>
            100.499546,7.0299856,0
          </coordinates>
        </Point>
      </Placemark>
    </Folder>
    <Folder>
      <name>VOLTA CONNEXT</name>
      <Placemark>
        <name>คาลเท็กซ์ สาขาน้ำมันดาวพนม</name>
        <description><![CDATA[ชื่อสถานที่: คาลเท็กซ์ สาขาน้ำมันดาวพนม<br>จังหวัด: ฉะเชิงเทรา<br>ที่อยู่: 654/5 หมู่ 1 ตำบลพนมสารคาม อำเภอพนมสารคาม จังหวัดฉะเชิงเทรา 24120<br>เวลาทำการ: 00.00 น. - 24.00 น.<br>Latitude:: 13.748<br>Longitude:: 101.359<br>Lat: 13.748<br>long: 101.359]]></description>
        <styleUrl>#icon-ci-4-labelson</styleUrl>
        <ExtendedData>
          <Data name="ชื่อสถานที่">
            <value>คาลเท็กซ์ สาขาน้ำมันดาวพนม</value>
          </Data>
          <Data name="จังหวัด">
            <value>ฉะเชิงเทรา</value>
          </Data>
          <Data name="ที่อยู่">
            <value>654/5 หมู่ 1 ตำบลพนมสารคาม อำเภอพนมสารคาม จังหวัดฉะเชิงเทรา 24120</value>
          </Data>
          <Data name="เวลาทำการ">
            <value>00.00 น. - 24.00 น.</value>
          </Data>
          <Data name="Latitude:">
            <value>13.74804211</value>
          </Data>
          <Data name="Longitude:">
            <value>101.3590775</value>
          </Data>
          <Data name="Lat">
            <value>13.74804211</value>
          </Data>
          <Data name="long">
            <value>101.3590775</value>
          </Data>
        </ExtendedData>
        <Point>
          <coordinates>
            101.3590491,13.7481415,0
          </coordinates>
        </Point>
      </Placemark>
      <Placemark>
        <name>สถานี เข้าท่า บ้านบึง</name>
        <description><![CDATA[ชื่อสถานที่: สถานี เข้าท่า บ้านบึง<br>จังหวัด: ชลบุรี<br>ที่อยู่: 101 หมู่ 1 ตำบล หนองซ้ำซาก อำเภอบ้านบึง ชลบุรี 20170<br>เวลาทำการ: 00.00 น. - 24.00 น.<br>Latitude:: 13.334<br>Longitude:: 101.079<br>Lat: 13.334<br>long: 101.079]]></description>
        <styleUrl>#icon-ci-4-labelson</styleUrl>
        <ExtendedData>
          <Data name="ชื่อสถานที่">
            <value>สถานี เข้าท่า บ้านบึง</value>
          </Data>
          <Data name="จังหวัด">
            <value>ชลบุรี</value>
          </Data>
          <Data name="ที่อยู่">
            <value>101 หมู่ 1 ตำบล หนองซ้ำซาก อำเภอบ้านบึง ชลบุรี 20170</value>
          </Data>
          <Data name="เวลาทำการ">
            <value>00.00 น. - 24.00 น.</value>
          </Data>
          <Data name="Latitude:">
            <value>13.33417511</value>
          </Data>
          <Data name="Longitude:">
            <value>101.0789871</value>
          </Data>
          <Data name="Lat">
            <value>13.33417511</value>
          </Data>
          <Data name="long">
            <value>101.0789871</value>
          </Data>
        </ExtendedData>
        <Point>
          <coordinates>
            101.0788117,13.3343054,0
          </coordinates>
        </Point>
      </Placemark>
      <Placemark>
        <name>บริษัท พรีไซซ ซิสเท็ม</name>
        <description><![CDATA[ชื่อสถานที่: บริษัท พรีไซซ ซิสเท็ม<br>จังหวัด: นนทบุรี<br>ที่อยู่: เลขที่ 1/333 หมู่ที่ 9 ตำบลบางพูด อำเภอปากเกร็ด จังหวัดนนทบุรี<br>เวลาทำการ: 00.00 น. - 24.00 น.<br>Latitude:: 13.912<br>Longitude:: 100.52<br>Lat: 13.912<br>long: 100.52]]></description>
        <styleUrl>#icon-ci-4-labelson</styleUrl>
        <ExtendedData>
          <Data name="ชื่อสถานที่">
            <value>บริษัท พรีไซซ ซิสเท็ม</value>
          </Data>
          <Data name="จังหวัด">
            <value>นนทบุรี</value>
          </Data>
          <Data name="ที่อยู่">
            <value>เลขที่ 1/333 หมู่ที่ 9 ตำบลบางพูด อำเภอปากเกร็ด จังหวัดนนทบุรี</value>
          </Data>
          <Data name="เวลาทำการ">
            <value>00.00 น. - 24.00 น.</value>
          </Data>
          <Data name="Latitude:">
            <value>13.91230679</value>
          </Data>
          <Data name="Longitude:">
            <value>100.520401</value>
          </Data>
          <Data name="Lat">
            <value>13.91230679</value>
          </Data>
          <Data name="long">
            <value>100.520401</value>
          </Data>
        </ExtendedData>
        <Point>
          <coordinates>
            100.5203805,13.912317,0
          </coordinates>
        </Point>
      </Placemark>
      <Placemark>
        <name>สถานีชาร์จ พาข้าวโคราช</name>
        <description><![CDATA[ชื่อสถานที่: สถานีชาร์จ พาข้าวโคราช<br>จังหวัด: นครราชสีมา<br>ที่อยู่: ห้างสรรพสินค้า พาข้าวโคราช 399 ถนนมิตรภาพ-หนองคาย ต.ในเมือง อ.เมืองนครราชสีมา จ.นครราชสีมา 30000 (ร่วมเครือข่าย PEA VOLTA)<br>เวลาทำการ: 00.00 น. - 24.00 น.<br>Latitude:: 14.987<br>Longitude:: 102.094<br>Lat: 14.987<br>long: 102.094]]></description>
        <styleUrl>#icon-ci-4-labelson</styleUrl>
        <ExtendedData>
          <Data name="ชื่อสถานที่">
            <value>สถานีชาร์จ พาข้าวโคราช</value>
          </Data>
          <Data name="จังหวัด">
            <value>นครราชสีมา</value>
          </Data>
          <Data name="ที่อยู่">
            <value>ห้างสรรพสินค้า พาข้าวโคราช 399 ถนนมิตรภาพ-หนองคาย ต.ในเมือง อ.เมืองนครราชสีมา จ.นครราชสีมา 30000 (ร่วมเครือข่าย PEA VOLTA)</value>
          </Data>
          <Data name="เวลาทำการ">
            <value>00.00 น. - 24.00 น.</value>
          </Data>
          <Data name="Latitude:">
            <value>14.98742294</value>
          </Data>
          <Data name="Longitude:">
            <value>102.0942154</value>
          </Data>
          <Data name="Lat">
            <value>14.98742294</value>
          </Data>
          <Data name="long">
            <value>102.0942154</value>
          </Data>
        </ExtendedData>
        <Point>
          <coordinates>
            102.0942411,14.9874786,0
          </coordinates>
        </Point>
      </Placemark>
      <Placemark>
        <name>แอนดาซ พัทยา จอมเทียน บีซ</name>
        <description><![CDATA[ชื่อสถานที่: แอนดาซ พัทยา จอมเทียน บีซ<br>จังหวัด: ชลบุรี <br>ที่อยู่: 345 หมู่ 3 ต.นาจอมเทียน อ.สัตหีบ จ.จังหวัดชลบุรี 20250 ประเทศไทย<br>เวลาทำการ: 00.00 น. - 24.00 น.<br>Latitude:: 12.792<br>Longitude:: 100.911<br>Lat: 12.792<br>long: 100.911]]></description>
        <styleUrl>#icon-ci-4-labelson</styleUrl>
        <ExtendedData>
          <Data name="ชื่อสถานที่">
            <value>แอนดาซ พัทยา จอมเทียน บีซ</value>
          </Data>
          <Data name="จังหวัด">
            <value>ชลบุรี </value>
          </Data>
          <Data name="ที่อยู่">
            <value>345 หมู่ 3 ต.นาจอมเทียน อ.สัตหีบ จ.จังหวัดชลบุรี 20250 ประเทศไทย</value>
          </Data>
          <Data name="เวลาทำการ">
            <value>00.00 น. - 24.00 น.</value>
          </Data>
          <Data name="Latitude:">
            <value>12.79178238</value>
          </Data>
          <Data name="Longitude:">
            <value>100.910965</value>
          </Data>
          <Data name="Lat">
            <value>12.79178238</value>
          </Data>
          <Data name="long">
            <value>100.910965</value>
          </Data>
        </ExtendedData>
        <Point>
          <coordinates>
            100.9109739,12.7917544,0
          </coordinates>
        </Point>
      </Placemark>
      <Placemark>
        <name>ชีจรรย์ กอล์ฟ รีสอร์ท</name>
        <description><![CDATA[ชื่อสถานที่: ชีจรรย์ กอล์ฟ รีสอร์ท<br>จังหวัด: ชลบุรี <br>ที่อยู่: เลขที่ 108/18 หมู่ 6 ตำบลนาจอมเทียน อำเภอสัตหีบ จังหวัดชลบุรี 20250<br>เวลาทำการ: 00.00 น. - 24.00 น.<br>Latitude:: 12.771<br>Longitude:: 100.965<br>Lat: 12.771<br>long: 100.965]]></description>
        <styleUrl>#icon-ci-4-labelson</styleUrl>
        <ExtendedData>
          <Data name="ชื่อสถานที่">
            <value>ชีจรรย์ กอล์ฟ รีสอร์ท</value>
          </Data>
          <Data name="จังหวัด">
            <value>ชลบุรี </value>
          </Data>
          <Data name="ที่อยู่">
            <value>เลขที่ 108/18 หมู่ 6 ตำบลนาจอมเทียน อำเภอสัตหีบ จังหวัดชลบุรี 20250</value>
          </Data>
          <Data name="เวลาทำการ">
            <value>00.00 น. - 24.00 น.</value>
          </Data>
          <Data name="Latitude:">
            <value>12.77110386</value>
          </Data>
          <Data name="Longitude:">
            <value>100.9653473</value>
          </Data>
          <Data name="Lat">
            <value>12.77110386</value>
          </Data>
          <Data name="long">
            <value>100.9653473</value>
          </Data>
        </ExtendedData>
        <Point>
          <coordinates>
            100.9652455,12.7709943,0
          </coordinates>
        </Point>
      </Placemark>
      <Placemark>
        <name>สถานีชาร์จ ฮูลิแกน คาเฟ่</name>
        <description><![CDATA[ชื่อสถานที่: สถานีชาร์จ ฮูลิแกน คาเฟ่<br>จังหวัด: จันทบุรี<br>ที่อยู่: 6002 ตำบล ตะกาดเง้า อำเภอท่าใหม่ จันทบุรี 22120<br>เวลาทำการ: 00.00 น. - 24.00 น.<br>Latitude:: 12.615<br>Longitude:: 101.996<br>Lat: 12.615<br>long: 101.996]]></description>
        <styleUrl>#icon-ci-4-labelson</styleUrl>
        <ExtendedData>
          <Data name="ชื่อสถานที่">
            <value>สถานีชาร์จ ฮูลิแกน คาเฟ่</value>
          </Data>
          <Data name="จังหวัด">
            <value>จันทบุรี</value>
          </Data>
          <Data name="ที่อยู่">
            <value>6002 ตำบล ตะกาดเง้า อำเภอท่าใหม่ จันทบุรี 22120</value>
          </Data>
          <Data name="เวลาทำการ">
            <value>00.00 น. - 24.00 น.</value>
          </Data>
          <Data name="Latitude:">
            <value>12.6145916</value>
          </Data>
          <Data name="Longitude:">
            <value>101.9962158</value>
          </Data>
          <Data name="Lat">
            <value>12.6145916</value>
          </Data>
          <Data name="long">
            <value>101.9962158</value>
          </Data>
        </ExtendedData>
        <Point>
          <coordinates>
            101.9962532,12.6146188,0
          </coordinates>
        </Point>
      </Placemark>
      <Placemark>
        <name>ฮับสถานีชาร์จยานยนต์ไฟฟ้า เมืองประจวบฯ</name>
        <description><![CDATA[ชื่อสถานที่: ฮับสถานีชาร์จยานยนต์ไฟฟ้า เมืองประจวบฯ<br>จังหวัด: ประจวบคีรีขันธ์<br>ที่อยู่: ตำบล เกาะหลัก อำเภอเมืองประจวบคีรีขันธ์ ประจวบคีรีขันธ์<br>เวลาทำการ: 00.00 น. - 24.00 น.<br>Latitude:: 11.801<br>Longitude:: 99.777<br>Lat: 11.801<br>long: 99.777]]></description>
        <styleUrl>#icon-ci-4-labelson</styleUrl>
        <ExtendedData>
          <Data name="ชื่อสถานที่">
            <value>ฮับสถานีชาร์จยานยนต์ไฟฟ้า เมืองประจวบฯ</value>
          </Data>
          <Data name="จังหวัด">
            <value>ประจวบคีรีขันธ์</value>
          </Data>
          <Data name="ที่อยู่">
            <value>ตำบล เกาะหลัก อำเภอเมืองประจวบคีรีขันธ์ ประจวบคีรีขันธ์</value>
          </Data>
          <Data name="เวลาทำการ">
            <value>00.00 น. - 24.00 น.</value>
          </Data>
          <Data name="Latitude:">
            <value>11.80076504</value>
          </Data>
          <Data name="Longitude:">
            <value>99.77693939</value>
          </Data>
          <Data name="Lat">
            <value>11.80076504</value>
          </Data>
          <Data name="long">
            <value>99.77693939</value>
          </Data>
        </ExtendedData>
        <Point>
          <coordinates>
            99.77426,11.7948053,0
          </coordinates>
        </Point>
      </Placemark>
      <Placemark>
        <name>ลอฟท์ มาเนีย บูติค โฮเทล</name>
        <description><![CDATA[ชื่อสถานที่: ลอฟท์ มาเนีย บูติค โฮเทล<br>จังหวัด: ชุมพร<br>ที่อยู่: 89 9 ถนนพิศิษฐ์พยาบาล ตำบล ท่าตะเภา อำเภอเมืองชุมพร ชุมพร 86000<br>เวลาทำการ: 00.00 น. - 24.00 น.<br>Latitude:: 10.497<br>Longitude:: 99.182<br>Lat: 10.497<br>long: 99.182]]></description>
        <styleUrl>#icon-ci-4-labelson</styleUrl>
        <ExtendedData>
          <Data name="ชื่อสถานที่">
            <value>ลอฟท์ มาเนีย บูติค โฮเทล</value>
          </Data>
          <Data name="จังหวัด">
            <value>ชุมพร</value>
          </Data>
          <Data name="ที่อยู่">
            <value>89 9 ถนนพิศิษฐ์พยาบาล ตำบล ท่าตะเภา อำเภอเมืองชุมพร ชุมพร 86000</value>
          </Data>
          <Data name="เวลาทำการ">
            <value>00.00 น. - 24.00 น.</value>
          </Data>
          <Data name="Latitude:">
            <value>10.49679375</value>
          </Data>
          <Data name="Longitude:">
            <value>99.18192291</value>
          </Data>
          <Data name="Lat">
            <value>10.49679375</value>
          </Data>
          <Data name="long">
            <value>99.18192291</value>
          </Data>
        </ExtendedData>
        <Point>
          <coordinates>
            99.1817993,10.4968705,0
          </coordinates>
        </Point>
      </Placemark>
      <Placemark>
        <name>สถานีบมจ.พีโอออยล์ กม. 12 สาขา 10</name>
        <description><![CDATA[ชื่อสถานที่: สถานีบมจ.พีโอออยล์ กม. 12 สาขา 10<br>จังหวัด: นครราชสีมา <br>ที่อยู่: PTT Station ปตท. สถานีบริการ LPG+EV พีโอออยล์ สาขา10 ถ. มิตรภาพ ตำบล หนองงูเหลือม อำเภอเฉลิมพระเกียรติ นครราชสีมา 30310<br>เวลาทำการ: 00.00 น. - 24.00 น.<br>Latitude:: 15.078<br>Longitude:: 102.221<br>Lat: 15.078<br>long: 102.221]]></description>
        <styleUrl>#icon-ci-4-labelson</styleUrl>
        <ExtendedData>
          <Data name="ชื่อสถานที่">
            <value>สถานีบมจ.พีโอออยล์ กม. 12 สาขา 10</value>
          </Data>
          <Data name="จังหวัด">
            <value>นครราชสีมา </value>
          </Data>
          <Data name="ที่อยู่">
            <value>PTT Station ปตท. สถานีบริการ LPG+EV พีโอออยล์ สาขา10 ถ. มิตรภาพ ตำบล หนองงูเหลือม อำเภอเฉลิมพระเกียรติ นครราชสีมา 30310</value>
          </Data>
          <Data name="เวลาทำการ">
            <value>00.00 น. - 24.00 น.</value>
          </Data>
          <Data name="Latitude:">
            <value>15.078402</value>
          </Data>
          <Data name="Longitude:">
            <value>102.221269</value>
          </Data>
          <Data name="Lat">
            <value>15.078402</value>
          </Data>
          <Data name="long">
            <value>102.221269</value>
          </Data>
        </ExtendedData>
        <Point>
          <coordinates>
            102.211323,15.0803155,0
          </coordinates>
        </Point>
      </Placemark>
      <Placemark>
        <name>สถานีบมจ.พีโอออยล์ บายพาส สาขา 22</name>
        <description><![CDATA[ชื่อสถานที่: สถานีบมจ.พีโอออยล์ บายพาส สาขา 22<br>จังหวัด: นครราชสีมา <br>ที่อยู่: บายพาส โคราช+EV Charger ตำบล หนองกระทุ่ม อำเภอเมืองนครราชสีมา นครราชสีมา 30000<br>เวลาทำการ: 00.00 น. - 24.00 น.<br>Latitude:: 15.026<br>Longitude:: 102.078<br>Lat: 15.026<br>long: 102.078]]></description>
        <styleUrl>#icon-ci-4-labelson</styleUrl>
        <ExtendedData>
          <Data name="ชื่อสถานที่">
            <value>สถานีบมจ.พีโอออยล์ บายพาส สาขา 22</value>
          </Data>
          <Data name="จังหวัด">
            <value>นครราชสีมา </value>
          </Data>
          <Data name="ที่อยู่">
            <value>บายพาส โคราช+EV Charger ตำบล หนองกระทุ่ม อำเภอเมืองนครราชสีมา นครราชสีมา 30000</value>
          </Data>
          <Data name="เวลาทำการ">
            <value>00.00 น. - 24.00 น.</value>
          </Data>
          <Data name="Latitude:">
            <value>15.0260334</value>
          </Data>
          <Data name="Longitude:">
            <value>102.0783463</value>
          </Data>
          <Data name="Lat">
            <value>15.0260334</value>
          </Data>
          <Data name="long">
            <value>102.0783463</value>
          </Data>
        </ExtendedData>
        <Point>
          <coordinates>
            102.078372,15.0260207,0
          </coordinates>
        </Point>
      </Placemark>
      <Placemark>
        <name>สถานีชาร์จครัวกล้วยหอม แก่งกระจาน</name>
        <description><![CDATA[ชื่อสถานที่: สถานีชาร์จครัวกล้วยหอม แก่งกระจาน<br>จังหวัด: เพชรบุรี <br>ที่อยู่: 123 ม.2 ตำบล พุสวรรค์ อำเภอแก่งกระจาน เพชรบุรี 76170<br>เวลาทำการ: 00.00 น. - 24.00 น.<br>Latitude:: 13.032<br>Longitude:: 99.723<br>Lat: 13.032<br>long: 99.723]]></description>
        <styleUrl>#icon-ci-4-labelson</styleUrl>
        <ExtendedData>
          <Data name="ชื่อสถานที่">
            <value>สถานีชาร์จครัวกล้วยหอม แก่งกระจาน</value>
          </Data>
          <Data name="จังหวัด">
            <value>เพชรบุรี </value>
          </Data>
          <Data name="ที่อยู่">
            <value>123 ม.2 ตำบล พุสวรรค์ อำเภอแก่งกระจาน เพชรบุรี 76170</value>
          </Data>
          <Data name="เวลาทำการ">
            <value>00.00 น. - 24.00 น.</value>
          </Data>
          <Data name="Latitude:">
            <value>13.03238392</value>
          </Data>
          <Data name="Longitude:">
            <value>99.72323608</value>
          </Data>
          <Data name="Lat">
            <value>13.03238392</value>
          </Data>
          <Data name="long">
            <value>99.72323608</value>
          </Data>
        </ExtendedData>
        <Point>
          <coordinates>
            99.7231977,13.0323771,0
          </coordinates>
        </Point>
      </Placemark>
      <Placemark>
        <name>สถานีธนารักษ์พัฒนาสินทรัพย์ 4</name>
        <description><![CDATA[ชื่อสถานที่: สถานีธนารักษ์พัฒนาสินทรัพย์ 4<br>จังหวัด: กรุงเทพมหานคร <br>ที่อยู่: ศูนย์ประชุมวายุภักษ์ 108 ถนน แจ้งวัฒนะ แขวงทุ่งสองห้อง เขตหลักสี่ กรุงเทพมหานคร 10210<br>เวลาทำการ: 00.00 น. - 24.00 น.<br>Latitude:: 13.879<br>Longitude:: 100.565<br>Lat: 13.879<br>long: 100.565]]></description>
        <styleUrl>#icon-ci-4-labelson</styleUrl>
        <ExtendedData>
          <Data name="ชื่อสถานที่">
            <value>สถานีธนารักษ์พัฒนาสินทรัพย์ 4</value>
          </Data>
          <Data name="จังหวัด">
            <value>กรุงเทพมหานคร </value>
          </Data>
          <Data name="ที่อยู่">
            <value>ศูนย์ประชุมวายุภักษ์ 108 ถนน แจ้งวัฒนะ แขวงทุ่งสองห้อง เขตหลักสี่ กรุงเทพมหานคร 10210</value>
          </Data>
          <Data name="เวลาทำการ">
            <value>00.00 น. - 24.00 น.</value>
          </Data>
          <Data name="Latitude:">
            <value>13.87890911</value>
          </Data>
          <Data name="Longitude:">
            <value>100.5650559</value>
          </Data>
          <Data name="Lat">
            <value>13.87890911</value>
          </Data>
          <Data name="long">
            <value>100.5650559</value>
          </Data>
        </ExtendedData>
        <Point>
          <coordinates>
            100.5662284,13.8820765,0
          </coordinates>
        </Point>
      </Placemark>
      <Placemark>
        <name>สถานีธนารักษ์พัฒนาสินทรัพย์ 2</name>
        <description><![CDATA[ชื่อสถานที่: สถานีธนารักษ์พัฒนาสินทรัพย์ 2<br>จังหวัด: กรุงเทพมหานคร <br>ที่อยู่: 120 หมู่ที่ 3 ถ. แจ้งวัฒนะเขตทุ่งสองห้องเขตหลักสี่ กรุงเทพมหานคร 10210<br>เวลาทำการ: 00.00 น. - 24.00 น.<br>Latitude:: 13.884<br>Longitude:: 100.565<br>Lat: 13.884<br>long: 100.565]]></description>
        <styleUrl>#icon-ci-4-labelson</styleUrl>
        <ExtendedData>
          <Data name="ชื่อสถานที่">
            <value>สถานีธนารักษ์พัฒนาสินทรัพย์ 2</value>
          </Data>
          <Data name="จังหวัด">
            <value>กรุงเทพมหานคร </value>
          </Data>
          <Data name="ที่อยู่">
            <value>120 หมู่ที่ 3 ถ. แจ้งวัฒนะเขตทุ่งสองห้องเขตหลักสี่ กรุงเทพมหานคร 10210</value>
          </Data>
          <Data name="เวลาทำการ">
            <value>00.00 น. - 24.00 น.</value>
          </Data>
          <Data name="Latitude:">
            <value>13.88444805</value>
          </Data>
          <Data name="Longitude:">
            <value>100.5653153</value>
          </Data>
          <Data name="Lat">
            <value>13.88444805</value>
          </Data>
          <Data name="long">
            <value>100.5653153</value>
          </Data>
        </ExtendedData>
        <Point>
          <coordinates>
            100.5651716,13.8788451,0
          </coordinates>
        </Point>
      </Placemark>
      <Placemark>
        <name>สถานีธนารักษ์พัฒนาสินทรัพย์ 1</name>
        <description><![CDATA[ชื่อสถานที่: สถานีธนารักษ์พัฒนาสินทรัพย์ 1<br>จังหวัด: กรุงเทพมหานคร <br>ที่อยู่: อาคารราชบุรีดิเรกฤทธิ์ (อาคาร A) ศูนย์ราชการฯ แจ้งวัฒนะ 120 หมู่ 3 ถ. แจ้งวัฒนะ แขวงทุ่งสองห้อง เขตหลักสี่ กรุงเทพมหานคร 10210<br>เวลาทำการ: 00.00 น. - 24.00 น.<br>Latitude:: 13.888<br>Longitude:: 100.565<br>Lat: 13.888<br>long: 100.565]]></description>
        <styleUrl>#icon-ci-4-labelson</styleUrl>
        <ExtendedData>
          <Data name="ชื่อสถานที่">
            <value>สถานีธนารักษ์พัฒนาสินทรัพย์ 1</value>
          </Data>
          <Data name="จังหวัด">
            <value>กรุงเทพมหานคร </value>
          </Data>
          <Data name="ที่อยู่">
            <value>อาคารราชบุรีดิเรกฤทธิ์ (อาคาร A) ศูนย์ราชการฯ แจ้งวัฒนะ 120 หมู่ 3 ถ. แจ้งวัฒนะ แขวงทุ่งสองห้อง เขตหลักสี่ กรุงเทพมหานคร 10210</value>
          </Data>
          <Data name="เวลาทำการ">
            <value>00.00 น. - 24.00 น.</value>
          </Data>
          <Data name="Latitude:">
            <value>13.88820076</value>
          </Data>
          <Data name="Longitude:">
            <value>100.5651474</value>
          </Data>
          <Data name="Lat">
            <value>13.88820076</value>
          </Data>
          <Data name="long">
            <value>100.5651474</value>
          </Data>
        </ExtendedData>
        <Point>
          <coordinates>
            100.5653218,13.8845892,0
          </coordinates>
        </Point>
      </Placemark>
      <Placemark>
        <name>สถานีชาร์จ เอส ดับเบิลยู เอ็น เค. ค้าส่ง</name>
        <description><![CDATA[ชื่อสถานที่: สถานีชาร์จ เอส ดับเบิลยู เอ็น เค. ค้าส่ง<br>จังหวัด: เชียงราย <br>ที่อยู่: 373/1 ม.9 ต.สถาน อ.เชียงของ จ.เชียงราย 57140<br>เวลาทำการ: 00.00 น. - 24.00 น.<br>Latitude:: 20.172<br>Longitude:: 100.407<br>Lat: 20.172<br>long: 100.407]]></description>
        <styleUrl>#icon-ci-4-labelson</styleUrl>
        <ExtendedData>
          <Data name="ชื่อสถานที่">
            <value>สถานีชาร์จ เอส ดับเบิลยู เอ็น เค. ค้าส่ง</value>
          </Data>
          <Data name="จังหวัด">
            <value>เชียงราย </value>
          </Data>
          <Data name="ที่อยู่">
            <value>373/1 ม.9 ต.สถาน อ.เชียงของ จ.เชียงราย 57140</value>
          </Data>
          <Data name="เวลาทำการ">
            <value>00.00 น. - 24.00 น.</value>
          </Data>
          <Data name="Latitude:">
            <value>20.17232704</value>
          </Data>
          <Data name="Longitude:">
            <value>100.4072113</value>
          </Data>
          <Data name="Lat">
            <value>20.17232704</value>
          </Data>
          <Data name="long">
            <value>100.4072113</value>
          </Data>
        </ExtendedData>
        <Point>
          <coordinates>
            100.4072569,20.1722613,0
          </coordinates>
        </Point>
      </Placemark>
      <Placemark>
        <name>บริษัท ดูลูฟวร์ จำกัด </name>
        <description><![CDATA[ชื่อสถานที่: บริษัท ดูลูฟวร์ จำกัด<br>จังหวัด: นครปฐม <br>ที่อยู่: 6 ตำบล สัมปทวน อำเภอนครชัยศรี นครปฐม 73120<br>เวลาทำการ: 00.00 น. - 24.00 น.<br>Latitude:: 13.839<br>Longitude:: 100.197<br>Lat: 13.839<br>long: 100.197]]></description>
        <styleUrl>#icon-ci-4-labelson</styleUrl>
        <ExtendedData>
          <Data name="ชื่อสถานที่">
            <value>บริษัท ดูลูฟวร์ จำกัด</value>
          </Data>
          <Data name="จังหวัด">
            <value>นครปฐม </value>
          </Data>
          <Data name="ที่อยู่">
            <value>6 ตำบล สัมปทวน อำเภอนครชัยศรี นครปฐม 73120</value>
          </Data>
          <Data name="เวลาทำการ">
            <value>00.00 น. - 24.00 น.</value>
          </Data>
          <Data name="Latitude:">
            <value>13.83850765</value>
          </Data>
          <Data name="Longitude:">
            <value>100.1965485</value>
          </Data>
          <Data name="Lat">
            <value>13.83850765</value>
          </Data>
          <Data name="long">
            <value>100.1965485</value>
          </Data>
        </ExtendedData>
        <Point>
          <coordinates>
            100.1965055,13.8385205,0
          </coordinates>
        </Point>
      </Placemark>
      <Placemark>
        <name>สถานีสหกรณ์การเกษตรลำลูกกา</name>
        <description><![CDATA[ชื่อสถานที่: สถานีสหกรณ์การเกษตรลำลูกกา<br>จังหวัด: ปทุมธานี <br>ที่อยู่: 44 ซอย 3 ตำบล บึงคำพร้อย อำเภอลำลูกกา ปทุมธานี 12150<br>เวลาทำการ: 00.00 น. - 24.00 น.<br>Latitude:: 13.936<br>Longitude:: 100.748<br>Lat: 13.936<br>long: 100.748]]></description>
        <styleUrl>#icon-ci-4-labelson</styleUrl>
        <ExtendedData>
          <Data name="ชื่อสถานที่">
            <value>สถานีสหกรณ์การเกษตรลำลูกกา</value>
          </Data>
          <Data name="จังหวัด">
            <value>ปทุมธานี </value>
          </Data>
          <Data name="ที่อยู่">
            <value>44 ซอย 3 ตำบล บึงคำพร้อย อำเภอลำลูกกา ปทุมธานี 12150</value>
          </Data>
          <Data name="เวลาทำการ">
            <value>00.00 น. - 24.00 น.</value>
          </Data>
          <Data name="Latitude:">
            <value>13.93558407</value>
          </Data>
          <Data name="Longitude:">
            <value>100.7480087</value>
          </Data>
          <Data name="Lat">
            <value>13.93558407</value>
          </Data>
          <Data name="long">
            <value>100.7480087</value>
          </Data>
        </ExtendedData>
        <Point>
          <coordinates>
            100.7480148,13.9356096,0
          </coordinates>
        </Point>
      </Placemark>
      <Placemark>
        <name>สนามกอล์ฟพัทยาคันทรีคลับ</name>
        <description><![CDATA[ชื่อสถานที่: สนามกอล์ฟพัทยาคันทรีคลับ<br>จังหวัด: ชลบุรี <br>ที่อยู่: 55 หมู่ 2 ถนนไฮเวย์ 331 ตำบลเขาไม้เขียว อำเภอบางละมุง จังหวัดชลบุรี 20150<br>เวลาทำการ: 00.00 น. - 24.00 น.<br>Latitude:: 12.922<br>Longitude:: 101.047<br>Lat: 12.922<br>long: 101.047]]></description>
        <styleUrl>#icon-ci-4-labelson</styleUrl>
        <ExtendedData>
          <Data name="ชื่อสถานที่">
            <value>สนามกอล์ฟพัทยาคันทรีคลับ</value>
          </Data>
          <Data name="จังหวัด">
            <value>ชลบุรี </value>
          </Data>
          <Data name="ที่อยู่">
            <value>55 หมู่ 2 ถนนไฮเวย์ 331 ตำบลเขาไม้เขียว อำเภอบางละมุง จังหวัดชลบุรี 20150</value>
          </Data>
          <Data name="เวลาทำการ">
            <value>00.00 น. - 24.00 น.</value>
          </Data>
          <Data name="Latitude:">
            <value>12.92163754</value>
          </Data>
          <Data name="Longitude:">
            <value>101.0468826</value>
          </Data>
          <Data name="Lat">
            <value>12.92163754</value>
          </Data>
          <Data name="long">
            <value>101.0468826</value>
          </Data>
        </ExtendedData>
        <Point>
          <coordinates>
            101.046917,12.9216797,0
          </coordinates>
        </Point>
      </Placemark>
      <Placemark>
        <name>สถานีเอสซีจี เซรามิกส์ นิคมอุตสาหกรรมหนองแค</name>
        <description><![CDATA[ชื่อสถานที่: สถานีเอสซีจี เซรามิกส์ นิคมอุตสาหกรรมหนองแค<br>จังหวัด: สระบุรี <br>ที่อยู่: 61 หมู่ที่ 1 ตำบลโคกแย้ อำเภอหนองแค จังหวัดสระบุรี 18230<br>เวลาทำการ: 00.00 น. - 24.00 น.<br>Latitude:: 14.385<br>Longitude:: 100.893<br>Lat: 14.385<br>long: 100.893]]></description>
        <styleUrl>#icon-ci-4-labelson</styleUrl>
        <ExtendedData>
          <Data name="ชื่อสถานที่">
            <value>สถานีเอสซีจี เซรามิกส์ นิคมอุตสาหกรรมหนองแค</value>
          </Data>
          <Data name="จังหวัด">
            <value>สระบุรี </value>
          </Data>
          <Data name="ที่อยู่">
            <value>61 หมู่ที่ 1 ตำบลโคกแย้ อำเภอหนองแค จังหวัดสระบุรี 18230</value>
          </Data>
          <Data name="เวลาทำการ">
            <value>00.00 น. - 24.00 น.</value>
          </Data>
          <Data name="Latitude:">
            <value>14.38470554</value>
          </Data>
          <Data name="Longitude:">
            <value>100.8929443</value>
          </Data>
          <Data name="Lat">
            <value>14.38470554</value>
          </Data>
          <Data name="long">
            <value>100.8929443</value>
          </Data>
        </ExtendedData>
        <Point>
          <coordinates>
            100.8928451,14.3847045,0
          </coordinates>
        </Point>
      </Placemark>
      <Placemark>
        <name>สถานีชาร์จ หจก.กิมปิโตรเลียม</name>
        <description><![CDATA[ชื่อสถานที่: สถานีชาร์จ หจก.กิมปิโตรเลียม<br>จังหวัด: พิจิตร <br>ที่อยู่: ปั้มน้ำมันเชลล์ 189 ม.5 ตำบลบ้านนา อำเภวชิรบารมี จังหวัดพิจิตร 66140<br>เวลาทำการ: 00.00 น. - 24.00 น.<br>Latitude:: 16.483<br>Longitude:: 100.146<br>Lat: 16.483<br>long: 100.146]]></description>
        <styleUrl>#icon-ci-4-labelson</styleUrl>
        <ExtendedData>
          <Data name="ชื่อสถานที่">
            <value>สถานีชาร์จ หจก.กิมปิโตรเลียม</value>
          </Data>
          <Data name="จังหวัด">
            <value>พิจิตร </value>
          </Data>
          <Data name="ที่อยู่">
            <value>ปั้มน้ำมันเชลล์ 189 ม.5 ตำบลบ้านนา อำเภวชิรบารมี จังหวัดพิจิตร 66140</value>
          </Data>
          <Data name="เวลาทำการ">
            <value>00.00 น. - 24.00 น.</value>
          </Data>
          <Data name="Latitude:">
            <value>16.48258591</value>
          </Data>
          <Data name="Longitude:">
            <value>100.1460037</value>
          </Data>
          <Data name="Lat">
            <value>16.48258591</value>
          </Data>
          <Data name="long">
            <value>100.1460037</value>
          </Data>
        </ExtendedData>
        <Point>
          <coordinates>
            100.1459652,16.482626,0
          </coordinates>
        </Point>
      </Placemark>
      <Placemark>
        <name>สถานี ม.ทักษิณ(พัทลุง)</name>
        <description><![CDATA[ชื่อสถานที่: สถานี ม.ทักษิณ(พัทลุง)<br>จังหวัด: พัทลุง <br>ที่อยู่: 222 หมู่ 2 ตำบลบ้านพร้าว อำเภอป่าพะยอม จังวัดพัทลุง 93210<br>เวลาทำการ: 00.00 น. - 24.00 น.<br>Latitude:: 7.812<br>Longitude:: 99.946<br>Lat: 7.812<br>long: 99.946]]></description>
        <styleUrl>#icon-ci-4-labelson</styleUrl>
        <ExtendedData>
          <Data name="ชื่อสถานที่">
            <value>สถานี ม.ทักษิณ(พัทลุง)</value>
          </Data>
          <Data name="จังหวัด">
            <value>พัทลุง </value>
          </Data>
          <Data name="ที่อยู่">
            <value>222 หมู่ 2 ตำบลบ้านพร้าว อำเภอป่าพะยอม จังวัดพัทลุง 93210</value>
          </Data>
          <Data name="เวลาทำการ">
            <value>00.00 น. - 24.00 น.</value>
          </Data>
          <Data name="Latitude:">
            <value>7.81212759</value>
          </Data>
          <Data name="Longitude:">
            <value>99.94594574</value>
          </Data>
          <Data name="Lat">
            <value>7.81212759</value>
          </Data>
          <Data name="long">
            <value>99.94594574</value>
          </Data>
        </ExtendedData>
        <Point>
          <coordinates>
            99.9458452,7.8122211,0
          </coordinates>
        </Point>
      </Placemark>
      <Placemark>
        <name>สถานี ม.ทักษิณ(สงขลา)</name>
        <description><![CDATA[ชื่อสถานที่: สถานี ม.ทักษิณ(สงขลา)<br>จังหวัด: สงขลา<br>ที่อยู่: สถานี ม.ทักษิณ(สงขลา)<br>เวลาทำการ: 00.00 น. - 24.00 น.<br>Latitude:: 7.162<br>Longitude:: 100.61<br>Lat: 7.162<br>long: 100.61]]></description>
        <styleUrl>#icon-ci-4-labelson</styleUrl>
        <ExtendedData>
          <Data name="ชื่อสถานที่">
            <value>สถานี ม.ทักษิณ(สงขลา)</value>
          </Data>
          <Data name="จังหวัด">
            <value>สงขลา</value>
          </Data>
          <Data name="ที่อยู่">
            <value>สถานี ม.ทักษิณ(สงขลา)</value>
          </Data>
          <Data name="เวลาทำการ">
            <value>00.00 น. - 24.00 น.</value>
          </Data>
          <Data name="Latitude:">
            <value>7.16201878</value>
          </Data>
          <Data name="Longitude:">
            <value>100.6098023</value>
          </Data>
          <Data name="Lat">
            <value>7.16201878</value>
          </Data>
          <Data name="long">
            <value>100.6098023</value>
          </Data>
        </ExtendedData>
        <Point>
          <coordinates>
            100.6097926,7.1620131,0
          </coordinates>
        </Point>
      </Placemark>
      <Placemark>
        <name>สถานีชาร์จ โรงแรม แฮปปี้ อินน์ รีสอร์ท</name>
        <description><![CDATA[ชื่อสถานที่: สถานีชาร์จ โรงแรม แฮปปี้ อินน์ รีสอร์ท<br>จังหวัด: ลพบุรี <br>ที่อยู่: อำเภอเมืองลพบุรี ลพบุรี 15000<br>เวลาทำการ: 00.00 น. - 24.00 น.<br>Latitude:: 14.755<br>Longitude:: 100.608<br>Lat: 14.755<br>long: 100.608]]></description>
        <styleUrl>#icon-ci-4-labelson</styleUrl>
        <ExtendedData>
          <Data name="ชื่อสถานที่">
            <value>สถานีชาร์จ โรงแรม แฮปปี้ อินน์ รีสอร์ท</value>
          </Data>
          <Data name="จังหวัด">
            <value>ลพบุรี </value>
          </Data>
          <Data name="ที่อยู่">
            <value>อำเภอเมืองลพบุรี ลพบุรี 15000</value>
          </Data>
          <Data name="เวลาทำการ">
            <value>00.00 น. - 24.00 น.</value>
          </Data>
          <Data name="Latitude:">
            <value>14.75483704</value>
          </Data>
          <Data name="Longitude:">
            <value>100.6077499</value>
          </Data>
          <Data name="Lat">
            <value>14.75483704</value>
          </Data>
          <Data name="long">
            <value>100.6077499</value>
          </Data>
        </ExtendedData>
        <Point>
          <coordinates>
            100.607611,14.7549864,0
          </coordinates>
        </Point>
      </Placemark>
      <Placemark>
        <name>สถานีบมจ.พีโอออยล์ โคกสูง 2 สาขา 21</name>
        <description><![CDATA[ชื่อสถานที่: สถานีบมจ.พีโอออยล์ โคกสูง 2 สาขา 21<br>จังหวัด: นครราชสีมา<br>ที่อยู่: ตำบล จอหอ อำเภอเมืองนครราชสีมา นครราชสีมา 30310<br>เวลาทำการ: 00.00 น. - 24.00 น.<br>Latitude:: 15.055<br>Longitude:: 102.127<br>Lat: 15.055<br>long: 102.127]]></description>
        <styleUrl>#icon-ci-4-labelson</styleUrl>
        <ExtendedData>
          <Data name="ชื่อสถานที่">
            <value>สถานีบมจ.พีโอออยล์ โคกสูง 2 สาขา 21</value>
          </Data>
          <Data name="จังหวัด">
            <value>นครราชสีมา</value>
          </Data>
          <Data name="ที่อยู่">
            <value>ตำบล จอหอ อำเภอเมืองนครราชสีมา นครราชสีมา 30310</value>
          </Data>
          <Data name="เวลาทำการ">
            <value>00.00 น. - 24.00 น.</value>
          </Data>
          <Data name="Latitude:">
            <value>15.05497742</value>
          </Data>
          <Data name="Longitude:">
            <value>102.127449</value>
          </Data>
          <Data name="Lat">
            <value>15.05497742</value>
          </Data>
          <Data name="long">
            <value>102.127449</value>
          </Data>
        </ExtendedData>
        <Point>
          <coordinates>
            102.1275112,15.0549983,0
          </coordinates>
        </Point>
      </Placemark>
      <Placemark>
        <name>สถานีบจก.พีโอออยล์ สาขา 2 ตลาดแค</name>
        <description><![CDATA[ชื่อสถานที่: สถานีบจก.พีโอออยล์ สาขา 2 ตลาดแค<br>จังหวัด: นครราชสีมา<br>ที่อยู่: ปตท.พี โอ ออยล์ สาขาคง ตำบล ตาจั่น อำเภอคง นครราชสีมา 30260<br>เวลาทำการ: 00.00 น. - 24.00 น.<br>Latitude:: 15.32<br>Longitude:: 102.434<br>Lat: 15.32<br>long: 102.434]]></description>
        <styleUrl>#icon-ci-4-labelson</styleUrl>
        <ExtendedData>
          <Data name="ชื่อสถานที่">
            <value>สถานีบจก.พีโอออยล์ สาขา 2 ตลาดแค</value>
          </Data>
          <Data name="จังหวัด">
            <value>นครราชสีมา</value>
          </Data>
          <Data name="ที่อยู่">
            <value>ปตท.พี โอ ออยล์ สาขาคง ตำบล ตาจั่น อำเภอคง นครราชสีมา 30260</value>
          </Data>
          <Data name="เวลาทำการ">
            <value>00.00 น. - 24.00 น.</value>
          </Data>
          <Data name="Latitude:">
            <value>15.31957817</value>
          </Data>
          <Data name="Longitude:">
            <value>102.4337845</value>
          </Data>
          <Data name="Lat">
            <value>15.31957817</value>
          </Data>
          <Data name="long">
            <value>102.4337845</value>
          </Data>
        </ExtendedData>
        <Point>
          <coordinates>
            102.433339,15.3190604,0
          </coordinates>
        </Point>
      </Placemark>
      <Placemark>
        <name>โรงพยาบาลลำปาง</name>
        <description><![CDATA[ชื่อสถานที่: โรงพยาบาลลำปาง<br>จังหวัด: ลำปาง<br>ที่อยู่: 280 ถนน พหลโยธิน ตำบล หัวเวียง อำเภอเมืองลำปาง ลำปาง 52000<br>เวลาทำการ: 00.00 น. - 24.00 น.<br>Latitude:: 18.287<br>Longitude:: 99.506<br>Lat: 18.287<br>long: 99.506]]></description>
        <styleUrl>#icon-ci-4-labelson</styleUrl>
        <ExtendedData>
          <Data name="ชื่อสถานที่">
            <value>โรงพยาบาลลำปาง</value>
          </Data>
          <Data name="จังหวัด">
            <value>ลำปาง</value>
          </Data>
          <Data name="ที่อยู่">
            <value>280 ถนน พหลโยธิน ตำบล หัวเวียง อำเภอเมืองลำปาง ลำปาง 52000</value>
          </Data>
          <Data name="เวลาทำการ">
            <value>00.00 น. - 24.00 น.</value>
          </Data>
          <Data name="Latitude:">
            <value>18.28740883</value>
          </Data>
          <Data name="Longitude:">
            <value>99.50566101</value>
          </Data>
          <Data name="Lat">
            <value>18.28740883</value>
          </Data>
          <Data name="long">
            <value>99.50566101</value>
          </Data>
        </ExtendedData>
        <Point>
          <coordinates>
            99.5056781,18.2874259,0
          </coordinates>
        </Point>
      </Placemark>
      <Placemark>
        <name>อีโวเอซิส มวกเหล็ก</name>
        <description><![CDATA[ชื่อสถานที่: อีโวเอซิส มวกเหล็ก<br>จังหวัด: สระบุรี <br>ที่อยู่: ตำบลมิตรภาพ อำเภอมวกเหล็ก สระบุรี 18180<br>เวลาทำการ: 00.00 น. - 24.00 น.<br>Latitude:: 14.631<br>Longitude:: 101.171<br>Lat: 14.631<br>long: 101.171]]></description>
        <styleUrl>#icon-ci-4-labelson</styleUrl>
        <ExtendedData>
          <Data name="ชื่อสถานที่">
            <value>อีโวเอซิส มวกเหล็ก</value>
          </Data>
          <Data name="จังหวัด">
            <value>สระบุรี </value>
          </Data>
          <Data name="ที่อยู่">
            <value>ตำบลมิตรภาพ อำเภอมวกเหล็ก สระบุรี 18180</value>
          </Data>
          <Data name="เวลาทำการ">
            <value>00.00 น. - 24.00 น.</value>
          </Data>
          <Data name="Latitude:">
            <value>14.63056564</value>
          </Data>
          <Data name="Longitude:">
            <value>101.1708527</value>
          </Data>
          <Data name="Lat">
            <value>14.63056564</value>
          </Data>
          <Data name="long">
            <value>101.1708527</value>
          </Data>
        </ExtendedData>
        <Point>
          <coordinates>
            101.1711872,14.6300899,0
          </coordinates>
        </Point>
      </Placemark>
      <Placemark>
        <name>สถานีชาร์จ สปีดโก พุนพิน</name>
        <description><![CDATA[ชื่อสถานที่: สถานีชาร์จ สปีดโก พุนพิน<br>จังหวัด: สุราษฎร์ธานี<br>ที่อยู่: ม.3 ตำบลหนองไทร อำเภอพุนพิน สุราษฎร์ธานี 84130<br>เวลาทำการ: 00.00 น. - 24.00 น.<br>Latitude:: 9.104<br>Longitude:: 99.162<br>Lat: 9.104<br>long: 99.162]]></description>
        <styleUrl>#icon-ci-4-labelson</styleUrl>
        <ExtendedData>
          <Data name="ชื่อสถานที่">
            <value>สถานีชาร์จ สปีดโก พุนพิน</value>
          </Data>
          <Data name="จังหวัด">
            <value>สุราษฎร์ธานี</value>
          </Data>
          <Data name="ที่อยู่">
            <value>ม.3 ตำบลหนองไทร อำเภอพุนพิน สุราษฎร์ธานี 84130</value>
          </Data>
          <Data name="เวลาทำการ">
            <value>00.00 น. - 24.00 น.</value>
          </Data>
          <Data name="Latitude:">
            <value>9.10400391</value>
          </Data>
          <Data name="Longitude:">
            <value>99.16229248</value>
          </Data>
          <Data name="Lat">
            <value>9.10400391</value>
          </Data>
          <Data name="long">
            <value>99.16229248</value>
          </Data>
        </ExtendedData>
        <Point>
          <coordinates>
            99.1623181,9.1040433,0
          </coordinates>
        </Point>
      </Placemark>
      <Placemark>
        <name>สถานีชาร์จ อพวช.</name>
        <description><![CDATA[ชื่อสถานที่: สถานีชาร์จ อพวช.<br>จังหวัด: ปทุมธานี <br>ที่อยู่: องค์การพิพิธภัณฑ์วิทยาศาสตร์แห่งชาติ 39 หมู่ 3 ต.คลองห้า อ.คลองหลวง จ.ปทุมธานี 12120<br>เวลาทำการ: 00.00 น. - 24.00 น.<br>Latitude:: 14.048<br>Longitude:: 100.718<br>Lat: 14.048<br>long: 100.718]]></description>
        <styleUrl>#icon-ci-4-labelson</styleUrl>
        <ExtendedData>
          <Data name="ชื่อสถานที่">
            <value>สถานีชาร์จ อพวช.</value>
          </Data>
          <Data name="จังหวัด">
            <value>ปทุมธานี </value>
          </Data>
          <Data name="ที่อยู่">
            <value>องค์การพิพิธภัณฑ์วิทยาศาสตร์แห่งชาติ 39 หมู่ 3 ต.คลองห้า อ.คลองหลวง จ.ปทุมธานี 12120</value>
          </Data>
          <Data name="เวลาทำการ">
            <value>00.00 น. - 24.00 น.</value>
          </Data>
          <Data name="Latitude:">
            <value>14.04809856</value>
          </Data>
          <Data name="Longitude:">
            <value>100.7182541</value>
          </Data>
          <Data name="Lat">
            <value>14.04809856</value>
          </Data>
          <Data name="long">
            <value>100.7182541</value>
          </Data>
        </ExtendedData>
        <Point>
          <coordinates>
            100.7182506,14.0481703,0
          </coordinates>
        </Point>
      </Placemark>
      <Placemark>
        <name>สถานีชาร์จไดนาโวลต์ นครปฐม</name>
        <description><![CDATA[ชื่อสถานที่: สถานีชาร์จไดนาโวลต์ นครปฐม<br>จังหวัด: นครปฐม <br>ที่อยู่: 252/4 ถ.เพชรเกษม ต.พระประโทน อ.เมืองนครปฐม<br>เวลาทำการ: 00.00 น. - 24.00 น.<br>Latitude:: 13.815<br>Longitude:: 100.093<br>Lat: 13.815<br>long: 100.093]]></description>
        <styleUrl>#icon-ci-4-labelson</styleUrl>
        <ExtendedData>
          <Data name="ชื่อสถานที่">
            <value>สถานีชาร์จไดนาโวลต์ นครปฐม</value>
          </Data>
          <Data name="จังหวัด">
            <value>นครปฐม </value>
          </Data>
          <Data name="ที่อยู่">
            <value>252/4 ถ.เพชรเกษม ต.พระประโทน อ.เมืองนครปฐม</value>
          </Data>
          <Data name="เวลาทำการ">
            <value>00.00 น. - 24.00 น.</value>
          </Data>
          <Data name="Latitude:">
            <value>13.81507492</value>
          </Data>
          <Data name="Longitude:">
            <value>100.0926895</value>
          </Data>
          <Data name="Lat">
            <value>13.81507492</value>
          </Data>
          <Data name="long">
            <value>100.0926895</value>
          </Data>
        </ExtendedData>
        <Point>
          <coordinates>
            100.0927543,13.8151667,0
          </coordinates>
        </Point>
      </Placemark>
      <Placemark>
        <name>สถานีชาร์จ ริมน่านพิษณุโลก</name>
        <description><![CDATA[ชื่อสถานที่: สถานีชาร์จ ริมน่านพิษณุโลก<br>จังหวัด: พิษณุโลก<br>ที่อยู่: 238/77 ถนนบรมไตรโลกนารถ ตำบลในเมือง อำเภอเมืองพิษณุโลก จังหวัดพิษณุโลก<br>เวลาทำการ: 00.00 น. - 24.00 น.<br>Latitude:: 16.807<br>Longitude:: 100.256<br>Lat: 16.807<br>long: 100.256]]></description>
        <styleUrl>#icon-ci-4-labelson</styleUrl>
        <ExtendedData>
          <Data name="ชื่อสถานที่">
            <value>สถานีชาร์จ ริมน่านพิษณุโลก</value>
          </Data>
          <Data name="จังหวัด">
            <value>พิษณุโลก</value>
          </Data>
          <Data name="ที่อยู่">
            <value>238/77 ถนนบรมไตรโลกนารถ ตำบลในเมือง อำเภอเมืองพิษณุโลก จังหวัดพิษณุโลก</value>
          </Data>
          <Data name="เวลาทำการ">
            <value>00.00 น. - 24.00 น.</value>
          </Data>
          <Data name="Latitude:">
            <value>16.8074131</value>
          </Data>
          <Data name="Longitude:">
            <value>100.2556076</value>
          </Data>
          <Data name="Lat">
            <value>16.8074131</value>
          </Data>
          <Data name="long">
            <value>100.2556076</value>
          </Data>
        </ExtendedData>
        <Point>
          <coordinates>
            100.2556094,16.8074523,0
          </coordinates>
        </Point>
      </Placemark>
      <Placemark>
        <name>สถานีชาร์จ พิษณุโลกคาร์พาร์ค</name>
        <description><![CDATA[ชื่อสถานที่: สถานีชาร์จ พิษณุโลกคาร์พาร์ค<br>จังหวัด: พิษณุโลก<br>ที่อยู่: 27/9 ถนนไสฤาไท ตำบลในเมือง อำเภอเมืองพิษณุโลก จังหวัดพิษณุโลก<br>เวลาทำการ: 00.00 น. - 24.00 น.<br>Latitude:: 16.814<br>Longitude:: 100.264<br>Lat: 16.814<br>long: 100.264]]></description>
        <styleUrl>#icon-ci-4-labelson</styleUrl>
        <ExtendedData>
          <Data name="ชื่อสถานที่">
            <value>สถานีชาร์จ พิษณุโลกคาร์พาร์ค</value>
          </Data>
          <Data name="จังหวัด">
            <value>พิษณุโลก</value>
          </Data>
          <Data name="ที่อยู่">
            <value>27/9 ถนนไสฤาไท ตำบลในเมือง อำเภอเมืองพิษณุโลก จังหวัดพิษณุโลก</value>
          </Data>
          <Data name="เวลาทำการ">
            <value>00.00 น. - 24.00 น.</value>
          </Data>
          <Data name="Latitude:">
            <value>16.81408501</value>
          </Data>
          <Data name="Longitude:">
            <value>100.2643356</value>
          </Data>
          <Data name="Lat">
            <value>16.81408501</value>
          </Data>
          <Data name="long">
            <value>100.2643356</value>
          </Data>
        </ExtendedData>
        <Point>
          <coordinates>
            100.2643333,16.8141023,0
          </coordinates>
        </Point>
      </Placemark>
      <Placemark>
        <name>สถานีชาร์จโรงพยาบาลโอเวอร์บรุ๊ค</name>
        <description><![CDATA[ชื่อสถานที่: สถานีชาร์จโรงพยาบาลโอเวอร์บรุ๊ค<br>จังหวัด: เชียงราย <br>ที่อยู่: โรงพยาบาลโอเวอร์บรุ๊ค 17 ถนนสิงหไคล ตำบลเวียง อำเภอเมืองเชียงราย เชียงราย 57000<br>เวลาทำการ: 00.00 น. - 24.00 น.<br>Latitude:: 19.912<br>Longitude:: 99.829<br>Lat: 19.912<br>long: 99.829]]></description>
        <styleUrl>#icon-ci-4-labelson</styleUrl>
        <ExtendedData>
          <Data name="ชื่อสถานที่">
            <value>สถานีชาร์จโรงพยาบาลโอเวอร์บรุ๊ค</value>
          </Data>
          <Data name="จังหวัด">
            <value>เชียงราย </value>
          </Data>
          <Data name="ที่อยู่">
            <value>โรงพยาบาลโอเวอร์บรุ๊ค 17 ถนนสิงหไคล ตำบลเวียง อำเภอเมืองเชียงราย เชียงราย 57000</value>
          </Data>
          <Data name="เวลาทำการ">
            <value>00.00 น. - 24.00 น.</value>
          </Data>
          <Data name="Latitude:">
            <value>19.91235352</value>
          </Data>
          <Data name="Longitude:">
            <value>99.82906342</value>
          </Data>
          <Data name="Lat">
            <value>19.91235352</value>
          </Data>
          <Data name="long">
            <value>99.82906342</value>
          </Data>
        </ExtendedData>
        <Point>
          <coordinates>
            99.8289351,19.9124726,0
          </coordinates>
        </Point>
      </Placemark>
      <Placemark>
        <name>สถานีบจก.พีโอออยล์ สาขา 5 โนนสูง</name>
        <description><![CDATA[ชื่อสถานที่: สถานีบจก.พีโอออยล์ สาขา 5 โนนสูง<br>จังหวัด: นครราชสีมา <br>ที่อยู่: ปั้มน้ำมันพีโอออยล์ ตำบล ดอนชมพู อำเภอโนนสูง นครราชสีมา 30160<br>เวลาทำการ: 00.00 น. - 24.00 น.<br>Latitude:: 15.174<br>Longitude:: 102.336<br>Lat: 15.174<br>long: 102.336]]></description>
        <styleUrl>#icon-ci-4-labelson</styleUrl>
        <ExtendedData>
          <Data name="ชื่อสถานที่">
            <value>สถานีบจก.พีโอออยล์ สาขา 5 โนนสูง</value>
          </Data>
          <Data name="จังหวัด">
            <value>นครราชสีมา </value>
          </Data>
          <Data name="ที่อยู่">
            <value>ปั้มน้ำมันพีโอออยล์ ตำบล ดอนชมพู อำเภอโนนสูง นครราชสีมา 30160</value>
          </Data>
          <Data name="เวลาทำการ">
            <value>00.00 น. - 24.00 น.</value>
          </Data>
          <Data name="Latitude:">
            <value>15.1738596</value>
          </Data>
          <Data name="Longitude:">
            <value>102.3358307</value>
          </Data>
          <Data name="Lat">
            <value>15.1738596</value>
          </Data>
          <Data name="long">
            <value>102.3358307</value>
          </Data>
        </ExtendedData>
        <Point>
          <coordinates>
            102.3357713,15.1743397,0
          </coordinates>
        </Point>
      </Placemark>
      <Placemark>
        <name>สถานีบจก.พีโอออยล์ สาขา 6 โคกสูง 1</name>
        <description><![CDATA[ชื่อสถานที่: สถานีบจก.พีโอออยล์ สาขา 6 โคกสูง 1<br>จังหวัด: นครราชสีมา <br>ที่อยู่: ปั๊ม LPG พีโอออยล์ สาขา 6 โคกสูง แอลพีจี น้ำมัน 295 หมู่ 1, ตำบลโคกสูง อำเภอเมือง นครราชสีมา 30310<br>เวลาทำการ: 00.00 น. - 24.00 น.<br>Latitude:: 15.091<br>Longitude:: 102.109<br>Lat: 15.091<br>long: 102.109]]></description>
        <styleUrl>#icon-ci-4-labelson</styleUrl>
        <ExtendedData>
          <Data name="ชื่อสถานที่">
            <value>สถานีบจก.พีโอออยล์ สาขา 6 โคกสูง 1</value>
          </Data>
          <Data name="จังหวัด">
            <value>นครราชสีมา </value>
          </Data>
          <Data name="ที่อยู่">
            <value>ปั๊ม LPG พีโอออยล์ สาขา 6 โคกสูง แอลพีจี น้ำมัน 295 หมู่ 1, ตำบลโคกสูง อำเภอเมือง นครราชสีมา 30310</value>
          </Data>
          <Data name="เวลาทำการ">
            <value>00.00 น. - 24.00 น.</value>
          </Data>
          <Data name="Latitude:">
            <value>15.09145069</value>
          </Data>
          <Data name="Longitude:">
            <value>102.1092758</value>
          </Data>
          <Data name="Lat">
            <value>15.09145069</value>
          </Data>
          <Data name="long">
            <value>102.1092758</value>
          </Data>
        </ExtendedData>
        <Point>
          <coordinates>
            102.1086961,15.0915273,0
          </coordinates>
        </Point>
      </Placemark>
      <Placemark>
        <name>สถานี บจก. พีโอ ออยล์ สาขา 15 บ้านเกาะ</name>
        <description><![CDATA[ชื่อสถานที่: สถานี บจก. พีโอ ออยล์ สาขา 15 บ้านเกาะ<br>จังหวัด: นครราชสีมา <br>ที่อยู่: บ้านเกาะ พีโอออยล์ สาขา15 962 หมู่9 ต.บ้านเกาะ อ.เมืองนครราชสีมา จ.นครราชสีมา 30000<br>เวลาทำการ: 00.00 น. - 24.00 น.<br>Latitude:: 15.008<br>Longitude:: 102.137<br>Lat: 15.008<br>long: 102.137]]></description>
        <styleUrl>#icon-ci-4-labelson</styleUrl>
        <ExtendedData>
          <Data name="ชื่อสถานที่">
            <value>สถานี บจก. พีโอ ออยล์ สาขา 15 บ้านเกาะ</value>
          </Data>
          <Data name="จังหวัด">
            <value>นครราชสีมา </value>
          </Data>
          <Data name="ที่อยู่">
            <value>บ้านเกาะ พีโอออยล์ สาขา15 962 หมู่9 ต.บ้านเกาะ อ.เมืองนครราชสีมา จ.นครราชสีมา 30000</value>
          </Data>
          <Data name="เวลาทำการ">
            <value>00.00 น. - 24.00 น.</value>
          </Data>
          <Data name="Latitude:">
            <value>15.00761509</value>
          </Data>
          <Data name="Longitude:">
            <value>102.1372986</value>
          </Data>
          <Data name="Lat">
            <value>15.00761509</value>
          </Data>
          <Data name="long">
            <value>102.1372986</value>
          </Data>
        </ExtendedData>
        <Point>
          <coordinates>
            102.1374099,15.0073746,0
          </coordinates>
        </Point>
      </Placemark>
      <Placemark>
        <name>สถานีชาร์จ โดมินิค บางแสน</name>
        <description><![CDATA[ชื่อสถานที่: สถานีชาร์จ โดมินิค บางแสน<br>จังหวัด: ชลบุรี<br>ที่อยู่: ชลบุรี 578 5 ถ. สุขุมวิท ตำบลแสนสุข อำเภอเมืองชลบุรี ชลบุรี 20130<br>เวลาทำการ: 00.00 น. - 24.00 น.<br>Latitude:: 13.261<br>Longitude:: 100.933<br>Lat: 13.261<br>long: 100.933]]></description>
        <styleUrl>#icon-ci-4-labelson</styleUrl>
        <ExtendedData>
          <Data name="ชื่อสถานที่">
            <value>สถานีชาร์จ โดมินิค บางแสน</value>
          </Data>
          <Data name="จังหวัด">
            <value>ชลบุรี</value>
          </Data>
          <Data name="ที่อยู่">
            <value>ชลบุรี 578 5 ถ. สุขุมวิท ตำบลแสนสุข อำเภอเมืองชลบุรี ชลบุรี 20130</value>
          </Data>
          <Data name="เวลาทำการ">
            <value>00.00 น. - 24.00 น.</value>
          </Data>
          <Data name="Latitude:">
            <value>13.26145077</value>
          </Data>
          <Data name="Longitude:">
            <value>100.9333038</value>
          </Data>
          <Data name="Lat">
            <value>13.26145077</value>
          </Data>
          <Data name="long">
            <value>100.9333038</value>
          </Data>
        </ExtendedData>
        <Point>
          <coordinates>
            100.9332846,13.2614582,0
          </coordinates>
        </Point>
      </Placemark>
    </Folder>
    <Folder>
      <name>VOLTA HUB</name>
      <Placemark>
        <name>PEA VOLTA HUB ชะอำ</name>
        <description><![CDATA[Location TH:: PEA VOLTA HUB ชะอำ<br>จังหวัด: เพชรบุรี<br>ที่อยู่: ตำบล ชะอำ อำเภอชะอำ เพชรบุรี<br>เวลาทำการ: 00.00 น. - 24.00 น.<br>Latitude:: 12.795<br>Longitude:: 99.971<br>Lat: 12.79484272<br>long: 99.97077179]]></description>
        <styleUrl>#icon-ci-5-labelson</styleUrl>
        <ExtendedData>
          <Data name="Location TH:">
            <value>PEA VOLTA HUB ชะอำ</value>
          </Data>
          <Data name="จังหวัด">
            <value>เพชรบุรี</value>
          </Data>
          <Data name="ที่อยู่">
            <value>ตำบล ชะอำ อำเภอชะอำ เพชรบุรี</value>
          </Data>
          <Data name="เวลาทำการ">
            <value>00.00 น. - 24.00 น.</value>
          </Data>
          <Data name="Latitude:">
            <value>12.79484272</value>
          </Data>
          <Data name="Longitude:">
            <value>99.97077179</value>
          </Data>
          <Data name="Lat">
            <value>12.79484272</value>
          </Data>
          <Data name="long">
            <value>99.97077179</value>
          </Data>
        </ExtendedData>
        <Point>
          <coordinates>
            99.97077179,12.79484272,0
          </coordinates>
        </Point>
      </Placemark>
      <Placemark>
        <name>PEA VOLTA HUB สถานีไฟฟ้าขอนแก่น</name>
        <description><![CDATA[Location TH:: PEA VOLTA HUB สถานีไฟฟ้าขอนแก่น<br>จังหวัด: ขอนแก่น<br>ที่อยู่: 15 ถ.มิตรภาพ ตำบลในเมือง อำเภอเมืองขอนแก่น จังหวัดขอนแก่น 40000<br>เวลาทำการ: 00.00 น. - 24.00 น.<br>Latitude:: 16.438<br>Longitude:: 102.845<br>Lat: 16.43770027<br>long: 102.8450699]]></description>
        <styleUrl>#icon-ci-5-labelson</styleUrl>
        <ExtendedData>
          <Data name="Location TH:">
            <value>PEA VOLTA HUB สถานีไฟฟ้าขอนแก่น</value>
          </Data>
          <Data name="จังหวัด">
            <value>ขอนแก่น</value>
          </Data>
          <Data name="ที่อยู่">
            <value>15 ถ.มิตรภาพ ตำบลในเมือง อำเภอเมืองขอนแก่น จังหวัดขอนแก่น 40000</value>
          </Data>
          <Data name="เวลาทำการ">
            <value>00.00 น. - 24.00 น.</value>
          </Data>
          <Data name="Latitude:">
            <value>16.43770027</value>
          </Data>
          <Data name="Longitude:">
            <value>102.8450699</value>
          </Data>
          <Data name="Lat">
            <value>16.43770027</value>
          </Data>
          <Data name="long">
            <value>102.8450699</value>
          </Data>
        </ExtendedData>
        <Point>
          <coordinates>
            102.8450699,16.43770027,0
          </coordinates>
        </Point>
      </Placemark>
    </Folder>
    <Folder>
      <name>300 kW</name>
      <Placemark>
        <name>PEA VOLTA อู่เชิดชัย เมืองนครราชสีมา</name>
        <description><![CDATA[ชื่อสถานที่: PEA VOLTA อู่เชิดชัย เมืองนครราชสีมา<br>จังหวัด: นครราชสีมา<br>ที่อยู่: 1069 ถนนมิตรภาพ ตำบลในเมือง อำเภอเมืองนครราชสีมา จังหวัดนครราชสีมา 30000<br>เวลาทำการ: 00:00 น. - 23:59 น.<br>Latitude:: 14.962<br>Longitude:: 102.062<br>Lat: 14.961874<br>long: 102.0619125]]></description>
        <styleUrl>#icon-ci-6</styleUrl>
        <ExtendedData>
          <Data name="ชื่อสถานที่">
            <value>PEA VOLTA อู่เชิดชัย เมืองนครราชสีมา</value>
          </Data>
          <Data name="จังหวัด">
            <value>นครราชสีมา</value>
          </Data>
          <Data name="ที่อยู่">
            <value>1069 ถนนมิตรภาพ ตำบลในเมือง อำเภอเมืองนครราชสีมา จังหวัดนครราชสีมา 30000</value>
          </Data>
          <Data name="เวลาทำการ">
            <value>00:00 น. - 23:59 น.</value>
          </Data>
          <Data name="Latitude:">
            <value>14.96187401</value>
          </Data>
          <Data name="Longitude:">
            <value>102.0619125</value>
          </Data>
          <Data name="Lat">
            <value>14.961874</value>
          </Data>
          <Data name="long">
            <value>102.0619125</value>
          </Data>
        </ExtendedData>
        <Point>
          <coordinates>
            102.0619125,14.961874,0
          </coordinates>
        </Point>
      </Placemark>
    </Folder>
    <Folder>
      <name>360 kW</name>
      <Placemark>
        <name/>
        <description><![CDATA[Location TH:: PEA VOLTA 7-Eleven บาลีฮาย<br>ชื่อสถานที่: PEA VOLTA 7-Eleven บาลีฮาย<br>จังหวัด: ชลบุรี<br>ที่อยู่: 27/7 พัทยาใต้ 24 เมืองพัทยา อำเภอบางละมุง ชลบุรี 20150<br>เวลาทำการ: 00:00-24:00 น.<br>Latitude:: 12.925<br>Longitude:: 100.867<br>Lat: 12.925<br>long: 100.867]]></description>
        <ExtendedData>
          <Data name="Location TH:">
            <value>PEA VOLTA 7-Eleven บาลีฮาย</value>
          </Data>
          <Data name="ชื่อสถานที่">
            <value>PEA VOLTA 7-Eleven บาลีฮาย</value>
          </Data>
          <Data name="จังหวัด">
            <value>ชลบุรี</value>
          </Data>
          <Data name="ที่อยู่">
            <value>27/7 พัทยาใต้ 24 เมืองพัทยา อำเภอบางละมุง ชลบุรี 20150</value>
          </Data>
          <Data name="เวลาทำการ">
            <value>00:00-24:00 น.</value>
          </Data>
          <Data name="Latitude:">
            <value>12.92469692</value>
          </Data>
          <Data name="Longitude:">
            <value>100.8674545</value>
          </Data>
          <Data name="Lat">
            <value>12.92469692</value>
          </Data>
          <Data name="long">
            <value>100.8674545</value>
          </Data>
        </ExtendedData>
      </Placemark>
    </Folder>
  </Document>
</kml>
